case_id,image_file,label_file,component_id,voxel_count,spacing_x_mm,spacing_y_mm,spacing_z_mm,lesion_intensity_mean,lesion_intensity_median,lesion_intensity_std,lesion_intensity_p05,lesion_intensity_p25,lesion_intensity_p75,lesion_intensity_p95,lesion_intensity_min,lesion_intensity_max,local_bg_median_1_3mm,local_bg_std_1_3mm,dark_contrast_abs_bg_minus_lesion,dark_contrast_zscore,profile_0.25mm_mean,profile_0.25mm_median,profile_0.25mm_n,profile_0.75mm_mean,profile_0.75mm_median,profile_0.75mm_n,profile_1.25mm_mean,profile_1.25mm_median,profile_1.25mm_n,profile_1.75mm_mean,profile_1.75mm_median,profile_1.75mm_n,profile_2.25mm_mean,profile_2.25mm_median,profile_2.25mm_n,profile_2.75mm_mean,profile_2.75mm_median,profile_2.75mm_n,profile_3.25mm_mean,profile_3.25mm_median,profile_3.25mm_n,profile_3.75mm_mean,profile_3.75mm_median,profile_3.75mm_n,profile_4.25mm_mean,profile_4.25mm_median,profile_4.25mm_n,profile_4.75mm_mean,profile_4.75mm_median,profile_4.75mm_n,boundary_gradient_0_2mm,half_recovery_distance_mm
101850_R3654600_SWAN,101850_R3654600_SWAN_0000.nii.gz,101850_R3654600_SWAN.nii.gz,1,125,0.468800008296966,0.468800008296966,1.00001299381256,15.5520000457763,1.0,24.9304485321044,0.0,0.0,21.0,78.9999999999999,0,126,143.0,42.1054611206054,142.0,3.37248414388005,75.9275360107421,74.0,69,114.246910095214,119.0,81,117.578247070312,120.0,377,140.435485839843,144.0,248,147.003768920898,146.0,531,155.378601074218,155.0,486,165.092788696289,165.0,873,171.823928833007,173.0,744,181.735168457031,187.0,1197,186.3154296875,197.0,1024,42.2,0.25
101850_R3654600_SWAN,101850_R3654600_SWAN_0000.nii.gz,101850_R3654600_SWAN.nii.gz,2,199,0.468800008296966,0.468800008296966,1.00001299381256,124.829147338867,132.0,39.9240608215332,47.9,103.5,159.5,174.0,9,181,215.0,15.6723194122314,83.0,5.29596148577872,194.979995727539,194.5,100,213.232757568359,212.0,116,213.392379760742,214.0,446,218.768722534179,218.0,307,215.641769409179,216.0,589,212.213790893554,213.0,580,210.320083618164,213.0,956,198.73745727539,207.0,857,191.602020263671,207.0,1289,173.272644042968,192.0,1148,14.4999999999999,0.25
10186200_R3539548_SWAN,10186200_R3539548_SWAN_0000.nii.gz,10186200_R3539548_SWAN.nii.gz,1,59,0.468800008296966,0.468798995018005,1.00003325939178,63.6271171569824,61.0,36.9946823120117,14.6,36.5,81.5,137.299999999999,0,147,153.0,49.5913314819335,92.0,1.85516293373804,142.714279174804,142.0,49,169.803283691406,169.0,61,166.053939819335,155.0,241,166.251251220703,148.0,199,170.051635742187,168.0,368,157.207229614257,147.0,415,159.207748413085,152.0,645,157.61848449707,151.0,595,159.261596679687,155.0,841,161.916213989257,168.0,740,0.799999999999977,0.25
10186200_R3539548_SWAN,10186200_R3539548_SWAN_0000.nii.gz,10186200_R3539548_SWAN.nii.gz,2,48,0.468800008296966,0.468798995018005,1.00003325939178,82.1458358764648,85.0,33.7083015441894,23.8,58.5,104.75,132.65,16,136,210.0,29.7618656158447,125.0,4.20000552429925,153.822219848632,152.0,45,184.947372436523,189.0,57,196.7685546875,199.0,229,204.572189331054,210.0,187,208.07583618164,214.0,356,203.872726440429,210.0,385,207.321868896484,210.0,640,207.159683227539,212.0,620,211.579284667968,215.0,927,210.79817199707,213.0,877,36.8,0.25
10186200_R3539548_SWAN,10186200_R3539548_SWAN_0000.nii.gz,10186200_R3539548_SWAN.nii.gz,3,77,0.468800008296966,0.468798995018005,1.00003325939178,75.7792205810546,78.0,41.311180114746,12.8,39.0,109.0,139.2,1,149,223.0,31.068058013916,145.0,4.66717295091478,162.03125,162.5,64,199.899993896484,205.5,80,207.834533691406,212.0,278,211.85105895996,222.0,235,218.090682983398,226.0,397,216.128753662109,227.0,466,218.365280151367,227.0,720,215.327270507812,227.0,715,217.153610229492,228.0,1009,214.980575561523,228.0,978,36.9999999999999,0.25
10186200_R3539548_SWAN,10186200_R3539548_SWAN_0000.nii.gz,10186200_R3539548_SWAN.nii.gz,4,25,0.468800008296966,0.468798995018005,1.00003325939178,54.3199996948242,55.0,25.6214294433593,11.4,37.0,74.0,96.9999999999999,7,104,174.0,28.5748920440673,119.0,4.16449517347192,115.666664123535,116.0,33,150.888885498046,149.0,45,165.168533325195,169.0,178,169.384140014648,178.0,164,164.315979003906,172.5,288,166.890441894531,175.0,356,159.327926635742,170.0,555,161.839935302734,171.0,581,147.786331176757,163.0,805,148.273834228515,165.0,818,41.1999999999999,0.25
10186200_R3539548_SWAN,10186200_R3539548_SWAN_0000.nii.gz,10186200_R3539548_SWAN.nii.gz,5,46,0.468800008296966,0.468798995018005,1.00003325939178,63.6304359436035,54.5,34.0053405761718,17.0,39.25,82.75,125.25,6,135,213.0,25.9450931549072,158.5,6.10905495901144,155.828567504882,156.0,35,191.62791442871,192.0,43,191.091705322265,197.0,229,210.925918579101,213.0,162,217.967025756835,220.0,364,212.834762573242,212.0,351,214.712951660156,215.0,641,210.435150146484,212.5,586,202.798706054687,205.0,924,197.155136108398,206.0,838,35.1999999999999,0.25
10186200_R3539548_SWAN,10186200_R3539548_SWAN_0000.nii.gz,10186200_R3539548_SWAN.nii.gz,6,65,0.468800008296966,0.468798995018005,1.00003325939178,81.9692306518554,73.0,35.3148345947265,24.6,54.0,108.0,137.0,15,158,204.0,34.328758239746,131.0,3.8160424879082,166.320007324218,165.0,50,196.66128540039,199.0,62,186.678024291992,198.5,264,198.800003051757,206.0,205,193.255096435546,204.0,392,196.428573608398,206.0,406,193.82778930664,205.0,691,194.691604614257,206.0,655,186.979675292968,202.0,984,184.739654541015,201.0,918,24.5,0.25
10186200_R3539548_SWAN,10186200_R3539548_SWAN_0000.nii.gz,10186200_R3539548_SWAN.nii.gz,7,121,0.468800008296966,0.468798995018005,1.00003325939178,71.2644653320312,72.0,44.9671630859375,0.0,32.0,108.0,145.0,0,159,189.0,33.4828872680664,117.0,3.49432231047727,148.909088134765,153.0,99,171.487808227539,181.0,123,177.674865722656,184.0,366,180.686340332031,189.0,322,183.199172973632,190.0,487,183.023376464843,190.0,599,186.663528442382,191.0,850,191.313659667968,193.0,864,192.800003051757,194.0,1165,193.941940307617,194.0,1154,22.1999999999999,0.25
10186200_R3539548_SWAN,10186200_R3539548_SWAN_0000.nii.gz,10186200_R3539548_SWAN.nii.gz,8,64,0.468800008296966,0.468798995018005,1.00003325939178,40.046875,36.0,31.844066619873,0.0,9.75,65.25,94.6999999999999,0,109,178.0,35.5137290954589,142.0,3.99845365769141,125.638298034667,128.0,47,148.474578857421,158.0,59,155.611938476562,169.0,268,167.975494384765,178.0,204,175.735366821289,181.0,393,172.592590332031,179.0,405,177.48762512207,181.0,687,180.661590576171,183.0,656,182.285125732421,185.0,975,184.772583007812,187.0,919,32.2,0.25
10186200_R3539548_SWAN,10186200_R3539548_SWAN_0000.nii.gz,10186200_R3539548_SWAN.nii.gz,9,18,0.468800008296966,0.468798995018005,1.00003325939178,80.5555572509765,85.5,42.3349380493164,16.75,47.0,114.5,140.35,4,148,198.0,48.1846199035644,112.5,2.33476989597831,159.666671752929,161.0,21,199.655166625976,203.0,29,186.054550170898,201.0,165,194.779312133789,209.0,145,180.074356079101,196.0,269,174.432342529296,194.0,303,177.094192504882,196.0,499,175.434158325195,196.5,486,173.629837036132,196.5,724,176.428787231445,203.0,674,28.4,0.25
10186200_R3539548_SWAN,10186200_R3539548_SWAN_0000.nii.gz,10186200_R3539548_SWAN.nii.gz,10,64,0.468800008296966,0.468798995018005,1.00003325939178,82.015625,79.0,35.8519058227539,29.0,55.0,114.0,140.0,25,156,212.0,37.7832221984863,133.0,3.52008093172445,169.37254333496,171.0,51,198.031753540039,202.0,63,192.139541625976,205.0,258,199.621887207031,211.0,201,198.586120605468,216.0,389,202.884521484375,214.0,407,197.900588989257,215.0,684,198.807037353515,211.0,653,197.742294311523,210.0,974,197.802185058593,209.0,915,24.6,0.25
10186200_R3539548_SWAN,10186200_R3539548_SWAN_0000.nii.gz,10186200_R3539548_SWAN.nii.gz,11,192,0.468800008296966,0.468798995018005,1.00003325939178,26.3802089691162,5.0,32.6258163452148,0.0,0.0,51.5,88.8999999999999,0,120,199.0,45.2170524597168,194.0,4.29041676639209,125.291259765625,128.0,103,172.886184692382,181.0,123,175.978820800781,195.0,425,187.285720825195,204.5,322,179.472930908203,198.0,554,180.353744506835,198.0,588,174.225189208984,187.0,897,174.457855224609,189.0,878,170.792343139648,182.5,1228,170.35708618164,182.0,1179,48.6999999999999,0.25
10186200_R3539548_SWAN,10186200_R3539548_SWAN_0000.nii.gz,10186200_R3539548_SWAN.nii.gz,12,85,0.468800008296966,0.468798995018005,1.00003325939178,85.6352920532226,85.0,45.5896949768066,15.0,45.0,122.0,153.399999999999,6,162,206.0,37.0064239501953,121.0,3.26970258360674,173.573532104492,176.5,68,202.630950927734,202.0,84,208.839721679687,210.0,287,204.25926208496,207.0,243,200.004928588867,208.0,406,177.595840454101,199.0,480,173.143859863281,201.0,716,165.581848144531,193.5,672,167.177169799804,196.0,920,160.227325439453,187.0,849,19.8999999999999,0.25
10186200_R3539548_SWAN,10186200_R3539548_SWAN_0000.nii.gz,10186200_R3539548_SWAN.nii.gz,13,89,0.468800008296966,0.468798995018005,1.00003325939178,52.9325828552246,56.0,38.9505004882812,0.0,8.0,84.0,110.799999999999,0,119,199.0,22.5443286895751,143.0,6.34305868979479,142.0,148.5,66,174.573165893554,181.5,82,188.052627563476,189.0,304,196.510543823242,200.0,237,197.886047363281,201.0,430,197.451065063476,202.0,470,195.702072143554,203.0,725,196.590408325195,204.0,730,195.403701782226,204.0,1028,197.446533203125,205.0,1010,32.3999999999999,0.25
10186200_R3539548_SWAN,10186200_R3539548_SWAN_0000.nii.gz,10186200_R3539548_SWAN.nii.gz,14,34,0.468800008296966,0.468798995018005,1.00003325939178,78.9117660522461,73.5,22.3163986206054,49.65,60.0,97.25,113.199999999999,41,126,200.0,32.549446105957,126.5,3.88639485870847,136.361114501953,134.5,36,169.416671752929,176.5,48,181.900985717773,187.0,202,187.581008911132,201.0,179,195.483978271484,205.0,312,189.475143432617,197.0,362,193.107208251953,199.0,597,189.30615234375,196.0,601,186.819137573242,194.0,857,181.453369140625,191.0,847,41.9999999999999,0.75
10186200_R3539548_SWAN,10186200_R3539548_SWAN_0000.nii.gz,10186200_R3539548_SWAN.nii.gz,15,67,0.468800008296966,0.468798995018005,1.00003325939178,69.7910461425781,73.0,39.9135398864746,6.6,34.0,96.0,132.1,0,141,210.0,37.0144233703613,137.0,3.70125987454124,160.307693481445,168.0,52,190.28125,202.5,64,183.030181884765,200.0,265,196.441177368164,210.0,204,200.688613891601,212.0,395,203.812942504882,213.0,417,204.523117065429,216.0,692,200.395767211914,215.0,662,195.872467041015,212.0,988,193.187561035156,212.0,917,24.6999999999999,0.25
10186200_R3539548_SWAN,10186200_R3539548_SWAN_0000.nii.gz,10186200_R3539548_SWAN.nii.gz,16,30,0.468800008296966,0.468798995018005,1.00003325939178,85.7666702270507,84.5,28.5256404876709,37.45,65.25,109.75,126.55,36,127,184.0,36.5632209777832,99.5,2.72131385964214,148.294113159179,158.5,34,172.717391967773,187.5,46,175.72395324707,181.5,192,175.170593261718,184.0,170,175.809997558593,186.0,300,171.210388183593,182.0,366,172.362670898437,183.0,568,171.483108520507,182.0,592,172.555831909179,185.0,824,172.771530151367,185.0,836,14.1,0.25
10186200_R3539548_SWAN,10186200_R3539548_SWAN_0000.nii.gz,10186200_R3539548_SWAN.nii.gz,17,45,0.468800008296966,0.468798995018005,1.00003325939178,93.8000030517578,98.0,26.2641277313232,54.4,71.0,115.0,136.399999999999,49,142,201.0,24.4293460845947,103.0,4.21624056752597,160.279067993164,157.0,43,189.854537963867,195.0,55,190.455749511718,197.0,226,197.15054321289,206.5,186,196.92463684082,201.0,345,197.091384887695,200.0,383,197.383041381835,202.0,637,195.414947509765,202.0,629,196.452438354492,204.0,904,194.990921020507,203.0,881,30.0999999999999,0.25
10186200_R3539548_SWAN,10186200_R3539548_SWAN_0000.nii.gz,10186200_R3539548_SWAN.nii.gz,18,38,0.468800008296966,0.468798995018005,1.00003325939178,66.2894744873046,66.0,35.7439079284668,12.25,38.25,98.5,117.449999999999,4,128,197.0,55.2352180480957,131.0,2.37167525773017,150.90625,161.0,32,185.425003051757,204.0,40,173.514282226562,182.5,210,186.227844238281,205.5,158,181.847061157226,198.0,340,169.76724243164,193.5,348,180.780441284179,206.0,583,177.246551513671,202.0,507,187.610168457031,210.0,767,186.297546386718,205.0,652,22.4,0.25
10414774_R3634534_SWAN,10414774_R3634534_SWAN_0000.nii.gz,10414774_R3634534_SWAN.nii.gz,1,161,0.468800008296966,0.468800008296966,1.00001978874206,74.5465850830078,65.0,54.063907623291,0.0,31.0,118.0,164.0,0,184,239.0,30.5300598144531,174.0,5.69930098589676,178.926315307617,183.0,95,217.539123535156,225.0,115,221.015106201171,231.0,397,231.16828918457,237.0,309,231.600769042968,242.0,521,229.31541442871,243.0,558,227.977798461914,244.0,856,227.244674682617,246.0,846,224.774688720703,243.0,1185,227.286712646484,246.0,1144,33.5999999999999,0.25
10414774_R3634534_SWAN,10414774_R3634534_SWAN_0000.nii.gz,10414774_R3634534_SWAN.nii.gz,2,179,0.468800008296966,0.468800008296966,1.00001978874206,78.4301681518554,77.0,34.9332847595214,26.7,52.0,102.5,140.1,0,158,176.0,17.5620079040527,99.0,5.63716862791947,141.168426513671,140.0,95,162.711715698242,163.0,111,166.330932617187,167.0,417,172.583618164062,173.0,293,181.36701965332,181.0,564,175.450912475585,176.0,550,182.912902832031,182.0,930,180.625457763671,181.0,817,180.793319702148,182.0,1258,180.967590332031,181.0,1111,20.6,0.25
10414774_R3634534_SWAN,10414774_R3634534_SWAN_0000.nii.gz,10414774_R3634534_SWAN.nii.gz,3,89,0.468800008296966,0.468800008296966,1.00001978874206,97.2808990478515,95.0,39.4771995544433,37.8,64.0,134.0,158.0,27,165,217.0,13.9049072265625,122.0,8.77388090493288,184.431030273437,187.5,58,208.085708618164,208.0,70,209.243331909179,213.0,300,216.809097290039,216.0,220,222.688079833984,221.0,436,217.622375488281,217.0,429,218.462051391601,219.0,751,217.300735473632,218.0,685,216.107421875,217.0,1052,217.429763793945,218.0,954,18.0999999999999,0.25
10414774_R3634534_SWAN,10414774_R3634534_SWAN_0000.nii.gz,10414774_R3634534_SWAN.nii.gz,4,344,0.468800008296966,0.468800008296966,1.00001978874206,48.2674407958984,33.5,46.8821334838867,0.0,0.0,85.75,133.849999999999,0,157,229.0,26.058385848999,195.5,7.502383345341,156.977142333984,157.0,175,205.811599731445,206.0,207,227.311157226562,231.0,556,233.423477172851,234.0,477,226.533126831054,230.0,634,215.661254882812,224.0,800,215.497680664062,223.0,1081,215.051284790039,222.0,1092,215.840393066406,223.0,1416,212.070114135742,221.0,1412,51.1999999999999,0.25
10414774_R3634534_SWAN,10414774_R3634534_SWAN_0000.nii.gz,10414774_R3634534_SWAN.nii.gz,5,73,0.468800008296966,0.468800008296966,1.00001978874206,91.2739715576171,88.0,33.1254386901855,39.4,68.0,122.0,139.599999999999,24,148,201.0,17.7499198913574,113.0,6.36622591491359,173.384613037109,175.0,52,200.640625,200.5,64,197.270080566406,199.0,274,201.714279174804,200.5,210,203.889999389648,203.0,400,197.530944824218,201.0,420,199.041076660156,199.5,706,196.382171630859,200.0,662,195.706344604492,199.0,1008,195.588943481445,201.0,922,14.9999999999999,0.25
10414774_R3634534_SWAN,10414774_R3634534_SWAN_0000.nii.gz,10414774_R3634534_SWAN.nii.gz,6,54,0.468800008296966,0.468800008296966,1.00001978874206,114.111114501953,113.5,24.9181365966796,70.65,94.5,137.0,150.399999999999,69,160,221.0,16.5870304107666,107.5,6.48096719773432,183.9375,182.5,48,212.699996948242,213.5,60,215.241668701171,216.0,240,218.768035888671,219.0,194,225.836059570312,227.0,366,220.38328552246,219.0,407,222.852127075195,222.0,656,219.057815551757,220.0,640,218.140441894531,221.0,947,216.696533203125,220.0,893,22.3999999999999,0.25
10425126_R3623203_SWAN,10425126_R3623203_SWAN_0000.nii.gz,10425126_R3623203_SWAN.nii.gz,1,205,0.468800008296966,0.468800008296966,1.39999914169311,63.2292671203613,64.0,43.9505424499511,0.0,23.0,103.0,131.0,0,148,209.0,26.4373474121093,145.0,5.48466522528595,162.704345703125,166.0,115,202.525924682617,207.0,135,202.464080810546,207.0,362,211.890411376953,211.0,365,212.673294067382,213.0,352,212.394165039062,208.0,652,209.657485961914,206.0,654,206.35969543457,203.0,670,206.756637573242,202.0,1093,200.6845703125,198.0,1043,27.0,0.25
10849060_R3569815_SWAN,10849060_R3569815_SWAN_0000.nii.gz,10849060_R3569815_SWAN.nii.gz,1,119,0.46880105137825,0.468800067901611,1.00000023841857,73.1764678955078,86.0,43.0092124938964,0.0,35.0,106.0,132.2,0,142,204.0,24.3997211456298,118.0,4.83612084317342,164.090911865234,164.0,77,197.838714599609,200.0,93,203.330413818359,203.0,342,203.843505859375,204.0,262,202.587738037109,203.0,473,203.896545410156,208.0,493,201.138442993164,203.0,809,205.246704101562,208.0,758,200.271423339843,205.0,1120,205.138320922851,207.0,1041,24.6,0.25
10849060_R3569815_SWAN,10849060_R3569815_SWAN_0000.nii.gz,10849060_R3569815_SWAN.nii.gz,2,254,0.46880105137825,0.468800067901611,1.00000023841857,50.1496047973632,41.0,45.6631088256835,0.0,0.0,94.75,123.0,0,137,215.0,15.7630271911621,174.0,11.0384888568584,149.431823730468,148.5,132,189.397430419921,189.0,156,210.631683349609,212.0,486,218.371047973632,217.5,380,217.580703735351,218.0,601,212.480178833007,213.0,656,212.536682128906,214.0,954,214.381652832031,216.0,959,216.017623901367,217.0,1305,215.832946777343,218.0,1275,46.0,0.25
10849060_R3569815_SWAN,10849060_R3569815_SWAN_0000.nii.gz,10849060_R3569815_SWAN.nii.gz,3,78,0.46880105137825,0.468800067901611,1.00000023841857,101.935897827148,115.5,46.9075317382812,21.2,67.75,139.75,163.099999999999,3,190,214.0,13.836199760437,98.5,7.11900678693937,183.589035034179,187.0,73,208.860214233398,211.0,93,214.619857788085,214.0,292,216.420852661132,214.0,259,215.441467285156,214.5,410,213.324005126953,212.0,500,212.112014770507,212.0,732,210.324966430664,211.0,757,207.12059020996,209.0,1020,202.559417724609,208.0,1035,16.8,0.25
10849060_R3569815_SWAN,10849060_R3569815_SWAN_0000.nii.gz,10849060_R3569815_SWAN.nii.gz,4,240,0.46880105137825,0.468800067901611,1.00000023841857,41.9874992370605,37.5,38.2727584838867,0.0,0.0,74.0,107.049999999999,0,132,220.0,32.9295768737793,182.5,5.54213012513132,127.871795654296,126.0,117,165.62043762207,169.0,137,190.859466552734,195.0,491,212.972457885742,220.0,363,220.115890502929,227.0,604,219.304626464843,227.0,627,218.182846069335,226.0,979,215.328292846679,224.0,926,214.866470336914,224.0,1318,213.679443359375,224.0,1226,61.5999999999999,0.75
10849060_R3569815_SWAN,10849060_R3569815_SWAN_0000.nii.gz,10849060_R3569815_SWAN.nii.gz,5,80,0.46880105137825,0.468800067901611,1.00000023841857,83.5374984741211,91.0,44.7132377624511,5.95,46.5,116.0,150.1,0,164,224.0,33.4119720458984,133.0,3.98060910075275,179.741928100585,178.5,62,212.358978271484,212.0,78,218.30207824707,226.0,288,210.409835815429,224.0,244,216.343276977539,228.0,402,205.439132690429,218.0,460,210.582061767578,221.0,725,206.287521362304,217.0,713,207.063598632812,216.0,1022,201.578567504882,213.5,980,30.0999999999999,0.25
10933112_R3596179_SWAN,10933112_R3596179_SWAN_0000.nii.gz,10933112_R3596179_SWAN.nii.gz,1,220,0.468800008296966,0.468800008296966,0.99999988079071,63.7681808471679,63.5,50.2240943908691,0.0,14.0,107.0,144.049999999999,0,164,237.0,25.5729923248291,173.5,6.78450131279892,170.918518066406,172.0,135,216.410522460937,218.0,190,234.83137512207,239.0,427,232.048080444335,238.0,416,230.961105346679,236.0,540,228.947372436523,236.0,684,231.138565063476,237.0,931,230.581710815429,236.0,973,231.61067199707,237.0,1274,230.18260192871,236.0,1287,43.7999999999999,0.25
11001769_R3513714_SWAN,11001769_R3513714_SWAN_0000.nii.gz,11001769_R3513714_SWAN.nii.gz,1,75,0.468801468610763,0.468801409006118,1.00002491474151,74.5999984741211,79.0,44.2697792053222,0.7,35.0,108.0,136.899999999999,0,150,191.0,27.6130123138427,112.0,4.0560587424159,154.387100219726,161.0,62,176.28205871582,189.0,78,181.877700805664,190.5,278,185.105926513671,191.5,236,186.02261352539,192.0,398,184.588241577148,192.0,459,178.715499877929,185.0,710,173.992919921875,183.0,706,167.775695800781,179.0,1012,163.309280395507,174.0,970,18.5999999999999,0.25
11001769_R3513714_SWAN,11001769_R3513714_SWAN_0000.nii.gz,11001769_R3513714_SWAN.nii.gz,2,78,0.468801468610763,0.468801409006118,1.00002491474151,104.294868469238,114.0,50.3182487487793,13.25,68.0,147.75,170.749999999999,0,177,199.0,34.3814086914062,85.0,2.47226635659189,178.388061523437,186.0,67,192.421691894531,200.0,83,179.957901000976,192.0,285,186.15151977539,199.0,231,189.912322998046,203.0,422,189.572692871093,200.0,454,190.326034545898,201.5,730,192.404220581054,202.0,710,186.032012939453,196.0,1031,191.944381713867,203.0,989,6.2,0.25
11001769_R3513714_SWAN,11001769_R3513714_SWAN_0000.nii.gz,11001769_R3513714_SWAN.nii.gz,3,43,0.468801468610763,0.468801409006118,1.00002491474151,85.7441864013671,89.0,45.2281532287597,20.0,49.5,123.0,151.399999999999,0,163,170.0,29.6600341796875,81.0,2.73094762835682,155.33332824707,163.0,39,172.098037719726,182.0,51,163.440521240234,170.0,227,168.769226074218,176.0,195,164.038467407226,167.0,338,162.827682495117,168.0,383,159.225006103515,163.5,640,152.866561889648,160.0,622,153.86180114746,160.0,919,154.318756103515,158.0,869,5.39999999999999,0.25
11001769_R3513714_SWAN,11001769_R3513714_SWAN_0000.nii.gz,11001769_R3513714_SWAN.nii.gz,4,127,0.468801468610763,0.468801409006118,1.00002491474151,59.1889762878418,62.0,46.8322067260742,0.0,8.5,99.0,132.7,0,147,209.0,38.357421875,147.0,3.83237435714649,156.827590942382,158.0,87,184.196258544921,190.0,107,193.5029296875,203.5,342,194.125427246093,207.0,295,199.535400390625,208.5,452,202.050369262695,213.0,536,202.437179565429,212.0,796,204.0,216.0,795,204.341506958007,214.0,1101,205.086517333984,216.0,1075,32.1,0.25
11001769_R3513714_SWAN,11001769_R3513714_SWAN_0000.nii.gz,11001769_R3513714_SWAN.nii.gz,5,32,0.468801468610763,0.468801409006118,1.00002491474151,121.875,123.0,43.754108428955,45.6,90.25,149.0,196.6,37,206,187.0,37.2610130310058,64.0,1.71761298992982,176.166671752929,186.0,36,204.875,217.0,48,175.108810424804,181.0,193,194.267044067382,193.5,176,173.285247802734,182.0,305,181.383148193359,184.5,368,169.049911499023,176.0,581,166.86912536621,172.5,596,155.380889892578,164.0,848,153.237121582031,160.0,835,-2.70000000000001,0.25
11001769_R3513714_SWAN,11001769_R3513714_SWAN_0000.nii.gz,11001769_R3513714_SWAN.nii.gz,6,103,0.468801468610763,0.468801409006118,1.00002491474151,35.5048561096191,27.0,31.4919853210449,0.0,10.0,59.5,91.7999999999999,0,108,196.0,32.0720634460449,169.0,5.26938343971257,128.686569213867,130.0,67,166.807235717773,176.0,83,176.462493896484,182.0,320,190.300811767578,195.5,246,197.197341918945,203.0,451,185.452835083007,199.0,477,186.171508789062,201.0,758,176.14614868164,194.0,739,175.639617919921,193.0,1060,167.811157226562,186.0,1022,40.4999999999999,0.25
11001769_R3513714_SWAN,11001769_R3513714_SWAN_0000.nii.gz,11001769_R3513714_SWAN.nii.gz,7,160,0.468801468610763,0.468801409006118,1.00002491474151,43.4375,40.0,39.4709854125976,0.0,0.0,77.0,109.249999999999,0,134,215.0,27.1239948272705,175.0,6.45185198988663,142.527465820312,142.0,91,179.981979370117,182.0,111,200.575057983398,206.0,393,207.916122436523,215.0,310,217.185913085937,219.0,511,209.263061523437,214.0,555,211.307418823242,215.0,862,208.493499755859,210.0,847,204.205459594726,206.0,1173,203.242553710937,205.0,1142,48.5999999999999,0.25
11001769_R3513714_SWAN,11001769_R3513714_SWAN_0000.nii.gz,11001769_R3513714_SWAN.nii.gz,8,65,0.468801468610763,0.468801409006118,1.00002491474151,68.1076889038086,76.0,49.890380859375,0.0,15.0,106.0,138.8,0,157,208.0,36.9704856872558,132.0,3.57041563144792,168.979995727539,174.0,50,193.596771240234,203.5,62,181.011322021484,192.0,265,192.807876586914,205.0,203,196.04833984375,207.0,393,199.111114501953,213.0,405,204.318374633789,214.0,691,204.431198120117,214.0,654,205.33299255371,215.0,985,202.74836730957,212.0,918,16.3,0.25
11108876_R3680396_SWAN,11108876_R3680396_SWAN_0000.nii.gz,11108876_R3680396_SWAN.nii.gz,1,125,0.468799650669097,0.468801110982894,1.40000438690185,110.83999633789,123.0,41.5948829650878,48.0,68.0,144.0,166.8,29,181,250.0,19.6726703643798,127.0,6.45565638256976,199.303802490234,199.0,79,233.957901000976,232.0,95,244.751968383789,248.0,254,245.755172729492,253.0,290,239.218307495117,245.0,284,239.229537963867,252.0,501,232.908584594726,243.0,536,228.480209350585,243.0,581,230.46092224121,244.0,883,226.286193847656,239.0,891,35.5999999999999,0.25
11108876_R3680396_SWAN,11108876_R3680396_SWAN_0000.nii.gz,11108876_R3680396_SWAN.nii.gz,2,119,0.468799650669097,0.468801110982894,1.40000438690185,36.5882339477539,36.0,31.1802597045898,0.0,0.0,65.0,82.0,0,90,154.0,32.6870307922363,118.0,3.60999445774153,105.291137695312,103.0,79,136.93684387207,138.0,95,146.752944946289,145.0,255,156.446044921875,153.0,278,159.277191162109,158.0,285,159.960556030273,158.0,507,161.103134155273,160.0,543,161.346435546875,159.0,560,162.034683227539,160.0,894,161.799087524414,159.0,881,31.3999999999999,0.25
11108876_R3680396_SWAN,11108876_R3680396_SWAN_0000.nii.gz,11108876_R3680396_SWAN.nii.gz,3,236,0.468799650669097,0.468801110982894,1.40000438690185,60.6483039855957,60.0,35.8124694824218,0.0,32.0,87.0,117.0,0,146,209.0,31.035789489746,149.0,4.80090896509103,141.906784057617,144.0,118,179.275360107421,181.0,138,189.222518920898,198.0,382,200.711639404296,207.0,378,204.916671752929,211.0,372,209.824310302734,215.0,683,205.986541748046,210.0,669,201.447631835937,208.0,697,202.582962036132,208.0,1127,196.717895507812,204.0,1067,41.2,0.25
11135106_R3579962_SWAN,11135106_R3579962_SWAN_0000.nii.gz,11135106_R3579962_SWAN.nii.gz,1,142,0.468802332878112,0.468801766633987,1.00003969669342,48.4154930114746,42.0,39.5912628173828,0.0,14.5,79.25,122.899999999999,0,147,232.0,55.2921905517578,190.0,3.43628997339407,143.666671752929,141.0,93,193.137619018554,210.0,109,195.789886474609,206.0,376,203.942443847656,237.0,278,204.935485839843,233.0,527,199.930450439453,235.0,532,202.629074096679,232.0,860,196.279800415039,229.0,797,196.909469604492,228.0,1193,190.954757690429,219.0,1083,56.8,0.25
11335159_R3522036_SWAN,11335159_R3522036_SWAN_0000.nii.gz,11335159_R3522036_SWAN.nii.gz,1,142,0.468800008296966,0.468800157308578,1.00002825260162,35.4366188049316,36.0,32.031997680664,0.0,0.0,63.75,88.8499999999999,0,114,168.0,33.6472778320312,132.0,3.92305138795922,119.114944458007,120.0,87,150.672897338867,155.0,107,156.790634155273,165.0,363,158.780731201171,170.0,301,160.416671752929,172.0,480,154.333938598632,165.0,551,153.012283325195,165.0,814,148.163970947265,156.0,805,146.373474121093,157.0,1063,143.677062988281,149.5,994,31.9999999999999,0.25
11335159_R3522036_SWAN,11335159_R3522036_SWAN_0000.nii.gz,11335159_R3522036_SWAN.nii.gz,2,173,0.468800008296966,0.468800157308578,1.00002825260162,30.7630062103271,28.0,29.4892234802246,0.0,0.0,60.0,78.0,0,101,139.0,29.5207786560058,111.0,3.76006342154588,102.274513244628,99.5,102,128.565567016601,130.0,122,140.962493896484,139.0,400,138.309814453125,129.0,326,148.034683227539,152.0,519,135.021163940429,129.0,567,140.088073730468,140.0,897,134.700942993164,127.0,846,138.553817749023,138.0,1217,134.950393676757,131.0,1129,19.5,0.25
11335159_R3522036_SWAN,11335159_R3522036_SWAN_0000.nii.gz,11335159_R3522036_SWAN.nii.gz,3,148,0.468800008296966,0.468800157308578,1.00002825260162,30.5743236541748,25.0,28.6818714141845,0.0,0.0,52.75,77.65,0,98,131.0,29.1340599060058,106.0,3.6383531969792,105.255813598632,108.0,86,129.53921508789,133.0,102,117.541450500488,124.5,386,126.733093261718,134.0,281,126.688682556152,131.0,530,121.176033020019,134.0,534,123.923774719238,137.0,879,114.475952148437,128.0,790,117.115127563476,128.0,1190,109.652793884277,120.0,1057,13.9,0.25
11335159_R3522036_SWAN,11335159_R3522036_SWAN_0000.nii.gz,11335159_R3522036_SWAN.nii.gz,4,49,0.468800008296966,0.468800157308578,1.00002825260162,61.8367347717285,66.0,33.8299140930175,0.0,40.0,90.0,113.199999999999,0,118,151.0,28.4688472747802,85.0,2.98571976517289,137.222229003906,138.0,45,159.649124145507,165.0,57,149.926086425781,148.5,230,153.112899780273,152.0,186,150.93276977539,150.0,357,150.463546752929,152.5,384,152.884368896484,159.5,640,153.808685302734,160.0,622,154.84324645996,163.0,925,156.632949829101,165.0,880,5.09999999999996,0.25
11335159_R3522036_SWAN,11335159_R3522036_SWAN_0000.nii.gz,11335159_R3522036_SWAN.nii.gz,5,143,0.468800008296966,0.468800157308578,1.00002825260162,20.4685306549072,13.0,22.5651512145996,0.0,0.0,38.0,64.9,0,71,132.0,22.0584678649902,119.0,5.39475364872775,81.5052642822265,84.0,95,109.686958312988,111.0,115,118.821624755859,123.0,370,125.908798217773,128.0,307,133.89697265625,138.0,495,131.08657836914,135.0,566,138.06770324707,140.0,842,134.046813964843,138.0,833,136.008575439453,138.0,1167,130.736557006835,136.0,1116,28.7999999999999,0.25
11335159_R3522036_SWAN,11335159_R3522036_SWAN_0000.nii.gz,11335159_R3522036_SWAN.nii.gz,6,69,0.468800008296966,0.468800157308578,1.00002825260162,48.652172088623,57.0,32.2467041015625,0.0,12.0,75.0,90.1999999999999,0,101,161.0,28.2403125762939,104.0,3.68267878477031,119.233329772949,117.5,60,146.263153076171,144.5,76,149.274124145507,152.0,259,152.310348510742,158.5,232,158.147369384765,166.0,380,155.645370483398,164.0,454,154.222869873046,168.0,691,150.135345458984,167.0,665,155.107070922851,168.0,906,151.245819091796,167.0,838,26.0999999999999,0.25
11335159_R3522036_SWAN,11335159_R3522036_SWAN_0000.nii.gz,11335159_R3522036_SWAN.nii.gz,7,267,0.468800008296966,0.468800157308578,1.00002825260162,38.8314590454101,31.0,38.5781669616699,0.0,0.0,68.0,107.399999999999,0,143,194.0,42.0417594909668,163.0,3.87709748529964,128.248123168945,130.0,133,163.031845092773,172.0,157,178.703338623046,190.0,509,183.521850585937,198.0,389,183.539321899414,196.0,623,178.663635253906,192.0,660,176.898986816406,187.0,980,172.193130493164,185.0,989,172.97654724121,185.0,1322,169.04946899414,180.0,1314,44.3999999999999,0.25
11335159_R3522036_SWAN,11335159_R3522036_SWAN_0000.nii.gz,11335159_R3522036_SWAN.nii.gz,8,42,0.468800008296966,0.468800157308578,1.00002825260162,67.2619018554687,68.5,29.5361442565917,20.05,42.5,94.0,106.949999999999,11,111,153.0,22.4931526184082,84.5,3.75669882446117,123.414634704589,124.0,41,145.943389892578,150.0,53,141.473220825195,150.0,224,148.25926208496,153.0,189,149.038345336914,155.0,339,150.15525817871,153.0,380,152.216217041015,156.0,629,151.395462036132,156.0,617,152.040618896484,154.0,911,151.804153442382,155.0,868,17.3999999999999,0.25
11335159_R3522036_SWAN,11335159_R3522036_SWAN_0000.nii.gz,11335159_R3522036_SWAN.nii.gz,9,48,0.468800008296966,0.468800157308578,1.00002825260162,50.6041679382324,46.0,31.0575675964355,4.9,27.75,62.5,107.3,0,114,137.0,33.3848915100097,91.0,2.72578390655292,118.347824096679,115.5,46,146.086212158203,147.5,58,137.173156738281,136.0,231,137.829788208007,138.0,188,134.055862426757,139.0,358,130.449356079101,135.0,385,136.713562011718,143.0,590,139.82600402832,150.0,546,140.807647705078,147.0,785,145.431594848632,156.0,709,11.2,0.25
11335159_R3522036_SWAN,11335159_R3522036_SWAN_0000.nii.gz,11335159_R3522036_SWAN.nii.gz,10,183,0.468800008296966,0.468800157308578,1.00002825260162,27.2622947692871,19.0,26.3442325592041,0.0,0.0,48.5,73.0,0,90,149.0,21.315725326538,130.0,6.09878378560967,105.095741271972,106.0,94,134.981811523437,137.0,110,138.947494506835,145.0,400,147.818176269531,151.0,297,146.79817199707,150.0,545,144.047790527343,147.0,544,143.255508422851,148.0,908,143.68472290039,149.0,812,142.85888671875,150.0,1226,143.555145263671,151.0,1079,28.5999999999999,0.25
11335159_R3522036_SWAN,11335159_R3522036_SWAN_0000.nii.gz,11335159_R3522036_SWAN.nii.gz,11,46,0.468800008296966,0.468800157308578,1.00002825260162,35.5217399597168,36.0,21.1153545379638,0.0,15.25,54.75,66.5,0,69,130.5,18.8434410095214,94.5,5.01500760674495,88.4047622680664,82.5,42,114.796295166015,120.0,54,116.827270507812,120.0,220,126.041236877441,129.0,194,127.210060119628,132.0,338,129.497421264648,134.0,388,131.901901245117,136.0,632,132.285263061523,136.0,624,130.730087280273,136.0,904,128.681289672851,137.0,866,27.8999999999999,0.75
11335159_R3522036_SWAN,11335159_R3522036_SWAN_0000.nii.gz,11335159_R3522036_SWAN.nii.gz,12,145,0.468800008296966,0.468800157308578,1.00002825260162,49.5379295349121,45.0,39.6272315979003,0.0,12.0,84.0,118.799999999999,0,135,185.0,39.5499153137207,140.0,3.53983058849764,133.229171752929,137.0,96,163.25862121582,169.5,116,174.565689086914,184.0,373,173.390167236328,189.0,305,171.415481567382,187.0,491,166.36116027832,181.0,551,165.227432250976,177.0,831,167.399032592773,178.0,822,168.37954711914,176.0,1154,172.489196777343,181.0,1110,34.0999999999999,0.25
11335159_R3522036_SWAN,11335159_R3522036_SWAN_0000.nii.gz,11335159_R3522036_SWAN.nii.gz,13,49,0.468800008296966,0.468800157308578,1.00002825260162,99.9183654785156,101.0,35.572769165039,38.8,79.0,123.0,159.799999999999,22,166,225.0,22.6888065338134,124.0,5.46525000401413,168.156860351562,172.0,51,200.14924621582,210.0,67,210.385971069335,217.5,228,218.766357421875,225.0,214,220.294647216796,225.5,336,221.140884399414,227.0,433,220.480377197265,227.0,637,218.119766235351,226.0,668,210.72444152832,222.0,900,206.870223999023,219.0,917,33.3,0.25
11335159_R3522036_SWAN,11335159_R3522036_SWAN_0000.nii.gz,11335159_R3522036_SWAN.nii.gz,14,123,0.468800008296966,0.468800157308578,1.00002825260162,51.0325202941894,50.0,37.0220603942871,0.0,18.0,83.5,109.899999999999,0,127,185.0,18.2812519073486,135.0,7.38461461415195,142.787506103515,143.5,80,173.541671752929,173.0,96,173.62678527832,181.0,351,183.777770996093,184.0,261,185.450302124023,187.0,493,184.496963500976,186.0,493,186.027709960937,187.0,830,183.332901000976,187.0,763,184.480834960937,187.0,1148,182.103713989257,186.0,1051,25.8999999999999,0.25
11335159_R3522036_SWAN,11335159_R3522036_SWAN_0000.nii.gz,11335159_R3522036_SWAN.nii.gz,15,57,0.468800008296966,0.468800157308578,1.00002825260162,71.7192993164062,64.0,39.2847251892089,16.0,43.0,91.0,139.399999999999,0,161,208.0,53.2059364318847,144.0,2.70646491081594,163.104171752929,169.5,48,196.483337402343,209.0,60,186.190475463867,209.0,252,190.686492919921,211.0,185,189.519180297851,212.0,339,183.537994384765,204.0,329,180.220581054687,203.0,544,173.83772277832,195.0,493,170.768585205078,190.0,713,169.103393554687,185.0,648,24.9,0.25
11335159_R3522036_SWAN,11335159_R3522036_SWAN_0000.nii.gz,11335159_R3522036_SWAN.nii.gz,16,87,0.468800008296966,0.468800157308578,1.00002825260162,55.9885063171386,54.0,37.3376922607421,0.0,30.0,85.0,118.2,0,125,160.0,29.2653675079345,106.0,3.62202866481211,127.160003662109,131.0,75,152.894729614257,158.0,95,150.965759277343,165.0,292,150.852401733398,164.0,271,144.431076049804,156.0,399,146.119369506835,157.0,511,142.75340270996,149.5,734,146.903823852539,155.0,759,149.152282714843,155.0,1031,153.337249755859,160.0,1020,21.2,0.25
11335159_R3522036_SWAN,11335159_R3522036_SWAN_0000.nii.gz,11335159_R3522036_SWAN.nii.gz,17,298,0.468800008296966,0.468800157308578,1.00002825260162,18.6208057403564,12.0,20.2501258850097,0.0,0.0,36.0,56.1499999999999,0,66,126.0,22.6547946929931,114.0,5.03204736767085,77.6447372436523,77.0,152,104.12222290039,104.0,180,117.130668640136,117.0,551,124.235427856445,127.0,429,125.522659301757,129.0,662,123.734893798828,130.0,728,125.613151550292,129.0,1034,125.402648925781,129.0,1058,126.729515075683,129.0,1379,125.604751586914,129.0,1389,32.5999999999999,0.25
11335159_R3522036_SWAN,11335159_R3522036_SWAN_0000.nii.gz,11335159_R3522036_SWAN.nii.gz,18,76,0.468800008296966,0.468800157308578,1.00002825260162,43.5131568908691,45.0,34.4786338806152,0.0,6.5,68.25,100.75,0,116,167.0,42.5020713806152,122.0,2.87044833432854,122.046875,129.5,64,148.949996948242,153.0,80,151.2158203125,155.0,278,145.456146240234,163.0,228,154.735443115234,169.0,378,150.640426635742,168.0,381,155.21548461914,168.5,594,154.68081665039,168.0,542,151.772903442382,165.0,775,154.610321044921,167.0,698,20.4999999999999,0.25
11335159_R3522036_SWAN,11335159_R3522036_SWAN_0000.nii.gz,11335159_R3522036_SWAN.nii.gz,19,70,0.468800008296966,0.468800157308578,1.00002825260162,80.3142852783203,93.0,51.8678359985351,0.0,22.5,122.5,149.1,0,162,231.0,48.1731414794921,138.0,2.86466681976196,192.884613037109,196.0,52,227.546875,230.5,64,211.763351440429,229.5,262,221.106796264648,239.0,206,204.583755493164,228.0,394,211.432373046875,232.0,414,205.438919067382,228.0,663,215.42529296875,231.0,609,205.525588989257,225.0,860,210.95849609375,226.0,795,25.5999999999999,0.25
11335159_R3522036_SWAN,11335159_R3522036_SWAN_0000.nii.gz,11335159_R3522036_SWAN.nii.gz,20,53,0.468800008296966,0.468800157308578,1.00002825260162,105.584907531738,109.0,40.0657157897949,39.0,74.0,138.0,168.4,24,175,226.0,43.8705215454101,117.0,2.66693888922414,191.511108398437,190.0,45,219.666671752929,224.0,57,212.71548461914,224.0,239,216.413269042968,229.0,196,211.655548095703,227.0,360,212.535720825195,227.0,392,215.006072998046,224.0,659,219.302215576171,227.0,632,207.7978515625,224.0,930,215.112808227539,226.0,851,23.4,0.25
11335159_R3522036_SWAN,11335159_R3522036_SWAN_0000.nii.gz,11335159_R3522036_SWAN.nii.gz,21,60,0.468800008296966,0.468800157308578,1.00002825260162,72.8000030517578,79.0,38.1255798339843,0.0,50.5,103.25,121.149999999999,0,131,186.5,38.919677734375,107.5,2.76209892419157,153.785720825195,154.5,56,184.125,184.5,72,190.703994750976,187.0,250,187.753356933593,178.0,223,190.810440063476,193.5,364,179.689651489257,183.0,435,181.611190795898,195.0,661,177.091049194335,189.0,637,180.429397583007,201.0,864,181.151107788085,196.0,814,14.6,0.25
11335159_R3522036_SWAN,11335159_R3522036_SWAN_0000.nii.gz,11335159_R3522036_SWAN.nii.gz,22,37,0.468800008296966,0.468800157308578,1.00002825260162,31.1621627807617,30.0,21.6501846313476,0.0,13.0,46.0,65.3999999999999,0,68,114.0,21.2187576293945,84.0,3.95876146318925,83.076919555664,90.0,39,107.215682983398,114.0,51,107.09708404541,108.0,206,112.388885498046,115.0,180,112.009437561035,117.0,318,109.642105102539,117.0,380,111.686973571777,117.0,591,107.574073791503,116.0,594,106.966903686523,117.0,846,100.618530273437,112.0,831,13.8,0.25
11335159_R3522036_SWAN,11335159_R3522036_SWAN_0000.nii.gz,11335159_R3522036_SWAN.nii.gz,23,35,0.468800008296966,0.468800157308578,1.00002825260162,29.1142864227294,26.0,18.2690544128417,2.1,18.0,42.5,62.4999999999999,0,72,106.0,19.9802207946777,80.0,4.00395975710689,71.2894744873046,75.5,38,95.9800033569336,101.0,50,100.261535644531,101.0,195,107.502792358398,107.0,179,107.424438476562,106.0,311,106.428192138671,109.0,376,109.271331787109,113.0,586,107.631225585937,112.5,602,109.612411499023,113.0,854,107.492271423339,112.0,841,18.8999999999999,0.25
11335159_R3522036_SWAN,11335159_R3522036_SWAN_0000.nii.gz,11335159_R3522036_SWAN.nii.gz,24,128,0.468800008296966,0.468800157308578,1.00002825260162,9.6640625,0.0,13.2135553359985,0.0,0.0,19.0,38.2999999999999,0,47,82.0,26.1143474578857,82.0,3.14003633949652,47.8227844238281,46.0,79,66.9175262451171,72.0,97,73.1337203979492,76.0,344,80.918212890625,86.0,269,77.1294326782226,79.0,479,81.0763320922851,86.5,524,83.0246887207031,90.0,810,87.6484375,96.0,768,87.221923828125,96.0,1113,86.6769790649414,96.0,1034,24.8,0.25
11335159_R3522036_SWAN,11335159_R3522036_SWAN_0000.nii.gz,11335159_R3522036_SWAN.nii.gz,25,147,0.468800008296966,0.468800157308578,1.00002825260162,67.0680236816406,70.0,44.3634719848632,0.0,28.5,100.0,139.499999999999,0,157,212.0,40.5241966247558,142.0,3.50407933598006,166.188232421875,168.0,85,202.792083740234,212.0,101,205.765670776367,210.0,367,209.703567504882,216.0,280,208.09959411621,215.0,502,199.581573486328,209.0,521,198.87043762207,211.0,849,189.42984008789,210.0,784,186.580703735351,204.0,1171,181.879364013671,202.0,1061,28.3999999999999,0.25
11335159_R3522036_SWAN,11335159_R3522036_SWAN_0000.nii.gz,11335159_R3522036_SWAN.nii.gz,26,189,0.468800008296966,0.468800157308578,1.00002825260162,14.5502643585205,7.0,16.4411373138427,0.0,0.0,28.0,42.5999999999999,0,67,98.0,30.3271751403808,91.0,3.00060917572348,65.7553939819336,65.0,139,89.1929855346679,93.0,171,94.1730804443359,99.0,468,93.3095245361328,97.0,420,98.938247680664,103.0,583,91.4022369384765,94.0,716,98.3915405273437,101.5,922,96.9237594604492,101.0,905,101.398536682128,108.0,1094,102.5986328125,112.0,1024,20.4,0.25
11335159_R3522036_SWAN,11335159_R3522036_SWAN_0000.nii.gz,11335159_R3522036_SWAN.nii.gz,27,59,0.468800008296966,0.468800157308578,1.00002825260162,101.881355285644,100.0,31.91943359375,45.7,79.0,135.5,145.399999999999,35,158,196.0,17.0419750213623,96.0,5.63314990660782,170.479171752929,171.5,48,193.616668701171,192.5,60,190.190277099609,194.0,247,196.229995727539,197.0,200,194.816711425781,195.0,371,193.151596069335,197.0,409,193.627075195312,197.0,665,191.309860229492,196.0,639,191.799377441406,195.0,962,187.629623413085,192.0,891,15.5999999999999,0.25
11335159_R3522036_SWAN,11335159_R3522036_SWAN_0000.nii.gz,11335159_R3522036_SWAN.nii.gz,28,44,0.468800008296966,0.468800157308578,1.00002825260162,25.3181819915771,27.0,21.2600479125976,0.0,3.5,41.5,62.1,0,70,100.0,19.2704849243164,73.0,3.78817659683722,78.5952377319336,75.5,42,101.944442749023,103.5,54,99.5089263916015,103.0,224,103.616218566894,104.0,185,100.052474975585,100.0,343,100.283164978027,99.0,392,99.9077911376953,102.0,629,100.789390563964,104.0,622,98.2477645874023,101.0,896,94.4377136230468,98.0,875,17.0,0.25
11335159_R3522036_SWAN,11335159_R3522036_SWAN_0000.nii.gz,11335159_R3522036_SWAN.nii.gz,29,94,0.468800008296966,0.468800157308578,1.00002825260162,17.223403930664,8.5,20.9234447479248,0.0,0.0,29.0,61.6999999999999,0,81,96.0,33.7888298034668,87.5,2.58961320971886,66.6615371704101,65.0,65,92.1624984741211,95.5,80,90.4776153564453,94.0,268,99.1078414916992,105.0,204,85.4018402099609,86.5,326,94.4084091186523,101.0,333,86.1673126220703,86.0,514,91.3769073486328,95.0,459,86.6995620727539,90.0,689,91.7479095458984,97.0,599,23.6999999999999,0.25
11335159_R3522036_SWAN,11335159_R3522036_SWAN_0000.nii.gz,11335159_R3522036_SWAN.nii.gz,30,92,0.468800008296966,0.468800157308578,1.00002825260162,27.2173919677734,29.0,23.5606651306152,0.0,1.0,41.25,67.7,0,84,109.0,32.5216827392578,80.0,2.45989731347541,80.3529434204101,76.5,68,100.0,98.0,84,105.105613708496,105.0,303,106.655868530273,106.0,247,115.80516052246,117.0,426,108.66877746582,106.0,474,115.126495361328,119.0,751,110.473396301269,113.0,733,113.964691162109,120.0,1048,107.103134155273,112.0,989,19.0999999999999,0.25
11335159_R3522036_SWAN,11335159_R3522036_SWAN_0000.nii.gz,11335159_R3522036_SWAN.nii.gz,31,81,0.468800008296966,0.468800157308578,1.00002825260162,25.8518524169921,21.0,22.5531539916992,0.0,4.0,44.0,66.0,0,76,99.0,18.5659618377685,78.0,4.20123668687745,80.1754379272461,81.0,57,97.8840560913086,99.0,69,92.6896514892578,94.0,290,96.4366226196289,95.0,213,98.899299621582,102.0,427,96.551399230957,101.0,428,103.330612182617,109.0,735,102.275108337402,108.0,687,108.980506896972,113.0,1026,109.360794067382,113.0,959,7.39999999999998,0.25
11335159_R3522036_SWAN,11335159_R3522036_SWAN_0000.nii.gz,11335159_R3522036_SWAN.nii.gz,32,50,0.468800008296966,0.468800157308578,1.00002825260162,89.5199966430664,94.0,26.2520408630371,44.0,69.5,106.75,131.649999999999,36,136,152.0,26.5092601776123,58.0,2.1879146989165,141.044448852539,139.0,45,153.964904785156,156.0,57,147.995697021484,152.0,232,146.680847167968,154.0,188,146.224090576171,154.0,357,137.053985595703,151.0,389,141.565216064453,152.0,644,136.771560668945,148.0,626,138.478958129882,148.0,927,133.613372802734,145.0,882,8.2,0.25
11335159_R3522036_SWAN,11335159_R3522036_SWAN_0000.nii.gz,11335159_R3522036_SWAN.nii.gz,33,96,0.468800008296966,0.468800157308578,1.00002825260162,12.78125,7.5,15.4860172271728,0.0,0.0,21.0,42.5,0,56,104.0,28.9797992706298,96.5,3.32990574223195,62.3970603942871,64.5,68,85.5,86.0,84,89.1346130371093,92.5,312,90.2212753295898,104.0,235,98.2493667602539,108.0,393,97.4740905761718,107.0,386,96.4746017456054,104.0,630,97.9911651611328,103.0,566,98.7716064453125,104.0,810,100.664390563964,106.0,733,24.9999999999999,0.25
11335159_R3522036_SWAN,11335159_R3522036_SWAN_0000.nii.gz,11335159_R3522036_SWAN.nii.gz,34,54,0.468800008296966,0.468800157308578,1.00002825260162,59.9444427490234,55.5,25.9931716918945,23.0,42.75,82.5,102.699999999999,9,107,151.0,20.4695072174072,95.5,4.66547626113768,109.307693481445,112.0,52,129.147064208984,135.5,68,136.645416259765,148.0,251,142.986419677734,151.0,221,143.725219726562,151.0,353,148.551483154296,153.0,437,149.233489990234,154.0,651,151.857986450195,156.0,683,149.737869262695,155.0,927,150.936370849609,156.0,943,25.9,0.25
11335159_R3522036_SWAN,11335159_R3522036_SWAN_0000.nii.gz,11335159_R3522036_SWAN.nii.gz,35,73,0.468800008296966,0.468800157308578,1.00002825260162,24.5068492889404,25.0,19.0134220123291,0.0,8.0,39.0,55.7999999999999,0,75,157.0,46.4597587585449,132.0,2.84116843322442,73.0192337036132,70.0,52,109.03125,113.5,64,122.221855163574,128.0,302,151.683029174804,161.0,224,139.803833007812,161.0,418,145.386764526367,164.0,393,144.376678466796,163.0,669,143.286712646484,163.0,572,144.916290283203,163.0,872,142.201080322265,164.0,741,57.4999999999999,0.75
11335159_R3522036_SWAN,11335159_R3522036_SWAN_0000.nii.gz,11335159_R3522036_SWAN.nii.gz,36,46,0.468800008296966,0.468800157308578,1.00002825260162,67.5869598388671,74.0,25.713788986206,23.25,44.0,91.75,96.0,19,109,151.0,15.1500186920166,77.0,5.08250198005205,126.681816101074,127.5,44,147.303573608398,149.5,56,140.936935424804,148.0,222,147.663162231445,152.0,190,144.265899658203,149.0,346,148.304122924804,151.0,388,147.696197509765,152.0,632,150.759613037109,154.0,624,150.736785888671,154.5,908,151.590393066406,156.0,874,14.4,0.25
11335159_R3522036_SWAN,11335159_R3522036_SWAN_0000.nii.gz,11335159_R3522036_SWAN.nii.gz,37,123,0.468800008296966,0.468800157308578,1.00002825260162,86.8373947143554,94.0,54.653579711914,0.0,40.0,130.0,163.7,0,177,226.0,15.1637105941772,132.0,8.70499335767375,186.579544067382,189.5,88,218.537033081054,221.0,108,225.577850341796,227.0,334,226.547943115234,227.0,292,225.518676757812,226.0,455,224.31086730957,224.0,534,223.703979492187,225.0,804,226.206588745117,226.0,789,221.981170654296,224.0,1115,223.307037353515,225.0,1065,23.6999999999999,0.25
11335159_R3522036_SWAN,11335159_R3522036_SWAN_0000.nii.gz,11335159_R3522036_SWAN.nii.gz,38,67,0.468800008296966,0.468800157308578,1.00002825260162,32.477611541748,32.0,24.0827922821044,0.0,11.5,48.5,75.0,0,82,142.0,28.5108127593994,110.0,3.85818534632041,91.4827575683593,85.5,58,116.810813903808,125.0,74,125.685607910156,129.0,264,133.172409057617,143.0,232,136.527847290039,143.0,377,133.986633300781,145.0,449,130.725830078125,141.0,693,127.145118713378,138.0,696,126.269348144531,134.0,969,124.917709350585,134.0,960,35.2999999999999,0.75
11335159_R3522036_SWAN,11335159_R3522036_SWAN_0000.nii.gz,11335159_R3522036_SWAN.nii.gz,39,77,0.468800008296966,0.468800157308578,1.00002825260162,39.2337646484375,43.0,27.8548622131347,0.0,12.0,61.0,82.0,0,92,112.0,26.5064430236816,69.0,2.60314067558417,92.6229476928711,94.0,61,105.662338256835,105.0,77,109.365592956542,113.0,279,102.447257995605,112.0,237,108.553031921386,117.0,396,101.033409118652,104.0,449,109.51904296875,111.0,709,110.865325927734,113.0,698,113.141578674316,116.0,1003,112.757766723632,118.0,966,12.3999999999999,0.25
11335159_R3522036_SWAN,11335159_R3522036_SWAN_0000.nii.gz,11335159_R3522036_SWAN.nii.gz,40,251,0.468800008296966,0.468800157308578,1.00002825260162,19.996015548706,10.0,23.42258644104,0.0,0.0,37.0,64.5,0,82,142.0,23.1876029968261,132.0,5.6926970855102,86.7768630981445,85.0,121,118.375885009765,121.0,141,131.756408691406,137.5,468,144.427780151367,145.0,360,134.965576171875,144.0,581,137.205001831054,141.0,639,123.66975402832,130.0,972,124.673263549804,130.0,909,112.439414978027,112.5,1304,113.244964599609,118.0,1192,39.3,0.25
11335159_R3522036_SWAN,11335159_R3522036_SWAN_0000.nii.gz,11335159_R3522036_SWAN.nii.gz,41,156,0.468800008296966,0.468800157308578,1.00002825260162,36.1153831481933,35.0,30.0458984375,0.0,0.0,59.25,87.25,0,106,166.0,22.8346977233886,131.0,5.7368834738645,118.404495239257,122.0,89,151.666671752929,153.0,105,154.79426574707,161.0,384,165.107528686523,168.0,279,161.712661743164,166.0,529,162.678848266601,169.0,520,157.464523315429,163.0,874,160.949234008789,168.0,788,158.543426513671,163.0,1209,163.047393798828,167.0,1076,29.2,0.25
11335159_R3522036_SWAN,11335159_R3522036_SWAN_0000.nii.gz,11335159_R3522036_SWAN.nii.gz,42,103,0.468800008296966,0.468800157308578,1.00002825260162,11.8640775680542,0.0,18.7549610137939,0.0,0.0,18.0,58.8999999999999,0,65,83.0,23.740364074707,83.0,3.4961553133226,52.6081085205078,52.0,74,73.0888900756836,75.5,90,75.9810104370117,78.0,316,79.9516143798828,80.5,248,80.5657043457031,85.0,449,77.7283935546875,83.5,486,77.0012893676757,81.0,777,75.917007446289,79.0,735,74.6127548217773,77.0,1082,74.4812240600586,76.0,1012,17.6,0.25
11335159_R3522036_SWAN,11335159_R3522036_SWAN_0000.nii.gz,11335159_R3522036_SWAN.nii.gz,43,51,0.468800008296966,0.468800157308578,1.00002825260162,50.9607849121093,53.0,29.98166847229,0.0,23.5,79.0,97.0,0,101,143.0,19.2883777618408,90.0,4.66602226020539,114.586959838867,116.0,46,137.293106079101,137.5,58,134.839660644531,138.0,237,139.37173461914,141.0,191,141.749298095703,146.0,359,139.615966796875,143.0,401,144.370376586914,150.0,648,145.147338867187,151.0,638,148.262588500976,155.0,933,149.274047851562,156.0,894,15.0999999999999,0.25
11335159_R3522036_SWAN,11335159_R3522036_SWAN_0000.nii.gz,11335159_R3522036_SWAN.nii.gz,44,54,0.468800008296966,0.468800157308578,1.00002825260162,68.7777786254882,73.5,33.6208000183105,23.3,36.25,99.0,120.049999999999,17,123,194.0,34.2464599609375,120.5,3.51861185469814,138.166671752929,141.5,54,173.371429443359,185.0,70,185.323532104492,196.0,238,186.409912109375,199.0,222,188.735626220703,195.0,348,179.876144409179,191.0,436,182.867370605468,192.0,656,180.306427001953,190.0,669,182.170623779296,189.0,926,178.408004760742,186.5,924,36.6999999999999,0.25
11335159_R3522036_SWAN,11335159_R3522036_SWAN_0000.nii.gz,11335159_R3522036_SWAN.nii.gz,45,73,0.468800008296966,0.468800157308578,1.00002825260162,52.2465744018554,57.0,38.5997314453125,0.0,10.0,82.0,118.399999999999,0,125,191.0,32.3917694091796,134.0,4.13685335639691,131.350006103515,126.0,60,165.5,164.0,76,173.911758422851,174.0,272,182.427383422851,189.0,241,183.192611694335,192.0,379,187.552108764648,196.0,451,186.653839111328,194.0,702,189.140426635742,196.0,705,187.095977783203,195.0,969,189.191299438476,198.0,920,39.7999999999999,0.25
11335159_R3522036_SWAN,11335159_R3522036_SWAN_0000.nii.gz,11335159_R3522036_SWAN.nii.gz,46,62,0.468800008296966,0.468800157308578,1.00002825260162,73.3387069702148,75.5,34.6930999755859,13.0,51.5,103.25,122.949999999999,10,131,183.0,48.5897712707519,107.5,2.21239979503069,151.603454589843,152.0,58,179.054046630859,186.0,74,169.786819458007,182.5,258,164.325241088867,185.0,206,168.347824096679,179.0,345,171.209762573242,183.0,348,174.914138793945,184.0,559,174.949417114257,189.0,514,177.91600036621,191.5,750,179.528030395507,193.0,678,19.0999999999999,0.25
11335159_R3522036_SWAN,11335159_R3522036_SWAN_0000.nii.gz,11335159_R3522036_SWAN.nii.gz,47,39,0.468800008296966,0.468800157308578,1.00002825260162,78.1538467407226,78.0,22.1273002624511,41.8,65.0,94.0,113.4,30,120,149.0,17.0910739898681,71.0,4.15421523785397,129.697677612304,134.0,43,148.781814575195,157.0,55,143.356811523437,148.0,213,145.892654418945,149.0,177,146.74853515625,149.5,342,144.825271606445,150.0,372,146.558441162109,151.5,616,141.938842773437,147.0,605,142.221603393554,147.0,898,132.933868408203,140.0,862,7.19999999999998,0.25
11335159_R3522036_SWAN,11335159_R3522036_SWAN_0000.nii.gz,11335159_R3522036_SWAN.nii.gz,48,46,0.468800008296966,0.468800157308578,1.00002825260162,47.1956520080566,49.0,28.2247333526611,0.25,28.0,68.0,93.0,0,97,125.0,38.8996467590332,76.0,1.95374524788843,106.454544067382,103.0,44,123.482139587402,121.0,56,116.528633117675,111.0,227,116.432586669921,123.0,178,120.681114196777,126.0,323,124.799354553222,135.0,309,122.95945739746,128.0,518,128.13377380371,141.0,456,129.357559204101,137.0,688,135.994964599609,147.0,595,9.99999999999997,0.25
11335159_R3522036_SWAN,11335159_R3522036_SWAN_0000.nii.gz,11335159_R3522036_SWAN.nii.gz,49,59,0.468800008296966,0.468800157308578,1.00002825260162,101.254234313964,101.0,56.8651657104492,12.7,52.0,152.0,190.1,3,194,255.0,55.1257400512695,154.0,2.79361328948641,227.148941040039,230.0,47,250.033905029296,255.0,59,232.802474975585,255.0,243,239.32160949707,255.0,199,218.361419677734,255.0,368,225.412826538085,255.0,390,210.383850097656,255.0,607,220.329788208007,255.0,564,215.32795715332,254.0,744,204.312759399414,225.0,729,14.9999999999999,0.25
11335159_R3522036_SWAN,11335159_R3522036_SWAN_0000.nii.gz,11335159_R3522036_SWAN.nii.gz,50,165,0.468800008296966,0.468800157308578,1.00002825260162,4.57575750350952,0.0,7.02389955520629,0.0,0.0,9.0,19.0,0,25,58.0,11.3282794952392,58.0,5.1199301733661,31.6078433990478,31.0,102,48.3008117675781,49.0,123,54.7999992370605,56.0,385,55.1167182922363,57.0,317,59.7539367675781,59.0,508,56.7650070190429,58.0,583,59.6284713745117,60.0,864,58.7149581909179,60.0,849,60.6703300476074,61.0,1183,60.305923461914,60.0,1131,17.0,0.25
11335159_R3522036_SWAN,11335159_R3522036_SWAN_0000.nii.gz,11335159_R3522036_SWAN.nii.gz,51,90,0.468800008296966,0.468800157308578,1.00002825260162,12.8000001907348,0.0,18.5149803161621,0.0,0.0,19.5,53.8499999999999,0,63,85.0,26.4037322998046,85.0,3.21924184940432,50.5882339477539,51.0,68,65.7619018554687,69.5,84,76.4731521606445,74.0,298,76.2154464721679,79.0,246,88.3849792480468,93.0,426,80.9892272949218,87.0,464,87.0972061157226,93.0,751,83.6452484130859,90.0,716,85.4211044311523,91.0,1052,83.0597152709961,90.0,988,17.6999999999999,0.25
11335159_R3522036_SWAN,11335159_R3522036_SWAN_0000.nii.gz,11335159_R3522036_SWAN.nii.gz,52,29,0.468800008296966,0.468800157308578,1.00002825260162,117.103446960449,119.0,28.1134948730468,78.0,87.0,133.0,156.799999999999,69,173,255.0,33.5439529418945,136.0,4.0543820293208,197.964279174804,190.0,28,233.416671752929,243.5,36,226.502639770507,252.0,189,237.44595336914,255.0,148,233.996780395507,255.0,311,230.225708007812,255.0,319,229.642486572265,254.0,579,226.080291748046,250.0,548,226.699401855468,245.0,845,220.611114501953,237.0,792,40.7,0.25
11335159_R3522036_SWAN,11335159_R3522036_SWAN_0000.nii.gz,11335159_R3522036_SWAN.nii.gz,53,36,0.468800008296966,0.468800157308578,1.00002825260162,79.75,71.5,38.6087036132812,28.25,45.75,106.75,141.0,17,153,242.0,60.4941978454589,170.5,2.8184521172686,191.366668701171,192.0,30,222.736846923828,243.5,38,215.052383422851,243.0,210,211.727844238281,244.0,158,216.714736938476,251.0,319,204.809997558593,223.5,300,212.218811035156,236.0,521,200.367843627929,210.0,454,201.253540039062,212.0,706,194.759140014648,196.5,602,31.1,0.25
11335159_R3522036_SWAN,11335159_R3522036_SWAN_0000.nii.gz,11335159_R3522036_SWAN.nii.gz,54,108,0.468800008296966,0.468800157308578,1.00002825260162,81.1759262084961,90.0,47.3579406738281,7.0,42.75,118.25,148.899999999999,0,170,248.0,24.8096199035644,158.0,6.36849740601224,188.75341796875,188.0,73,229.719100952148,236.0,89,231.946701049804,244.0,319,239.507690429687,251.5,260,237.199096679687,247.0,442,240.026046752929,249.0,499,236.02049255371,243.0,781,237.081878662109,242.0,745,233.79393005371,238.0,1087,233.316207885742,238.0,1012,39.6999999999999,0.25
11335159_R3522036_SWAN,11335159_R3522036_SWAN_0000.nii.gz,11335159_R3522036_SWAN.nii.gz,55,48,0.468800008296966,0.468800157308578,1.00002825260162,68.1458358764648,70.0,32.9677810668945,10.35,40.75,99.0,112.65,0,126,156.0,29.3053588867187,86.0,2.93461685053703,131.779998779296,131.0,50,153.121215820312,155.5,66,151.99559020996,161.0,227,151.944183349609,164.0,215,147.223876953125,149.0,335,146.504653930664,154.0,430,146.916793823242,153.0,637,147.616760253906,155.0,668,150.349166870117,156.0,905,150.963973999023,155.0,916,20.8999999999999,0.25
11335159_R3522036_SWAN,11335159_R3522036_SWAN_0000.nii.gz,11335159_R3522036_SWAN.nii.gz,56,36,0.468800008296966,0.468800157308578,1.00002825260162,107.138885498046,107.5,28.414737701416,59.25,88.5,128.25,149.25,38,162,253.0,25.4051780700683,145.5,5.72717890812282,185.5,191.0,40,227.692306518554,230.5,52,234.235580444335,250.0,208,242.95555114746,255.0,180,240.208587646484,251.0,326,235.423995971679,251.0,375,232.021530151367,245.0,604,224.094467163085,240.0,614,221.760864257812,232.0,874,211.755218505859,220.0,862,42.3,0.25
11335159_R3522036_SWAN,11335159_R3522036_SWAN_0000.nii.gz,11335159_R3522036_SWAN.nii.gz,57,55,0.468800008296966,0.468800157308578,1.00002825260162,93.3272705078125,103.0,38.8484497070312,27.0,64.0,121.0,143.6,2,162,214.0,22.8438110351562,111.0,4.85908414446139,182.541671752929,185.0,48,211.83332824707,216.0,60,207.029052734375,213.0,241,214.815383911132,219.0,195,209.811325073242,212.0,371,209.883255004882,213.0,394,201.589736938476,205.0,663,199.069396972656,201.5,634,186.48420715332,189.0,950,185.120086669921,184.0,891,19.7999999999999,0.25
11335159_R3522036_SWAN,11335159_R3522036_SWAN_0000.nii.gz,11335159_R3522036_SWAN.nii.gz,58,61,0.468800008296966,0.468800157308578,1.00002825260162,66.0327835083007,71.0,27.5674800872802,14.0,48.0,89.0,102.0,2,118,184.0,28.5584087371826,113.0,3.95680309221415,132.711868286132,129.0,59,162.866668701171,161.0,75,168.003997802734,168.5,250,174.774780273437,184.5,222,180.25537109375,190.0,372,176.603561401367,185.0,449,178.59309387207,185.0,666,173.914001464843,183.0,686,173.943756103515,183.0,960,169.978820800781,182.0,944,34.8,0.25
11335159_R3522036_SWAN,11335159_R3522036_SWAN_0000.nii.gz,11335159_R3522036_SWAN.nii.gz,59,111,0.468800008296966,0.468800157308578,1.00002825260162,48.4954948425293,45.0,38.1799621582031,0.0,11.5,81.0,106.0,0,134,234.0,58.4194908142089,189.0,3.23522162493807,168.391891479492,172.5,74,213.644439697265,230.0,90,210.496948242187,225.5,328,219.038909912109,249.0,257,206.270919799804,232.5,454,204.865951538085,236.5,470,202.416549682617,241.0,701,202.148941040039,236.0,658,204.845062255859,237.0,910,203.034362792968,229.0,844,45.0,0.25
11335159_R3522036_SWAN,11335159_R3522036_SWAN_0000.nii.gz,11335159_R3522036_SWAN.nii.gz,60,63,0.468800008296966,0.468800157308578,1.00002825260162,42.4920616149902,41.0,34.9393463134765,0.0,1.5,71.5,100.9,0,107,178.5,22.3470611572265,137.5,6.152934340341,132.0,134.0,51,169.015869140625,174.0,63,160.645675659179,173.0,254,175.676773071289,182.0,198,174.41860961914,180.0,387,174.659255981445,179.0,405,177.563690185546,179.0,683,176.495391845703,181.0,650,175.162887573242,181.0,970,173.454452514648,180.0,911,28.5999999999999,0.25
11335159_R3522036_SWAN,11335159_R3522036_SWAN_0000.nii.gz,11335159_R3522036_SWAN.nii.gz,61,67,0.468800008296966,0.468800157308578,1.00002825260162,51.8805961608886,50.0,31.8895111083984,1.8,27.5,74.5,102.0,0,118,176.0,26.5935707092285,126.0,4.7379872893968,132.096160888671,128.5,52,159.3125,163.5,64,159.908050537109,162.0,261,166.262374877929,176.5,202,171.757034301757,180.0,391,167.968978881835,178.0,419,169.221252441406,177.0,687,166.639511108398,174.0,663,167.470291137695,174.0,976,166.240524291992,173.0,923,28.4999999999999,0.25
11335159_R3522036_SWAN,11335159_R3522036_SWAN_0000.nii.gz,11335159_R3522036_SWAN.nii.gz,62,120,0.468800008296966,0.468800157308578,1.00002825260162,42.1833343505859,40.0,34.35888671875,0.0,7.75,69.5,103.0,0,116,172.5,51.402473449707,132.5,2.57769696879742,133.897430419921,130.5,78,168.074462890625,170.5,94,164.783126831054,169.0,332,156.988052368164,176.0,251,167.735763549804,184.0,439,151.995071411132,165.0,406,163.708770751953,176.0,673,155.22280883789,161.0,561,163.003433227539,175.0,873,162.016906738281,177.5,710,26.9999999999999,0.25
11335159_R3522036_SWAN,11335159_R3522036_SWAN_0000.nii.gz,11335159_R3522036_SWAN.nii.gz,63,50,0.468800008296966,0.468800157308578,1.00002825260162,58.6199989318847,64.0,34.3894691467285,0.45,29.5,90.25,106.1,0,117,179.0,41.3516082763671,115.0,2.7810284724941,132.295455932617,130.5,44,158.535720825195,162.0,56,161.207794189453,164.0,231,164.108810424804,169.0,193,174.544158935546,188.0,351,167.677749633789,183.0,391,173.859130859375,187.0,646,166.351791381835,185.0,614,176.302429199218,187.0,863,173.197692871093,186.0,779,23.5,0.25
11335159_R3522036_SWAN,11335159_R3522036_SWAN_0000.nii.gz,11335159_R3522036_SWAN.nii.gz,64,309,0.468800008296966,0.468800157308578,1.00002825260162,31.61812210083,24.0,32.5729904174804,0.0,0.0,59.0,92.5999999999999,0,121,177.0,31.329927444458,153.0,4.88350955396369,110.134971618652,110.0,163,144.964096069335,146.0,195,163.536590576171,168.0,533,171.334060668945,178.0,461,170.718154907226,180.0,628,169.804595947265,178.0,783,168.9130859375,176.0,1047,169.765243530273,177.5,1082,170.736541748046,177.0,1374,171.155380249023,177.0,1403,45.2,0.25
11335159_R3522036_SWAN,11335159_R3522036_SWAN_0000.nii.gz,11335159_R3522036_SWAN.nii.gz,65,62,0.468800008296966,0.468800157308578,1.00002825260162,49.4354820251464,54.0,28.1285190582275,1.25,24.25,73.75,86.9499999999999,0,97,146.0,21.0634899139404,92.0,4.36774724302033,112.701751708984,109.0,57,137.643829345703,140.0,73,140.0,147.0,250,144.112106323242,149.0,223,140.460708618164,146.0,369,140.150680541992,145.0,438,139.392379760742,144.0,683,143.019180297851,145.0,678,143.162506103515,147.0,960,143.604904174804,147.0,939,25.4,0.25
11335159_R3522036_SWAN,11335159_R3522036_SWAN_0000.nii.gz,11335159_R3522036_SWAN.nii.gz,66,34,0.468800008296966,0.468800157308578,1.00002825260162,43.8529396057128,44.5,25.4224700927734,1.95,26.25,60.0,87.0,0,89,161.0,23.2301940917968,116.5,5.01502482242018,110.394737243652,112.0,38,144.399993896484,145.0,50,147.746261596679,151.0,201,158.551132202148,162.5,176,157.786834716796,163.0,319,158.147140502929,162.0,367,158.227798461914,161.0,597,158.702651977539,161.0,602,157.164169311523,159.0,865,158.57176208496,160.0,850,31.4999999999999,0.25
11335159_R3522036_SWAN,11335159_R3522036_SWAN_0000.nii.gz,11335159_R3522036_SWAN.nii.gz,67,29,0.468800008296966,0.468800157308578,1.00002825260162,74.8620681762695,76.0,27.4637374877929,31.8,51.0,98.0,117.599999999999,15,129,167.0,53.9931449890136,91.0,1.68539913758526,136.941177368164,138.0,34,166.021743774414,175.5,46,163.892471313476,169.5,186,150.851425170898,154.0,175,159.239868164062,180.5,296,137.211700439453,149.0,359,149.074783325195,170.0,575,144.563659667968,160.0,589,154.511993408203,172.0,834,152.062957763671,168.0,826,8.39999999999995,0.25
11335159_R3522036_SWAN,11335159_R3522036_SWAN_0000.nii.gz,11335159_R3522036_SWAN.nii.gz,68,133,0.468800008296966,0.468800157308578,1.00002825260162,30.2180442810058,23.0,28.4502830505371,0.0,0.0,54.0,82.0,0,96,165.0,47.12984085083,142.0,3.01295309800518,109.012344360351,111.0,81,141.144332885742,137.0,97,148.339950561523,147.0,353,152.832733154296,161.0,275,160.33332824707,179.0,468,154.023406982421,172.0,470,160.199447631835,177.0,722,156.188583374023,173.0,631,160.171432495117,171.0,910,161.341964721679,175.0,772,32.0,0.25
11335159_R3522036_SWAN,11335159_R3522036_SWAN_0000.nii.gz,11335159_R3522036_SWAN.nii.gz,69,29,0.468800008296966,0.468800157308578,1.00002825260162,71.0344848632812,66.0,26.7536430358886,25.6,57.0,94.0,110.399999999999,21,122,170.0,22.6602516174316,104.0,4.58953420976124,128.264709472656,122.0,34,157.695648193359,156.5,46,163.206710815429,160.0,179,166.664779663085,171.0,176,169.0,174.0,289,165.792922973632,171.0,367,169.131439208984,175.0,563,167.476196289062,173.0,588,166.486022949218,175.0,823,161.859802246093,173.0,806,30.1,0.25
11335159_R3522036_SWAN,11335159_R3522036_SWAN_0000.nii.gz,11335159_R3522036_SWAN.nii.gz,70,65,0.468800008296966,0.468800157308578,1.00002825260162,45.8153839111328,47.0,27.1575965881347,0.0,27.0,66.0,85.3999999999999,0,101,164.0,32.1129760742187,117.0,3.6433870136979,123.862747192382,122.0,51,155.761901855468,162.0,63,153.448822021484,155.0,254,160.793106079101,164.0,203,163.025833129882,171.0,387,151.581115722656,163.0,413,153.221405029296,169.0,682,144.288223266601,166.0,628,150.565017700195,169.5,892,141.734008789062,164.0,782,23.7999999999999,0.25
11475837_R3557073_SWAN,11475837_R3557073_SWAN_0000.nii.gz,11475837_R3557073_SWAN.nii.gz,1,277,0.468802362680435,0.468798339366912,1.00000476837158,40.5270767211914,30.0,39.3007049560546,0.0,0.0,74.0,109.199999999999,0,128,206.0,27.9226284027099,176.0,6.30313154842252,146.337936401367,143.0,145,192.682083129882,191.0,173,203.896820068359,203.0,504,208.405212402343,213.0,422,202.957382202148,206.0,610,200.537811279296,204.0,714,197.67333984375,200.0,998,195.824630737304,198.0,1015,194.325820922851,196.0,1332,192.611358642578,195.0,1338,44.4,0.25
11475837_R3557073_SWAN,11475837_R3557073_SWAN_0000.nii.gz,11475837_R3557073_SWAN.nii.gz,2,102,0.468802362680435,0.468798339366912,1.00000476837158,63.0784301757812,63.0,44.8073654174804,0.0,20.25,98.5,133.799999999999,0,144,231.0,32.7895355224609,168.0,5.12358584295649,170.302627563476,170.0,76,217.195648193359,223.0,92,218.108276367187,226.0,314,222.748992919921,229.0,247,224.313598632812,234.0,456,220.949584960937,233.5,476,220.988311767578,231.0,770,219.134689331054,231.0,735,220.867156982421,229.0,1084,221.208663940429,232.0,1016,35.9999999999999,0.25
11475837_R3557073_SWAN,11475837_R3557073_SWAN_0000.nii.gz,11475837_R3557073_SWAN.nii.gz,3,100,0.468802362680435,0.468798339366912,1.00000476837158,60.0699996948242,64.5,40.4015502929687,0.0,22.25,94.0,125.05,0,135,199.0,43.5113449096679,134.5,3.09114784383773,151.929580688476,156.0,71,183.793106079101,195.0,87,190.56721496582,205.0,305,184.74104309082,203.0,251,185.058410644531,198.0,428,181.479080200195,195.0,478,181.650466918945,194.0,761,181.309692382812,194.0,733,182.09895324707,192.0,1051,181.736526489257,195.0,1002,30.1999999999999,0.25
11703061_R3518311_SWAN,11703061_R3518311_SWAN_0000.nii.gz,11703061_R3518311_SWAN.nii.gz,1,78,0.468799918889999,0.468800157308578,1.00001835823059,37.5769233703613,36.0,27.9007034301757,0.0,11.0,60.75,78.7499999999999,0,88,152.0,18.5644149780273,116.0,6.24851362875137,107.078125,106.5,64,140.637496948242,143.0,80,145.163757324218,149.0,287,151.194091796875,153.0,237,153.041259765625,153.5,412,150.889846801757,151.0,463,156.900680541992,156.0,735,155.297637939453,155.0,719,156.788711547851,154.0,1027,151.740661621093,150.0,991,29.1,0.25
11703061_R3518311_SWAN,11703061_R3518311_SWAN_0000.nii.gz,11703061_R3518311_SWAN.nii.gz,2,58,0.468799918889999,0.468800157308578,1.00001835823059,25.8103446960449,25.5,15.3414659500122,1.85,14.5,37.75,50.3,0,58,123.0,25.9325122833251,97.5,3.75975913689986,73.6153869628906,77.0,39,98.8297882080078,101.0,47,104.867706298828,109.0,257,119.609191894531,121.0,174,124.278892517089,130.0,398,122.211082458496,127.0,379,125.07299041748,130.0,685,123.894477844238,129.0,616,123.031700134277,129.5,978,124.381607055664,129.0,870,28.0,0.25
11703061_R3518311_SWAN,11703061_R3518311_SWAN_0000.nii.gz,11703061_R3518311_SWAN.nii.gz,3,157,0.468799918889999,0.468800157308578,1.00001835823059,18.0573253631591,11.0,20.5730762481689,0.0,0.0,30.0,58.0,0,78,133.0,25.8239212036132,122.0,4.72430189970258,89.6041641235351,92.0,96,119.836204528808,127.0,116,124.599998474121,124.0,395,132.725158691406,135.0,302,133.404891967773,134.0,531,135.093978881835,137.0,564,138.243301391601,140.0,859,138.710098266601,140.5,852,144.082061767578,146.0,1182,143.669555664062,146.0,1156,25.2,0.25
11703061_R3518311_SWAN,11703061_R3518311_SWAN_0000.nii.gz,11703061_R3518311_SWAN.nii.gz,4,33,0.468799918889999,0.468800157308578,1.00001835823059,40.0,38.0,28.0724163055419,0.0,18.0,65.0,81.9999999999999,0,90,155.0,53.8285331726074,117.0,2.1735684237359,128.172409057617,127.0,29,166.837844848632,165.0,37,156.15657043457,151.5,198,168.980270385742,169.5,152,159.704055786132,159.0,321,154.975463867187,148.0,326,148.445770263671,132.5,590,143.601455688476,127.0,552,139.38362121582,126.0,855,139.186935424804,127.0,781,22.7999999999999,0.25
11703061_R3518311_SWAN,11703061_R3518311_SWAN_0000.nii.gz,11703061_R3518311_SWAN.nii.gz,5,171,0.468799918889999,0.468800157308578,1.00001835823059,57.8654975891113,57.0,42.3502464294433,0.0,16.5,97.5,121.5,0,146,187.0,21.6320419311523,130.0,6.00960373568741,140.637161254882,143.0,113,170.635040283203,175.0,137,179.026641845703,183.0,413,184.517333984375,188.0,346,185.696792602539,187.0,531,187.170150756835,191.0,623,185.922225952148,190.0,900,190.515487670898,194.0,904,186.96890258789,194.5,1222,193.572265625,197.0,1204,28.5999999999999,0.25
11703061_R3518311_SWAN,11703061_R3518311_SWAN_0000.nii.gz,11703061_R3518311_SWAN.nii.gz,6,152,0.468799918889999,0.468800157308578,1.00001835823059,9.25657939910888,0.0,14.9787111282348,0.0,0.0,14.25,43.0,0,63,144.0,58.092788696289,144.0,2.47879303492962,62.6438369750976,67.0,73,102.931037902832,105.0,87,110.895652770996,112.0,345,134.4501953125,145.0,251,131.303283691406,151.5,488,133.663177490234,149.0,478,135.528900146484,157.0,813,139.055862426757,157.5,716,139.094009399414,165.0,1085,135.545547485351,159.0,966,48.1999999999999,0.75
11703061_R3518311_SWAN,11703061_R3518311_SWAN_0000.nii.gz,11703061_R3518311_SWAN.nii.gz,7,186,0.468799918889999,0.468800157308578,1.00001835823059,12.8494625091552,1.0,16.1966705322265,0.0,0.0,28.0,44.75,0,51,98.0,12.4030456542968,97.0,7.82065975596853,64.7264175415039,63.0,106,87.8015899658203,89.0,126,92.2173919677734,93.0,414,97.3405609130859,99.0,323,99.4812698364257,100.0,534,99.2944183349609,99.0,591,99.9263381958007,100.0,896,99.6326751708984,100.0,863,98.6356964111328,98.0,1227,98.7155227661132,99.0,1153,22.4,0.25
11703061_R3518311_SWAN,11703061_R3518311_SWAN_0000.nii.gz,11703061_R3518311_SWAN.nii.gz,8,76,0.468799918889999,0.468800157308578,1.00001835823059,50.7105255126953,56.0,28.1727809906005,5.75,24.0,72.25,91.25,0,103,154.0,14.3543910980224,98.0,6.82717917679566,111.84375,109.0,64,140.112503051757,140.0,80,149.567764282226,151.0,273,154.025527954101,156.0,235,155.59846496582,157.0,391,151.788467407226,153.5,468,152.710083007812,154.0,714,150.953582763671,152.0,711,150.580902099609,151.0,995,149.633361816406,150.0,971,30.4,0.25
11703061_R3518311_SWAN,11703061_R3518311_SWAN_0000.nii.gz,11703061_R3518311_SWAN.nii.gz,9,94,0.468799918889999,0.468800157308578,1.00001835823059,54.585105895996,60.5,33.7841758728027,0.0,29.25,82.5,100.35,0,115,148.0,14.7892608642578,87.5,5.91645524432306,124.871429443359,128.0,70,148.081390380859,148.0,86,145.470581054687,146.0,306,149.267211914062,148.0,247,148.809631347656,149.0,436,148.219619750976,148.0,469,148.608749389648,148.5,754,148.019256591796,148.0,727,145.092102050781,145.0,1064,144.547805786132,145.0,1004,11.5999999999999,0.25
11703061_R3518311_SWAN,11703061_R3518311_SWAN_0000.nii.gz,11703061_R3518311_SWAN.nii.gz,10,103,0.468799918889999,0.468800157308578,1.00001835823059,19.9708728790283,12.0,24.8124847412109,0.0,0.0,34.5,74.7999999999999,0,82,141.0,26.8008575439453,129.0,4.81327882096604,87.0641021728515,90.0,78,117.316329956054,120.0,98,129.151702880859,134.0,323,137.689041137695,144.0,283,135.990692138671,139.0,430,138.575241088867,143.0,525,137.065612792968,142.0,762,137.623886108398,143.0,787,137.946029663085,145.0,1056,139.031951904296,147.5,1064,35.2,0.25
11703061_R3518311_SWAN,11703061_R3518311_SWAN_0000.nii.gz,11703061_R3518311_SWAN.nii.gz,11,76,0.468799918889999,0.468800157308578,1.00001835823059,47.1710510253906,40.0,36.8383331298828,0.0,14.75,80.75,110.5,0,116,164.0,46.7480583190918,124.0,2.65251658483019,130.890625,141.5,64,160.012496948242,168.5,80,149.868911743164,167.0,267,149.364929199218,168.0,211,143.946624755859,155.5,356,147.198928833007,161.0,372,148.821365356445,165.0,571,150.29296875,167.0,512,151.091751098632,166.0,752,152.540588378906,167.0,653,15.5999999999999,0.25
11703061_R3518311_SWAN,11703061_R3518311_SWAN_0000.nii.gz,11703061_R3518311_SWAN.nii.gz,12,97,0.468799918889999,0.468800157308578,1.00001835823059,29.9793815612792,19.0,29.2088031768798,0.0,0.0,57.0,76.9999999999999,0,86,155.0,32.3273582458496,136.0,4.2069629991328,97.8480987548828,95.0,79,127.717170715332,131.0,99,138.65396118164,147.0,315,141.0,154.0,284,146.843826293945,155.0,429,145.094955444335,159.0,516,151.280471801757,162.0,763,152.507019042968,165.0,783,157.438323974609,167.0,1070,156.370971679687,167.0,1054,38.5999999999999,0.25
11703061_R3518311_SWAN,11703061_R3518311_SWAN_0000.nii.gz,11703061_R3518311_SWAN.nii.gz,13,87,0.468799918889999,0.468800157308578,1.00001835823059,1.77011489868164,0.0,4.21191835403442,0.0,0.0,0.0,12.0,0,19,45.0,15.3446722030639,45.0,2.93261396558308,23.2816905975341,23.0,71,40.6206893920898,39.0,87,44.1780815124511,44.0,292,44.085105895996,44.0,235,48.3248252868652,47.0,431,43.6042556762695,45.0,470,46.7590866088867,48.0,743,44.4867134094238,45.0,715,44.6121673583984,46.0,1052,42.6309394836425,43.0,989,13.6,0.25
11703061_R3518311_SWAN,11703061_R3518311_SWAN_0000.nii.gz,11703061_R3518311_SWAN.nii.gz,14,41,0.468799918889999,0.468800157308578,1.00001835823059,0.0,0.0,0.0,0.0,0.0,0.0,0.0,0,0,48.0,26.521406173706,48.0,1.80985878673312,12.6111106872558,10.5,18,27.8157901763916,25.0,38,33.5109901428222,31.0,182,47.288459777832,45.5,156,46.9858360290527,47.0,353,58.2684364318847,62.0,339,58.0711975097656,58.5,618,63.798599243164,68.0,571,61.6345291137695,63.0,892,63.9781036376953,67.0,822,22.2,0.75
11703061_R3518311_SWAN,11703061_R3518311_SWAN_0000.nii.gz,11703061_R3518311_SWAN.nii.gz,15,78,0.468799918889999,0.468800157308578,1.00001835823059,23.1794872283935,18.5,22.0708312988281,0.0,0.0,38.75,60.7499999999999,0,74,105.0,26.9991760253906,86.5,3.20380147596554,77.6774215698242,79.0,62,100.217948913574,101.5,78,95.1245574951171,96.0,281,106.315353393554,113.0,241,96.3375625610351,100.0,394,106.413940429687,113.0,459,103.591033935546,114.0,714,111.151130676269,118.0,708,107.720237731933,116.0,1008,112.56436920166,119.0,971,19.2999999999999,0.25
11703061_R3518311_SWAN,11703061_R3518311_SWAN_0000.nii.gz,11703061_R3518311_SWAN.nii.gz,16,53,0.468799918889999,0.468800157308578,1.00001835823059,46.4528312683105,49.0,26.2114505767822,0.0,26.0,67.0,82.0,0,92,120.0,28.2633972167968,71.0,2.51208301165596,99.7799987792968,99.0,50,114.666664123535,118.0,66,111.832656860351,120.0,245,113.772094726562,125.0,215,110.966003417968,118.0,353,109.653396606445,120.0,427,109.925231933593,114.0,642,109.618698120117,111.0,674,108.737808227539,109.0,923,106.602989196777,108.0,937,16.0,0.25
11703061_R3518311_SWAN,11703061_R3518311_SWAN_0000.nii.gz,11703061_R3518311_SWAN.nii.gz,17,86,0.468799918889999,0.468800157308578,1.00001835823059,20.4767436981201,12.5,21.7655200958251,0.0,0.0,35.5,61.25,0,70,98.0,31.4043502807617,85.5,2.72255274303118,73.7971038818359,72.0,69,95.0117645263671,97.0,85,92.9965362548828,102.0,289,94.7983169555664,99.0,238,91.4391403198242,100.0,419,88.6377410888671,91.0,461,90.4314804077148,97.0,737,92.0592346191406,97.0,709,94.4191970825195,100.0,1021,96.7686004638671,101.0,981,17.2,0.25
11703061_R3518311_SWAN,11703061_R3518311_SWAN_0000.nii.gz,11703061_R3518311_SWAN.nii.gz,18,118,0.468799918889999,0.468800157308578,1.00001835823059,15.9830513000488,5.0,20.2622566223144,0.0,0.0,30.75,56.2999999999999,0,78,131.0,22.9614391326904,126.0,5.48746092402425,87.8354415893554,89.0,79,125.778945922851,130.0,95,123.041915893554,130.0,334,131.527130126953,136.0,258,129.378952026367,133.0,475,124.581108093261,127.0,487,123.087867736816,127.0,808,116.00535583496,124.0,747,113.350578308105,120.0,1121,110.891159057617,119.0,1029,28.1999999999999,0.25
11703061_R3518311_SWAN,11703061_R3518311_SWAN_0000.nii.gz,11703061_R3518311_SWAN.nii.gz,19,99,0.468799918889999,0.468800157308578,1.00001835823059,74.8484878540039,72.0,47.4186973571777,0.0,40.0,116.5,141.2,0,157,209.0,18.902172088623,137.0,7.24784428782438,177.424652099609,177.0,73,212.179779052734,213.0,89,207.458206176757,213.0,323,213.085021972656,213.0,247,207.801315307617,208.5,458,203.867218017578,206.0,482,199.83332824707,205.0,780,193.172561645507,204.0,736,193.078948974609,204.0,1102,188.58251953125,200.5,1018,21.6,0.25
11703061_R3518311_SWAN,11703061_R3518311_SWAN_0000.nii.gz,11703061_R3518311_SWAN.nii.gz,20,46,0.468799918889999,0.468800157308578,1.00001835823059,106.282608032226,108.0,45.5281410217285,44.5,73.25,140.0,190.25,12,199,243.0,27.4057331085205,135.0,4.92597660005775,207.232559204101,209.0,43,242.727279663085,249.0,55,234.017852783203,243.0,224,241.354843139648,248.0,186,236.930236816406,249.0,344,228.361755371093,236.0,387,223.033279418945,233.0,631,211.251602172851,228.0,624,212.109146118164,226.0,907,198.977142333984,206.0,875,22.1999999999999,0.25
11703061_R3518311_SWAN,11703061_R3518311_SWAN_0000.nii.gz,11703061_R3518311_SWAN.nii.gz,21,44,0.468799918889999,0.468800157308578,1.00001835823059,80.7272720336914,80.5,22.0715408325195,50.15,63.25,95.75,118.4,34,120,222.0,33.2827682495117,141.5,4.25144924662556,142.658538818359,144.0,41,181.415100097656,188.0,53,195.199127197265,199.0,231,216.727752685546,225.0,191,217.979766845703,228.0,346,219.167541503906,226.0,382,217.90217590332,223.0,644,218.692932128906,223.0,622,216.038162231445,223.0,917,218.944259643554,223.0,879,50.8,0.75
11703061_R3518311_SWAN,11703061_R3518311_SWAN_0000.nii.gz,11703061_R3518311_SWAN.nii.gz,22,51,0.468799918889999,0.468800157308578,1.00001835823059,59.6862754821777,68.0,22.6936016082763,19.0,42.0,78.5,88.5,6,94,132.0,20.8399066925048,64.0,3.07103102448235,106.903846740722,106.0,52,126.411766052246,127.0,68,129.021453857421,133.0,233,130.281112670898,132.0,217,128.624649047851,130.0,349,127.070419311523,131.0,426,128.430557250976,132.5,648,130.51806640625,135.0,664,129.251068115234,133.0,932,129.200210571289,133.0,919,16.7999999999999,0.25
11703061_R3518311_SWAN,11703061_R3518311_SWAN_0000.nii.gz,11703061_R3518311_SWAN.nii.gz,23,52,0.468799918889999,0.468800157308578,1.00001835823059,81.3076934814453,87.0,30.3381824493408,36.1,53.0,100.75,130.7,27,142,191.0,20.9409561157226,104.0,4.96634439350722,152.230773925781,152.0,39,173.921569824218,179.0,51,179.089431762695,182.0,246,194.790817260742,196.0,196,188.823684692382,189.0,363,190.320709228515,191.0,396,181.416152954101,188.0,644,182.442184448242,188.0,640,176.703460693359,185.0,924,181.245254516601,188.0,897,26.9999999999999,0.25
11703061_R3518311_SWAN,11703061_R3518311_SWAN_0000.nii.gz,11703061_R3518311_SWAN.nii.gz,24,92,0.468799918889999,0.468800157308578,1.00001835823059,75.8695678710937,84.0,50.4868087768554,0.0,23.25,118.0,145.9,0,167,245.0,35.8918838500976,161.0,4.485693776131,181.47297668457,177.0,74,219.712768554687,225.5,94,226.392852783203,249.5,308,225.474639892578,249.5,276,222.800491333007,242.0,406,223.408996582031,241.0,511,219.44578552246,223.0,747,219.896911621093,224.5,776,214.319030761718,215.0,1025,213.286529541015,216.0,1047,48.3,0.25
11734562_R3666144_SWAN,11734562_R3666144_SWAN_0000.nii.gz,11734562_R3666144_SWAN.nii.gz,1,64,0.468800008296966,0.468800008296966,1.20000743865966,116.65625,125.0,30.9864978790283,58.3,101.75,142.0,153.7,47,166,208.0,11.9299392700195,83.0,6.95728604491581,181.540985107421,182.0,61,206.896102905273,207.0,77,208.790481567382,208.0,210,208.522827148437,208.0,241,207.603775024414,209.0,318,204.324264526367,206.0,441,200.950714111328,205.0,487,199.533981323242,204.0,721,196.839202880859,203.0,796,197.017440795898,202.0,917,15.7999999999999,0.25
11734562_R3666144_SWAN,11734562_R3666144_SWAN_0000.nii.gz,11734562_R3666144_SWAN.nii.gz,2,74,0.468800008296966,0.468800008296966,1.20000743865966,70.8243255615234,75.5,36.6153717041015,7.15,40.75,100.5,123.0,0,137,165.0,20.411714553833,89.5,4.38473699815644,147.327270507812,147.0,55,169.014923095703,168.0,67,159.061950683593,162.5,226,165.012878417968,168.0,233,159.556579589843,165.0,327,157.213607788085,164.0,426,154.61782836914,162.0,471,150.846786499023,158.0,731,149.732467651367,157.0,770,146.392974853515,155.0,939,11.4999999999999,0.25
11734562_R3666144_SWAN,11734562_R3666144_SWAN_0000.nii.gz,11734562_R3666144_SWAN.nii.gz,3,228,0.468800008296966,0.468800008296966,1.20000743865966,40.9561386108398,29.0,40.281005859375,0.0,0.0,75.25,108.649999999999,0,134,183.0,30.4744358062744,154.0,5.05341595096217,129.260498046875,128.0,119,156.654678344726,159.0,139,169.054946899414,175.5,364,176.879486083984,183.5,390,179.865417480468,186.0,483,178.854095458984,184.0,610,178.977844238281,184.0,677,182.61767578125,188.0,973,181.933197021484,187.0,1033,182.265396118164,189.0,1202,36.5999999999999,0.25
11734562_R3666144_SWAN,11734562_R3666144_SWAN_0000.nii.gz,11734562_R3666144_SWAN.nii.gz,4,211,0.468800008296966,0.468800008296966,1.20000743865966,34.7156410217285,27.0,34.0038299560546,0.0,0.0,63.5,92.0,0,122,164.0,25.5759696960449,137.0,5.35659064458407,118.530433654785,116.0,115,147.992813110351,147.0,139,159.25,163.0,356,163.004898071289,167.0,408,160.967208862304,166.0,427,157.937301635742,161.5,638,153.800003051757,158.0,725,152.557189941406,156.0,883,150.426437377929,155.0,1074,149.157669067382,156.0,1167,33.8,0.25
11734562_R3666144_SWAN,11734562_R3666144_SWAN_0000.nii.gz,11734562_R3666144_SWAN.nii.gz,5,72,0.468800008296966,0.468800008296966,1.20000743865966,46.0,54.0,27.4459056854248,0.0,25.0,68.0,81.45,0,88,122.0,18.8590145111084,68.0,3.6057027242832,101.377052307128,104.0,61,120.064933776855,120.0,77,121.157409667968,123.0,216,119.825912475585,124.0,247,118.135223388671,121.5,318,115.395881652832,121.0,437,113.476470947265,118.0,510,115.906120300292,120.0,735,113.453063964843,118.0,799,114.313110351562,120.0,923,12.6,0.25
11734562_R3666144_SWAN,11734562_R3666144_SWAN_0000.nii.gz,11734562_R3666144_SWAN.nii.gz,6,112,0.468800008296966,0.468800008296966,1.20000743865966,44.7053565979003,44.0,39.3629264831543,0.0,3.25,75.25,112.449999999999,0,140,180.0,36.6868019104003,136.0,3.70705520563364,123.605262756347,134.0,76,154.543472290039,163.5,92,163.822875976562,178.0,271,168.809356689453,182.0,278,170.564300537109,180.0,381,168.417846679687,179.0,493,169.631774902343,181.0,535,169.902908325195,183.0,824,170.910568237304,184.0,861,169.39453125,181.0,1024,31.7,0.25
11734562_R3666144_SWAN,11734562_R3666144_SWAN_0000.nii.gz,11734562_R3666144_SWAN.nii.gz,7,79,0.468800008296966,0.468800008296966,1.20000743865966,56.1265830993652,62.0,32.7156410217285,0.0,29.0,83.0,99.1,0,114,148.0,19.4248294830322,86.0,4.42732329131238,121.53125,121.0,64,144.462493896484,145.0,80,144.68260192871,148.0,230,144.25390625,150.0,256,140.765243530273,146.0,328,138.481231689453,147.0,453,134.786697387695,145.0,511,135.92185974121,145.0,755,135.781860351562,146.0,816,134.262100219726,142.0,950,17.9999999999999,0.25
11734562_R3666144_SWAN,11734562_R3666144_SWAN_0000.nii.gz,11734562_R3666144_SWAN.nii.gz,8,46,0.468800008296966,0.468800008296966,1.20000743865966,79.5869598388671,93.5,40.50044631958,9.0,45.5,108.75,131.25,0,147,241.0,25.6038551330566,147.5,5.76085121687654,182.090911865234,181.5,44,226.285720825195,225.5,56,224.432586669921,229.5,178,238.700485229492,249.0,207,234.711196899414,241.0,277,231.663208007812,242.0,386,224.866668701171,234.0,435,215.759201049804,232.5,652,212.746719360351,237.0,687,216.038162231445,233.0,760,41.2999999999999,0.25
11734562_R3666144_SWAN,11734562_R3666144_SWAN_0000.nii.gz,11734562_R3666144_SWAN.nii.gz,9,78,0.468800008296966,0.468800008296966,1.20000743865966,64.6282043457031,69.5,32.827091217041,5.1,39.5,91.5,108.299999999999,0,118,140.0,12.1038370132446,70.5,5.82459925087022,121.652778625488,123.0,72,140.336959838867,141.0,92,142.931335449218,143.0,233,142.260711669921,140.0,280,141.919647216796,140.0,336,142.255233764648,139.0,478,142.520721435546,140.0,555,142.930480957031,140.0,748,142.188217163085,140.0,866,142.089782714843,140.0,969,10.5999999999999,0.25
11734562_R3666144_SWAN,11734562_R3666144_SWAN_0000.nii.gz,11734562_R3666144_SWAN.nii.gz,10,57,0.468800008296966,0.468800008296966,1.20000743865966,99.4561386108398,110.0,41.7608375549316,30.4,64.0,135.0,156.199999999999,4,166,215.0,34.0774002075195,105.0,3.08122096640549,173.153839111328,175.5,52,201.20588684082,205.5,68,208.839370727539,217.0,193,212.485595703125,222.0,243,209.013427734375,213.0,298,208.631072998046,212.5,412,206.763854980468,213.0,487,205.771926879882,211.0,684,206.433502197265,210.0,782,203.960586547851,209.0,888,30.2,0.25
11769154_R3533292_SWAN,11769154_R3533292_SWAN_0000.nii.gz,11769154_R3533292_SWAN.nii.gz,1,56,0.468799889087677,0.468800157308578,0.99997740983963,50.5,53.0,26.4054927825927,3.5,35.5,69.0,90.25,0,97,129.0,21.213056564331,76.0,3.58269916310839,111.142860412597,109.0,49,120.505264282226,125.0,95,129.396133422851,131.0,207,126.281936645507,130.0,227,123.79881286621,128.0,338,123.717239379882,127.0,435,121.277687072753,125.0,623,116.469718933105,122.0,677,110.688323974609,119.0,908,102.281585693359,114.5,934,13.7999999999999,0.25
11919119_R3667211_SWAN,11919119_R3667211_SWAN_0000.nii.gz,11919119_R3667211_SWAN.nii.gz,1,122,0.468800008296966,0.468800008296966,0.999997735023498,41.4262313842773,34.0,40.7277908325195,0.0,0.0,70.75,112.899999999999,0,139,215.0,37.0157051086425,181.0,4.88981634872975,127.765434265136,131.0,81,165.721847534179,172.0,151,194.442504882812,204.0,287,200.788650512695,212.0,317,211.473312377929,220.0,431,209.245895385742,220.0,549,213.751632690429,223.0,765,214.283065795898,221.0,809,214.793548583984,221.0,1085,213.831802368164,218.0,1088,55.0,0.25
12158230_R3539338_SWAN,12158230_R3539338_SWAN_0000.nii.gz,12158230_R3539338_SWAN.nii.gz,1,74,0.468801587820053,0.468801826238632,1.00000643730163,84.8378372192382,88.5,45.362808227539,12.6,51.25,114.75,153.35,3,163,223.0,41.1534309387207,134.5,3.26825727362261,172.098358154296,179.0,61,200.610382080078,213.0,77,208.010757446289,222.0,279,209.752166748046,224.5,230,212.678390502929,225.0,398,208.59732055664,220.0,447,211.238021850585,219.5,710,211.032943725585,217.0,698,211.282287597656,217.0,999,212.043304443359,220.0,970,29.0999999999999,0.25
12158230_R3539338_SWAN,12158230_R3539338_SWAN_0000.nii.gz,12158230_R3539338_SWAN.nii.gz,2,53,0.468801587820053,0.468801826238632,1.00000643730163,115.433959960937,119.0,32.3165435791015,60.8,89.0,143.0,160.6,48,167,216.0,20.0406246185302,97.0,4.84016850005315,185.891311645507,190.5,46,216.672409057617,217.0,58,216.953384399414,215.0,236,221.566131591796,220.0,189,220.70994567871,218.0,362,212.639389038085,215.0,391,212.537292480468,217.0,657,206.054779052734,212.0,639,203.004318237304,210.0,927,202.333709716796,209.0,899,17.3,0.25
12158230_R3539338_SWAN,12158230_R3539338_SWAN_0000.nii.gz,12158230_R3539338_SWAN.nii.gz,3,86,0.468801587820053,0.468801826238632,1.00000643730163,71.1511611938476,73.5,44.0019836425781,0.0,31.75,102.0,139.5,0,153,196.0,23.3228645324707,122.5,5.25235653748502,160.142852783203,162.0,63,193.0,190.0,79,193.41860961914,195.0,301,198.085708618164,201.0,245,191.322113037109,197.0,416,190.28758239746,193.0,459,188.195419311523,191.0,742,187.077667236328,188.0,721,184.878265380859,186.0,1035,185.930587768554,187.0,994,24.3999999999999,0.25
12158230_R3539338_SWAN,12158230_R3539338_SWAN_0000.nii.gz,12158230_R3539338_SWAN.nii.gz,4,73,0.468801587820053,0.468801826238632,1.00000643730163,79.9041061401367,85.0,38.7344894409179,10.2,53.0,110.0,135.799999999999,0,139,190.0,22.118896484375,105.0,4.74707226349076,156.492309570312,158.0,65,184.135803222656,189.0,81,182.880432128906,186.5,276,186.030441284179,190.0,230,188.292388916015,191.0,407,186.593399047851,190.0,455,185.852325439453,191.0,711,183.361190795898,189.0,706,179.197433471679,184.0,1013,180.107360839843,185.0,978,18.7,0.25
12371830_R3667245_SWAN,12371830_R3667245_SWAN_0000.nii.gz,12371830_R3667245_SWAN.nii.gz,1,108,0.468801170587539,0.468801438808441,1.00001215934753,74.8981475830078,73.0,51.8657341003418,0.0,21.75,117.5,155.649999999999,0,170,227.0,32.7733001708984,154.0,4.69894698419009,175.452056884765,181.0,73,217.101119995117,222.0,89,210.384140014648,213.5,328,222.315170288085,232.0,257,222.284790039062,230.0,460,216.63052368164,230.0,498,219.676315307617,233.0,794,211.076721191406,228.0,756,213.329696655273,229.0,1101,205.148010253906,219.0,1027,28.9,0.25
12371830_R3667245_SWAN,12371830_R3667245_SWAN_0000.nii.gz,12371830_R3667245_SWAN.nii.gz,2,99,0.468801170587539,0.468801438808441,1.00001215934753,50.3838386535644,42.0,43.0889854431152,0.0,11.5,81.5,130.299999999999,0,145,210.0,45.5485076904296,168.0,3.68837550379941,159.402770996093,155.0,72,204.5,207.5,88,208.258895874023,212.0,309,204.477905273437,212.0,249,196.582748413085,212.0,429,183.151336669921,204.0,489,176.351821899414,190.0,739,172.855926513671,184.0,708,168.429168701171,189.0,953,170.836349487304,188.0,886,35.1,0.25
12371830_R3667245_SWAN,12371830_R3667245_SWAN_0000.nii.gz,12371830_R3667245_SWAN.nii.gz,3,77,0.468801170587539,0.468801438808441,1.00001215934753,62.1428565979003,56.0,41.2161598205566,0.0,32.0,92.0,130.8,0,153,201.5,35.2159957885742,145.5,4.1316452010483,136.696975708007,136.0,66,174.134140014648,166.5,82,189.003616333007,182.5,276,200.547012329101,201.0,234,197.699249267578,202.0,399,204.720428466796,215.0,465,203.270034790039,217.0,711,209.915496826171,221.5,710,206.557647705078,219.0,1006,210.668029785156,222.0,973,42.1999999999999,0.25
12378856_R3611597_SWAN,12378856_R3611597_SWAN_0000.nii.gz,12378856_R3611597_SWAN.nii.gz,1,115,0.468800008296966,0.468800008296966,0.999999344348907,88.5652160644531,96.0,49.721336364746,2.0,48.5,127.0,159.0,0,190,214.0,32.1037368774414,118.0,3.67558457292602,184.870132446289,185.0,77,206.927001953125,212.0,137,219.33103942871,221.0,290,212.548706054687,216.0,308,203.164291381835,212.0,420,191.856353759765,204.0,543,179.282348632812,175.0,765,173.678344726562,153.0,799,166.616317749023,145.0,1066,161.799621582031,144.0,1073,20.3999999999999,0.25
12378856_R3611597_SWAN,12378856_R3611597_SWAN_0000.nii.gz,12378856_R3611597_SWAN.nii.gz,2,51,0.468800008296966,0.468800008296966,0.999999344348907,83.0196075439453,81.0,20.7897872924804,50.0,70.0,97.0,117.0,43,130,183.0,31.1392955780029,102.0,3.27560396298924,134.065216064453,131.5,46,161.337081909179,158.0,89,180.980392456054,175.0,204,187.803573608398,183.0,224,191.330307006835,189.0,330,189.063980102539,184.5,422,193.558441162109,196.0,616,193.716873168945,198.0,664,195.629013061523,199.0,903,193.960693359375,202.0,916,34.3,0.75
12378856_R3611597_SWAN,12378856_R3611597_SWAN_0000.nii.gz,12378856_R3611597_SWAN.nii.gz,3,46,0.468800008296966,0.468800008296966,0.999999344348907,79.2826080322265,78.5,35.6270942687988,22.75,59.25,113.0,132.75,12,148,221.0,31.0257549285888,142.5,4.59295834470388,169.292678833007,175.0,41,195.860763549804,202.0,79,220.451919555664,221.0,208,218.83332824707,220.0,210,220.684051513671,227.0,326,210.463409423828,219.0,410,209.754150390625,220.0,602,199.736602783203,215.0,653,196.806381225585,213.0,878,190.828567504882,208.0,910,30.7999999999999,0.25
12378856_R3611597_SWAN,12378856_R3611597_SWAN_0000.nii.gz,12378856_R3611597_SWAN.nii.gz,4,75,0.468800008296966,0.468800008296966,0.999999344348907,60.5733337402343,60.0,40.2555770874023,0.0,28.0,92.0,126.199999999999,0,147,239.0,34.3175239562988,179.0,5.2159940276561,174.622634887695,178.0,53,206.149124145507,212.0,114,229.41047668457,235.0,229,230.046325683593,243.0,259,227.638122558593,241.0,362,221.357604980468,236.0,467,223.746643066406,237.0,671,218.267883300781,232.0,713,217.286590576171,230.0,970,212.554763793945,226.0,977,43.5999999999999,0.25
12378856_R3611597_SWAN,12378856_R3611597_SWAN_0000.nii.gz,12378856_R3611597_SWAN.nii.gz,5,77,0.468800008296966,0.468800008296966,0.999999344348907,117.259742736816,115.0,37.7745895385742,63.6,92.0,152.0,174.4,17,180,223.0,14.5985984802246,108.0,7.39797043848406,189.649993896484,192.0,60,209.0,213.0,109,220.24609375,220.0,256,222.088455200195,221.0,260,224.184692382812,225.0,379,221.473907470703,225.0,479,219.392761230468,222.0,690,218.501358032226,222.0,734,217.215744018554,221.0,978,218.638809204101,223.0,1005,18.7999999999999,0.25
12378856_R3611597_SWAN,12378856_R3611597_SWAN_0000.nii.gz,12378856_R3611597_SWAN.nii.gz,6,38,0.468800008296966,0.468800008296966,0.999999344348907,81.2105255126953,83.5,26.993330001831,28.95,69.5,98.5,118.199999999999,22,126,216.0,39.9626502990722,132.5,3.31559591289359,158.725006103515,155.0,40,186.465759277343,194.0,73,204.610809326171,212.0,185,206.800994873046,216.0,201,200.279602050781,216.0,304,205.043045043945,219.0,395,202.885070800781,222.0,583,205.740447998046,221.0,628,204.186096191406,222.0,849,205.885848999023,222.0,876,40.2,0.25
12378856_R3611597_SWAN,12378856_R3611597_SWAN_0000.nii.gz,12378856_R3611597_SWAN.nii.gz,7,121,0.468800008296966,0.468800008296966,0.999999344348907,10.9504127502441,0.0,20.5534381866455,0.0,0.0,15.0,59.0,0,106,178.5,62.9019203186035,178.5,2.83775120212359,74.6301345825195,65.0,73,109.7027053833,103.0,148,143.189193725585,141.0,296,164.705505371093,184.0,309,170.484237670898,188.0,444,171.229660034179,207.0,553,170.654235839843,194.5,778,170.89793395996,207.0,823,172.392990112304,205.0,1084,172.356948852539,206.0,1101,78.9999999999999,0.75
12378856_R3611597_SWAN,12378856_R3611597_SWAN_0000.nii.gz,12378856_R3611597_SWAN.nii.gz,8,369,0.468800008296966,0.468800008296966,0.999999344348907,36.2818412780761,33.0,24.7329750061035,0.0,20.0,49.0,76.5999999999999,0,149,190.0,51.3842887878418,157.0,3.05540864150577,75.8724822998046,74.0,149,116.300315856933,115.0,313,152.932586669921,150.0,534,182.381423950195,180.0,506,206.008270263671,216.0,726,199.401748657226,204.0,804,214.348007202148,223.0,1158,212.475814819335,218.0,1137,218.285995483398,224.5,1500,214.909210205078,219.0,1465,70.6,0.75
12378856_R3611597_SWAN,12378856_R3611597_SWAN_0000.nii.gz,12378856_R3611597_SWAN.nii.gz,9,68,0.468800008296966,0.468800008296966,0.999999344348907,63.8382339477539,64.5,43.5915565490722,0.35,21.75,100.25,125.0,0,141,218.0,26.4573211669921,153.5,5.8017967514982,156.699996948242,151.0,50,182.786407470703,192.0,103,207.163635253906,212.5,220,210.73306274414,217.0,251,213.40461730957,220.5,346,212.46238708496,218.5,452,207.369308471679,213.0,658,203.152954101562,209.0,693,195.376586914062,205.0,948,194.199584960937,206.0,947,43.6999999999999,0.25
12378856_R3611597_SWAN,12378856_R3611597_SWAN_0000.nii.gz,12378856_R3611597_SWAN.nii.gz,10,36,0.468800008296966,0.468800008296966,0.999999344348907,75.8888854980468,76.5,41.405029296875,0.0,51.5,102.5,138.25,0,147,225.0,31.0676307678222,148.5,4.77989458255716,181.439025878906,183.0,41,206.890411376953,220.0,73,225.149993896484,230.0,180,223.932983398437,227.0,194,215.426223754882,223.0,305,208.608581542968,222.0,396,193.515563964843,214.0,578,187.759170532226,202.0,627,179.481048583984,193.0,844,180.463500976562,198.0,863,28.4,0.25
12378856_R3611597_SWAN,12378856_R3611597_SWAN_0000.nii.gz,12378856_R3611597_SWAN.nii.gz,11,154,0.468800008296966,0.468800008296966,0.999999344348907,40.9025955200195,34.5,36.2408561706543,0.0,0.0,72.0,99.6999999999999,0,126,207.0,38.9665412902832,172.5,4.42687480818358,128.056823730468,130.0,88,160.403503417968,170.0,171,190.620056152343,198.0,329,199.650283813476,205.0,346,207.613449096679,213.0,476,199.025085449218,208.5,598,200.319900512695,212.0,819,195.442779541015,211.0,865,194.504791259765,212.0,1149,188.086730957031,209.0,1153,50.6,0.25
12525202_R3620064_SWAN,12525202_R3620064_SWAN_0000.nii.gz,12525202_R3620064_SWAN.nii.gz,1,159,0.468800008296966,0.468800008296966,0.999976515769958,58.0188674926757,48.0,47.2280006408691,0.0,13.0,108.0,127.299999999999,0,147,205.0,24.9405632019042,157.0,6.2949661051765,156.171722412109,154.0,99,187.496810913085,186.0,157,206.925003051757,209.0,360,207.718933105468,208.0,338,203.576766967773,202.5,482,201.92007446289,200.5,588,200.740249633789,202.5,820,202.7880859375,207.0,873,202.48826599121,205.0,1151,202.211334228515,204.0,1164,37.0,0.25
12525202_R3620064_SWAN,12525202_R3620064_SWAN_0000.nii.gz,12525202_R3620064_SWAN.nii.gz,2,317,0.468800008296966,0.468800008296966,0.999976515769958,30.0,19.0,34.174446105957,0.0,0.0,51.0,96.3999999999999,0,128,201.0,53.341567993164,182.0,3.41197319177651,116.567565917968,122.0,148,147.712493896484,160.5,240,176.525314331054,195.0,474,180.5,205.0,454,181.775970458984,200.0,616,184.563339233398,203.0,742,183.679214477539,200.0,1010,185.956359863281,202.0,1054,187.20425415039,205.0,1361,190.006546020507,207.0,1376,56.7,0.25
12525202_R3620064_SWAN,12525202_R3620064_SWAN_0000.nii.gz,12525202_R3620064_SWAN.nii.gz,3,56,0.468800008296966,0.468800008296966,0.999976515769958,47.1607131958007,47.0,34.8331604003906,0.0,18.5,68.75,105.5,0,125,189.0,52.6936912536621,142.0,2.6948197520729,146.387756347656,144.0,49,161.979385375976,169.0,97,174.903839111328,181.0,208,171.491226196289,191.0,228,169.932556152343,194.0,341,166.895355224609,190.0,430,165.091766357421,187.0,632,160.266067504882,182.0,669,156.336944580078,176.0,923,156.525802612304,173.0,930,30.5999999999999,0.25
12525202_R3620064_SWAN,12525202_R3620064_SWAN_0000.nii.gz,12525202_R3620064_SWAN.nii.gz,4,418,0.468800008296966,0.468800008296966,0.999976515769958,29.5741634368896,12.5,34.8733215332031,0.0,0.0,55.75,97.1499999999999,0,125,187.0,35.2638702392578,174.5,4.94840750082321,114.11173248291,114.0,179,152.476196289062,152.0,273,179.35546875,180.0,557,183.101760864257,191.0,511,181.827529907226,190.0,690,177.492645263671,187.0,816,177.415832519531,185.0,1099,176.435226440429,185.0,1158,172.929214477539,183.0,1455,172.615753173828,183.0,1486,51.8,0.25
12525202_R3620064_SWAN,12525202_R3620064_SWAN_0000.nii.gz,12525202_R3620064_SWAN.nii.gz,5,93,0.468800008296966,0.468800008296966,0.999976515769958,58.0107536315918,49.0,44.7373466491699,0.0,18.0,91.0,126.399999999999,0,147,202.0,41.3964385986328,153.0,3.69597011673977,161.279418945312,164.0,68,181.008270263671,186.0,121,192.721374511718,203.0,262,187.996475219726,202.0,284,187.033859252929,203.5,384,189.207443237304,199.0,511,192.711486816406,201.0,714,196.713165283203,200.0,760,197.694961547851,203.0,1013,199.407196044921,206.0,1029,26.1999999999999,0.25
12525202_R3620064_SWAN,12525202_R3620064_SWAN_0000.nii.gz,12525202_R3620064_SWAN.nii.gz,6,103,0.468800008296966,0.468800008296966,0.999976515769958,107.873786926269,119.0,42.7663955688476,40.2,67.5,141.0,171.399999999999,21,178,214.0,40.9209022521972,95.0,2.32155193975223,184.123291015625,190.0,73,205.325759887695,215.0,132,202.029525756835,221.0,271,196.839584350585,218.0,293,190.748748779296,212.0,398,189.358734130859,211.0,538,188.323577880859,207.0,717,190.215286254882,206.0,785,188.528045654296,203.5,1034,190.667297363281,209.0,1055,17.9999999999999,0.25
12525202_R3620064_SWAN,12525202_R3620064_SWAN_0000.nii.gz,12525202_R3620064_SWAN.nii.gz,7,56,0.468800008296966,0.468800008296966,0.999976515769958,84.1785736083984,86.5,30.9054470062255,35.75,53.75,109.5,131.25,32,138,177.0,32.1920928955078,90.5,2.81124934292882,156.0,159.0,49,165.649490356445,173.0,97,176.961532592773,182.5,208,173.359649658203,183.0,228,165.442810058593,171.0,341,171.090911865234,178.0,429,167.919296264648,173.0,632,174.777450561523,180.5,674,174.929122924804,180.0,917,180.268157958984,184.5,936,16.2999999999999,0.25
12867077_R3593199_SWAN,12867077_R3593199_SWAN_0000.nii.gz,12867077_R3593199_SWAN.nii.gz,1,66,0.468800544738769,0.468799382448196,1.0000250339508,70.3939361572265,70.0,38.3519897460937,12.25,39.75,99.25,130.75,1,161,203.0,37.2923736572265,133.0,3.56641283342464,149.241378784179,154.5,58,181.797302246093,191.0,74,185.0546875,198.0,256,189.26724243164,205.0,232,184.66128540039,201.0,372,186.942352294921,205.0,451,186.770584106445,206.0,680,189.398834228515,207.0,687,187.367446899414,206.0,977,186.089080810546,205.0,943,31.6999999999999,0.25
12867077_R3593199_SWAN,12867077_R3593199_SWAN_0000.nii.gz,12867077_R3593199_SWAN.nii.gz,2,145,0.468800544738769,0.468799382448196,1.0000250339508,60.4827575683593,61.0,45.5119667053222,0.0,18.0,92.0,140.599999999999,0,155,225.0,29.3968696594238,164.0,5.57882529330554,163.697677612304,168.0,86,203.137252807617,207.5,102,211.25340270996,223.0,367,219.481750488281,228.0,274,219.974258422851,225.0,505,218.312255859375,225.0,522,216.228134155273,224.0,846,217.346496582031,224.0,785,214.899826049804,222.0,1168,216.107986450195,222.0,1065,39.1,0.25
12867077_R3593199_SWAN,12867077_R3593199_SWAN_0000.nii.gz,12867077_R3593199_SWAN.nii.gz,3,54,0.468800544738769,0.468799382448196,1.0000250339508,94.740737915039,97.5,35.4532470703125,31.6,73.25,123.75,144.449999999999,25,172,224.0,21.4878978729248,126.5,5.88703468101421,178.711105346679,175.0,45,209.385971069335,212.0,57,209.647537231445,215.0,244,219.005157470703,225.0,194,222.630142211914,226.0,365,223.83332824707,227.0,390,227.493942260742,229.0,660,227.980987548828,231.0,631,226.823150634765,232.0,950,227.838012695312,232.0,889,30.5999999999999,0.25
12867077_R3593199_SWAN,12867077_R3593199_SWAN_0000.nii.gz,12867077_R3593199_SWAN.nii.gz,4,170,0.468800544738769,0.468799382448196,1.0000250339508,54.9294128417968,53.0,45.1352958679199,0.0,11.0,92.0,134.549999999999,0,156,222.0,36.9474296569824,169.0,4.57406649309533,153.742568969726,156.0,101,192.917358398437,198.0,121,201.630920410156,209.0,401,210.644439697265,221.0,315,218.606460571289,229.5,526,213.916809082031,224.0,577,216.934463500976,225.0,885,213.374114990234,221.0,850,213.472045898437,220.0,1216,211.72607421875,219.0,1139,41.2,0.25
12867077_R3593199_SWAN,12867077_R3593199_SWAN_0000.nii.gz,12867077_R3593199_SWAN.nii.gz,5,50,0.468800544738769,0.468799382448196,1.0000250339508,58.060001373291,58.5,25.7770519256591,22.9,37.25,70.75,106.249999999999,4,129,189.0,46.858600616455,130.5,2.78497433306134,121.688888549804,130.0,45,160.350875854492,164.0,57,164.630706787109,171.0,241,177.831634521484,194.0,196,171.29344177246,189.0,351,177.727722167968,198.0,404,178.295486450195,199.0,643,183.606155395507,203.0,650,188.748626708984,208.0,915,194.470977783203,212.0,896,39.7999999999999,0.25
12867077_R3593199_SWAN,12867077_R3593199_SWAN_0000.nii.gz,12867077_R3593199_SWAN.nii.gz,6,74,0.468800544738769,0.468799382448196,1.0000250339508,104.648651123046,111.5,37.4087829589843,45.6,74.0,131.75,170.35,27,173,225.0,32.4956817626953,113.5,3.49277177284203,185.587295532226,183.0,63,213.518981933593,217.0,79,213.672729492187,219.0,275,212.34764099121,221.0,233,221.125625610351,226.5,398,218.428268432617,230.0,460,224.015518188476,233.0,709,223.99575805664,234.0,708,222.861419677734,233.0,1003,226.671127319335,236.0,973,23.2,0.25
12867077_R3593199_SWAN,12867077_R3593199_SWAN_0000.nii.gz,12867077_R3593199_SWAN.nii.gz,7,31,0.468800544738769,0.468799382448196,1.0000250339508,117.419357299804,117.0,26.2011756896972,79.5,94.0,137.0,157.5,63,161,242.0,22.2682380676269,125.0,5.6133763084616,174.551727294921,180.0,29,205.918914794921,208.0,37,213.741287231445,220.0,201,239.359481811523,241.0,153,240.424621582031,246.0,325,244.588058471679,249.0,335,242.308074951171,249.0,594,240.777389526367,250.0,566,233.43489074707,245.0,860,233.670791625976,245.0,808,38.9999999999999,0.25
12867077_R3593199_SWAN,12867077_R3593199_SWAN_0000.nii.gz,12867077_R3593199_SWAN.nii.gz,8,203,0.468800544738769,0.468799382448196,1.0000250339508,17.1674880981445,4.0,22.3855953216552,0.0,0.0,34.5,62.0,0,83,129.0,29.6861133575439,125.0,4.21072299005536,82.9266052246093,78.0,109,112.077522277832,113.0,129,124.295608520507,127.0,433,136.213653564453,133.0,337,128.625930786132,129.0,540,131.532882690429,130.0,593,129.716003417968,129.0,912,130.819519042968,130.0,881,131.545455932617,129.0,1232,131.163818359375,127.5,1172,35.8,0.25
12867077_R3593199_SWAN,12867077_R3593199_SWAN_0000.nii.gz,12867077_R3593199_SWAN.nii.gz,9,82,0.468800544738769,0.468799382448196,1.0000250339508,48.7439041137695,46.5,37.496280670166,0.0,12.25,82.0,106.0,0,120,164.0,29.428819656372,117.5,3.99268476860431,130.859375,128.0,64,156.4375,156.0,80,154.838485717773,160.0,291,167.062240600585,166.0,241,167.353515625,166.0,413,167.561828613281,165.0,461,167.699035644531,166.0,731,160.27668762207,156.0,712,159.310073852539,159.0,1032,152.552490234375,152.0,981,23.5999999999999,0.25
12867077_R3593199_SWAN,12867077_R3593199_SWAN_0000.nii.gz,12867077_R3593199_SWAN.nii.gz,10,67,0.468800544738769,0.468799382448196,1.0000250339508,10.1492538452148,3.0,13.1185789108276,0.0,0.0,18.0,40.0999999999999,0,50,101.0,53.0147972106933,98.0,1.84854050484291,56.6078414916992,50.0,51,92.9365081787109,78.0,63,98.5289611816406,85.0,259,119.112197875976,105.0,205,113.84715270996,104.5,386,121.988067626953,109.0,419,121.643798828125,106.0,685,129.438537597656,111.0,659,130.070846557617,111.0,974,136.68162536621,119.0,914,34.4,0.75
12867077_R3593199_SWAN,12867077_R3593199_SWAN_0000.nii.gz,12867077_R3593199_SWAN.nii.gz,11,157,0.468800544738769,0.468799382448196,1.0000250339508,45.3312110900878,45.0,35.6774978637695,0.0,6.0,73.0,104.599999999999,0,120,200.0,26.2180614471435,155.0,5.91195502049169,134.561798095703,136.0,89,172.152374267578,181.0,105,183.556991577148,192.0,386,192.441284179687,201.0,281,198.882125854492,203.0,526,194.666030883789,200.0,527,194.682708740234,200.0,873,189.87547302246,197.0,795,188.866607666015,197.0,1207,182.410568237304,192.0,1079,41.2,0.25
12867077_R3593199_SWAN,12867077_R3593199_SWAN_0000.nii.gz,12867077_R3593199_SWAN.nii.gz,12,60,0.468800544738769,0.468799382448196,1.0000250339508,62.25,59.5,46.7645263671875,0.0,18.75,104.75,135.05,0,148,189.0,38.7495460510253,129.5,3.34197463447634,156.481475830078,158.0,54,186.985717773437,181.5,70,187.5,182.0,256,189.083694458007,192.0,227,186.146347045898,191.0,369,182.574081420898,188.0,432,179.938232421875,177.5,680,176.360290527343,176.0,680,172.956649780273,168.0,969,170.596801757812,168.5,940,20.4999999999999,0.25
12867077_R3593199_SWAN,12867077_R3593199_SWAN_0000.nii.gz,12867077_R3593199_SWAN.nii.gz,13,31,0.468800544738769,0.468799382448196,1.0000250339508,85.8387069702148,90.0,24.9594478607177,45.0,75.0,98.5,126.0,34,131,212.0,30.1379737854003,122.0,4.04804917771545,148.527770996093,145.0,36,184.02082824707,188.0,48,190.431686401367,203.0,183,202.890808105468,213.0,174,203.070236206054,213.0,299,206.972747802734,214.0,367,207.235595703125,215.0,573,208.324325561523,217.0,592,208.630569458007,217.0,831,208.343002319335,218.0,828,43.8,0.75
12867077_R3593199_SWAN,12867077_R3593199_SWAN_0000.nii.gz,12867077_R3593199_SWAN.nii.gz,14,97,0.468800544738769,0.468799382448196,1.0000250339508,68.1958770751953,68.0,35.5529632568359,12.6,41.0,93.0,129.0,0,147,214.0,24.8349781036376,146.0,5.87880526371854,152.563385009765,149.0,71,185.827590942382,184.0,87,199.051284790039,201.5,312,208.491928100585,211.0,248,215.16438293457,221.0,438,213.258331298828,217.5,480,218.128616333007,221.0,762,219.470901489257,224.0,739,220.260955810546,225.0,1050,220.794692993164,226.0,1018,40.6999999999999,0.25
12867077_R3593199_SWAN,12867077_R3593199_SWAN_0000.nii.gz,12867077_R3593199_SWAN.nii.gz,15,80,0.468800544738769,0.468799382448196,1.0000250339508,31.1749992370605,27.0,29.8097190856933,0.0,0.0,58.0,85.05,0,94,185.0,52.371295928955,158.0,3.01691980687926,114.0357131958,112.5,56,155.397064208984,161.5,68,148.541519165039,162.0,277,181.636795043945,189.5,212,164.771087646484,181.0,415,185.367065429687,197.0,425,173.777465820312,199.0,728,184.0732421875,206.0,669,177.480422973632,204.0,1022,183.68601989746,203.0,930,46.3,0.25
12867077_R3593199_SWAN,12867077_R3593199_SWAN_0000.nii.gz,12867077_R3593199_SWAN.nii.gz,16,44,0.468800544738769,0.468799382448196,1.0000250339508,51.6590919494628,60.0,31.9722480773925,0.449999999999999,23.5,78.5,88.7,0,128,173.0,40.0971946716308,113.0,2.81815226539896,128.363632202148,126.5,44,163.875,156.0,56,164.027404785156,162.0,219,173.684783935546,173.5,184,176.857147216796,181.0,343,179.374359130859,176.0,390,183.1806640625,183.0,631,182.66079711914,181.0,625,182.698776245117,184.0,903,182.542236328125,184.0,876,29.3999999999999,0.25
12867077_R3593199_SWAN,12867077_R3593199_SWAN_0000.nii.gz,12867077_R3593199_SWAN.nii.gz,17,222,0.468800544738769,0.468799382448196,1.0000250339508,28.9189186096191,18.0,31.3405113220214,0.0,0.0,52.75,91.9499999999999,0,111,196.0,32.5431251525878,178.0,5.4696652262312,115.934959411621,114.0,123,159.693878173828,160.0,147,183.717483520507,187.0,446,198.212371826171,200.0,372,197.16909790039,200.0,550,189.096038818359,194.0,656,181.17137145996,188.0,922,173.461624145507,182.0,938,165.875305175781,175.0,1243,161.498779296875,167.0,1235,56.9999999999999,0.25
12867077_R3593199_SWAN,12867077_R3593199_SWAN_0000.nii.gz,12867077_R3593199_SWAN.nii.gz,18,218,0.468800544738769,0.468799382448196,1.0000250339508,44.678897857666,38.0,37.8841514587402,0.0,3.25,75.75,109.299999999999,0,126,175.0,26.74289894104,137.0,5.12285524101345,125.095649719238,124.0,115,162.206100463867,163.0,131,175.702362060546,175.0,467,175.785491943359,175.0,317,178.488159179687,179.0,633,164.53547668457,170.0,592,161.174652099609,169.0,1002,150.638442993164,162.0,874,152.795852661132,163.0,1352,143.802734375,155.0,1171,33.0,0.25
12867077_R3593199_SWAN,12867077_R3593199_SWAN_0000.nii.gz,12867077_R3593199_SWAN.nii.gz,19,41,0.468800544738769,0.468799382448196,1.0000250339508,59.8780479431152,62.0,19.7140483856201,26.0,44.0,79.0,87.0,19,92,169.0,28.4020709991455,107.0,3.76733091059518,101.390243530273,94.0,41,123.0,119.0,53,150.563873291015,153.0,227,160.393615722656,163.5,188,181.23323059082,178.0,343,173.791244506835,174.0,388,178.671997070312,180.0,625,175.146224975585,179.0,636,169.145263671875,177.0,888,167.213729858398,178.0,889,48.4999999999999,0.75
12867077_R3593199_SWAN,12867077_R3593199_SWAN_0000.nii.gz,12867077_R3593199_SWAN.nii.gz,20,99,0.468800544738769,0.468799382448196,1.0000250339508,77.3535385131836,79.0,38.4527282714843,17.7,49.0,110.5,136.299999999999,0,149,199.0,27.523624420166,120.0,4.35989091291619,166.319442749023,168.5,72,198.170455932617,200.0,88,200.25,203.0,304,194.13655090332,200.0,249,198.19580078125,203.0,429,184.223571777343,195.0,492,187.397918701171,195.0,769,183.824325561523,193.0,740,179.677108764648,192.0,1053,179.189865112304,191.0,1006,19.5,0.25
12867077_R3593199_SWAN,12867077_R3593199_SWAN_0000.nii.gz,12867077_R3593199_SWAN.nii.gz,21,105,0.468800544738769,0.468799382448196,1.0000250339508,47.4571418762207,43.0,34.3863296508789,0.0,19.0,76.0,105.6,0,121,172.0,25.035961151123,129.0,5.15258827976785,131.095245361328,132.0,63,159.733337402343,161.0,75,153.438064575195,159.0,331,167.75,168.0,228,173.364974975585,177.5,474,173.403930664062,177.0,458,169.753463745117,175.0,795,164.59243774414,175.0,714,160.681076049804,172.0,1110,160.355270385742,176.0,988,21.1999999999999,0.25
12867077_R3593199_SWAN,12867077_R3593199_SWAN_0000.nii.gz,12867077_R3593199_SWAN.nii.gz,22,58,0.468800544738769,0.468799382448196,1.0000250339508,76.4482727050781,83.0,38.607738494873,13.35,46.25,105.25,141.15,0,148,211.0,28.5194263458251,128.0,4.4881688168576,161.25,160.0,52,197.397064208984,200.5,68,200.849807739257,202.0,253,212.877731323242,212.0,229,209.606643676757,214.0,361,207.359909057617,212.0,439,200.521209716796,209.0,660,191.79475402832,205.0,687,186.464706420898,200.0,949,184.774368286132,203.0,944,31.4999999999999,0.25
12867077_R3593199_SWAN,12867077_R3593199_SWAN_0000.nii.gz,12867077_R3593199_SWAN.nii.gz,23,61,0.468800544738769,0.468799382448196,1.0000250339508,76.2950820922851,79.0,33.9263153076171,21.0,51.0,107.0,125.0,7,132,171.0,23.6042690277099,92.0,3.89760004395805,148.551727294921,147.0,58,173.189193725585,172.0,74,172.536682128906,171.0,259,172.475341796875,171.0,223,176.747375488281,173.0,380,170.322647094726,169.0,437,169.56477355957,170.0,687,160.92251586914,163.5,684,157.0712890625,160.0,982,153.649795532226,158.0,948,14.1999999999999,0.25
12867077_R3593199_SWAN,12867077_R3593199_SWAN_0000.nii.gz,12867077_R3593199_SWAN.nii.gz,24,133,0.468800544738769,0.468799382448196,1.0000250339508,33.5714302062988,24.0,32.8814888000488,0.0,0.0,60.0,91.1999999999999,0,109,177.0,43.8740653991699,153.0,3.48725377071837,116.320983886718,115.0,81,146.81443786621,151.0,97,159.77456665039,168.5,346,162.025360107421,175.0,276,173.405456542968,181.0,476,163.758224487304,178.0,517,171.632720947265,181.0,825,171.664077758789,178.0,774,173.873336791992,181.0,1129,176.432952880859,180.0,1044,39.5,0.25
12867077_R3593199_SWAN,12867077_R3593199_SWAN_0000.nii.gz,12867077_R3593199_SWAN.nii.gz,25,224,0.468800544738769,0.468799382448196,1.0000250339508,44.9151802062988,37.0,41.2521324157714,0.0,3.0,76.25,126.699999999999,0,150,198.0,45.0518798828125,161.0,3.57365775676371,135.128204345703,137.0,156,168.733337402343,175.5,180,179.775985717773,189.0,558,188.873245239257,199.0,426,191.842254638671,202.0,672,190.239685058593,199.0,751,195.028564453125,201.0,1050,195.102142333984,198.0,1077,196.976913452148,202.0,1386,194.092010498046,198.0,1402,39.8999999999999,0.25
12867077_R3593199_SWAN,12867077_R3593199_SWAN_0000.nii.gz,12867077_R3593199_SWAN.nii.gz,26,142,0.468800544738769,0.468799382448196,1.0000250339508,44.3661956787109,40.5,37.5594329833984,0.0,9.25,72.0,110.799999999999,0,136,173.0,36.6805763244628,132.5,3.61226603497049,136.123718261718,140.0,97,170.709396362304,174.0,117,163.252075195312,168.0,361,172.860000610351,180.5,300,162.789794921875,161.5,490,174.497329711914,180.0,561,169.259567260742,174.0,836,175.847274780273,182.0,825,173.370986938476,178.0,1151,175.373306274414,185.0,1109,23.0999999999999,0.25
12867077_R3593199_SWAN,12867077_R3593199_SWAN_0000.nii.gz,12867077_R3593199_SWAN.nii.gz,27,78,0.468800544738769,0.468799382448196,1.0000250339508,75.2179489135742,77.0,35.1136054992675,11.1,54.0,99.75,127.0,1,143,192.0,17.2878189086914,115.0,6.65208263734091,143.48387145996,142.0,62,169.884613037109,170.0,78,178.436828613281,178.0,277,187.924682617187,188.0,239,195.11929321289,196.0,394,198.224136352539,199.0,464,201.479721069335,202.0,715,201.605667114257,203.0,705,202.361465454101,203.0,1007,202.338180541992,204.0,964,29.1999999999999,0.25
12867077_R3593199_SWAN,12867077_R3593199_SWAN_0000.nii.gz,12867077_R3593199_SWAN.nii.gz,28,29,0.468800544738769,0.468799382448196,1.0000250339508,71.3793106079101,73.0,27.5761184692382,28.0,50.0,89.0,117.399999999999,17,127,220.0,32.224998474121,147.0,4.56167593360946,147.75862121582,142.0,29,194.756759643554,208.0,37,197.456985473632,212.0,186,212.324142456054,223.0,145,216.495208740234,222.0,313,208.576690673828,216.0,326,209.939132690429,219.0,575,201.830017089843,215.0,553,201.399047851562,211.0,837,197.547744750976,210.0,796,49.4,0.75
12867077_R3593199_SWAN,12867077_R3593199_SWAN_0000.nii.gz,12867077_R3593199_SWAN.nii.gz,29,80,0.468800544738769,0.468799382448196,1.0000250339508,68.5749969482421,66.5,32.1207771301269,20.75,42.75,96.75,116.0,0,140,191.0,23.6385345458984,124.5,5.26682395468555,151.214279174804,150.0,56,183.367645263671,183.0,68,177.041671752929,184.0,288,190.507049560546,191.0,213,189.99526977539,192.0,423,192.460830688476,193.0,434,193.532882690429,197.0,730,193.910293579101,195.0,680,191.470413208007,194.0,1031,193.36653137207,196.0,944,24.8,0.25
12867077_R3593199_SWAN,12867077_R3593199_SWAN_0000.nii.gz,12867077_R3593199_SWAN.nii.gz,30,101,0.468800544738769,0.468799382448196,1.0000250339508,83.4554443359375,92.0,49.7254905700683,2.0,32.0,126.0,155.0,0,172,235.0,19.1123390197753,143.0,7.48207740831925,190.75,192.0,72,229.045455932617,230.0,88,233.779556274414,237.0,313,231.919998168945,236.0,250,233.453720092773,239.0,443,224.496856689453,230.0,477,223.141738891601,229.0,769,217.675750732421,222.0,734,214.268341064453,219.0,1077,210.225296020507,214.0,1012,27.8,0.25
12867077_R3593199_SWAN,12867077_R3593199_SWAN_0000.nii.gz,12867077_R3593199_SWAN.nii.gz,31,136,0.468800544738769,0.468799382448196,1.0000250339508,41.566177368164,35.5,39.7850303649902,0.0,0.0,75.5,109.25,0,143,218.0,28.9673633575439,182.5,6.30019369548425,139.107528686523,137.0,93,181.69026184082,189.0,113,200.717941284179,208.0,351,210.135757446289,218.0,302,215.735610961914,222.0,469,213.300186157226,220.0,553,216.884841918945,222.0,825,218.389907836914,223.0,813,220.850051879882,224.0,1127,219.865020751953,224.0,1089,52.4,0.25
12867077_R3593199_SWAN,12867077_R3593199_SWAN_0000.nii.gz,12867077_R3593199_SWAN.nii.gz,32,274,0.468800544738769,0.468799382448196,1.0000250339508,32.248176574707,20.5,34.9830589294433,0.0,0.0,59.75,95.0,0,123,190.0,32.999225616455,169.5,5.13648416996424,126.199996948242,124.0,145,170.121383666992,174.0,173,188.593383789062,191.5,514,193.893371582031,199.0,422,183.500823974609,191.0,609,172.640518188476,184.0,701,166.985885620117,175.0,992,160.952285766601,169.0,1027,159.338104248046,167.0,1328,159.497406005859,169.0,1349,48.5,0.25
12867077_R3593199_SWAN,12867077_R3593199_SWAN_0000.nii.gz,12867077_R3593199_SWAN.nii.gz,33,96,0.468800544738769,0.468799382448196,1.0000250339508,75.2395858764648,76.5,53.1018600463867,0.0,26.75,111.0,166.5,0,188,214.0,27.8171634674072,137.5,4.94299140748501,169.661758422851,177.0,68,202.845245361328,208.0,84,208.548385620117,215.0,310,210.232284545898,216.0,254,205.664352416992,214.0,432,201.318756103515,211.0,480,196.431350708007,206.0,772,194.938613891601,205.0,733,190.543502807617,200.0,1069,183.993988037109,200.0,998,24.8,0.25
12867077_R3593199_SWAN,12867077_R3593199_SWAN_0000.nii.gz,12867077_R3593199_SWAN.nii.gz,34,57,0.468800544738769,0.468799382448196,1.0000250339508,85.4561386108398,84.0,50.1160316467285,0.8,38.0,126.0,162.2,0,169,233.0,36.5374374389648,149.0,4.07800903522317,189.519226074218,190.0,52,222.70588684082,229.0,68,227.523620605468,238.0,254,225.26008605957,234.0,223,219.861114501953,231.0,360,214.002349853515,222.0,426,214.176467895507,228.0,663,211.463119506835,226.5,678,210.948089599609,224.0,944,206.600631713867,221.0,944,28.2,0.25
12867077_R3593199_SWAN,12867077_R3593199_SWAN_0000.nii.gz,12867077_R3593199_SWAN.nii.gz,35,66,0.468800544738769,0.468799382448196,1.0000250339508,74.9848480224609,83.5,30.867504119873,22.75,50.0,100.75,116.75,11,127,202.0,22.6424942016601,118.5,5.23352237366639,147.052627563476,146.0,57,182.452056884765,180.0,73,199.770431518554,200.0,257,202.693618774414,205.0,235,204.136993408203,204.0,365,199.817184448242,201.0,454,198.80029296875,199.0,681,197.302459716796,196.0,691,197.897415161132,198.0,965,198.773880004882,199.0,942,39.4,0.25
12867077_R3593199_SWAN,12867077_R3593199_SWAN_0000.nii.gz,12867077_R3593199_SWAN.nii.gz,36,72,0.468800544738769,0.468799382448196,1.0000250339508,53.7222213745117,52.0,40.7973403930664,0.0,12.5,94.5,114.45,0,125,190.0,33.9464416503906,138.0,4.0652272606726,147.816665649414,150.5,60,180.723678588867,185.0,76,176.783889770507,187.0,273,181.094421386718,189.0,233,183.122131347656,189.0,393,182.742156982421,192.5,446,187.845291137695,198.0,711,188.192199707031,199.5,692,192.122146606445,201.0,1007,193.796661376953,203.0,959,23.5,0.25
12867077_R3593199_SWAN,12867077_R3593199_SWAN_0000.nii.gz,12867077_R3593199_SWAN.nii.gz,37,52,0.468800544738769,0.468799382448196,1.0000250339508,56.7115402221679,54.0,36.3954429626464,0.0,24.75,87.5,114.449999999999,0,122,192.0,28.7827243804931,138.0,4.79454266301234,133.215682983398,133.0,51,171.880599975585,181.0,67,182.164611816406,190.0,243,191.707214355468,196.0,222,183.331405639648,189.0,347,187.671356201171,193.0,426,186.355590820312,192.0,644,190.93016052246,197.0,673,191.05972290039,198.0,921,194.313171386718,201.0,926,39.6,0.25
12867077_R3593199_SWAN,12867077_R3593199_SWAN_0000.nii.gz,12867077_R3593199_SWAN.nii.gz,38,54,0.468800544738769,0.468799382448196,1.0000250339508,81.7222213745117,86.0,30.1492691040039,31.0,57.75,103.75,128.0,20,134,193.0,20.5140838623046,107.0,5.21592875988072,162.166671752929,164.0,48,190.350006103515,190.0,60,182.909088134765,183.0,242,189.768417358398,189.0,190,195.069152832031,195.0,376,192.7890625,196.0,384,198.540542602539,202.0,666,196.28938293457,201.0,622,197.263534545898,202.0,960,194.097061157226,201.0,886,13.5999999999999,0.25
12867077_R3593199_SWAN,12867077_R3593199_SWAN_0000.nii.gz,12867077_R3593199_SWAN.nii.gz,39,134,0.468800544738769,0.468799382448196,1.0000250339508,56.6716423034668,53.0,45.293529510498,0.0,11.25,101.75,127.35,0,139,222.0,29.1923179626464,169.0,5.78919427420072,159.228256225585,157.5,92,196.669647216796,204.0,112,209.025573730468,221.0,352,212.674499511718,224.0,298,213.768569946289,222.0,471,214.512054443359,221.0,539,212.144256591796,220.0,818,212.295745849609,218.0,798,209.181823730468,215.0,1133,208.332092285156,212.0,1081,43.3,0.25
12867077_R3593199_SWAN,12867077_R3593199_SWAN_0000.nii.gz,12867077_R3593199_SWAN.nii.gz,40,31,0.468800544738769,0.468799382448196,1.0000250339508,121.935485839843,119.0,27.717393875122,75.0,104.5,141.0,162.5,65,172,206.0,25.229528427124,87.0,3.44834031485373,181.027770996093,185.5,36,206.9375,212.5,48,205.151824951171,212.0,191,202.74853515625,210.0,171,200.160659790039,208.0,305,194.847229003906,199.0,360,193.651718139648,199.0,580,194.642852783203,200.0,588,183.22102355957,195.0,837,179.978958129882,196.0,808,14.5999999999999,0.25
12901891_R3564099_SWAN,12901891_R3564099_SWAN_0000.nii.gz,12901891_R3564099_SWAN.nii.gz,1,177,0.468800246715545,0.468800127506256,1.40002298355102,101.768363952636,105.0,30.1429271697998,45.8,82.0,124.0,144.0,19,158,225.0,25.897569656372,120.0,4.63363943382517,162.440475463867,163.0,84,195.021270751953,196.0,94,204.207717895507,204.0,337,220.20588684082,222.0,306,226.347076416015,229.0,291,228.834671020507,232.0,623,224.745651245117,232.0,574,219.86619567871,227.0,568,216.1474609375,226.0,1024,210.682556152343,222.0,923,37.0,0.75
12901891_R3564099_SWAN,12901891_R3564099_SWAN_0000.nii.gz,12901891_R3564099_SWAN.nii.gz,2,178,0.468800246715545,0.468800127506256,1.40002298355102,82.5,85.0,36.7587432861328,10.5499999999999,59.0,111.75,135.15,0,148,221.0,46.3183937072753,136.0,2.93619854046531,164.565216064453,165.5,92,197.111114501953,205.0,108,205.121124267578,214.0,322,211.210372924804,223.0,328,206.421722412109,221.0,313,208.860107421875,222.0,579,195.818634033203,217.0,612,185.150329589843,208.0,612,186.494400024414,203.0,983,177.141967773437,189.0,958,36.2999999999999,0.25
12901891_R3564099_SWAN,12901891_R3564099_SWAN_0000.nii.gz,12901891_R3564099_SWAN.nii.gz,3,93,0.468800246715545,0.468800127506256,1.40002298355102,66.2903213500976,66.0,24.9759349822998,29.6,46.0,84.0,106.399999999999,22,119,155.0,18.644229888916,89.0,4.77359486180281,131.915252685546,133.0,59,156.239440917968,153.0,71,148.05239868164,153.0,229,159.679016113281,157.0,243,154.497924804687,155.0,241,152.909683227539,155.0,465,149.214279174804,154.0,490,143.668670654296,149.0,498,141.566314697265,150.0,837,137.765930175781,148.0,816,14.3999999999999,0.25
12901891_R3564099_SWAN,12901891_R3564099_SWAN_0000.nii.gz,12901891_R3564099_SWAN.nii.gz,4,156,0.468800246715545,0.468800127506256,1.40002298355102,71.5705108642578,70.5,35.7564964294433,16.25,45.5,97.0,132.0,0,144,220.0,40.8478775024414,149.5,3.65992088551148,158.692306518554,164.0,91,195.775695800781,205.0,107,185.12661743164,199.5,308,212.181243896484,219.5,320,217.912628173828,226.0,309,208.954940795898,224.0,577,218.03076171875,227.0,585,218.5,227.0,606,211.705184936523,224.0,1004,214.096939086914,225.0,949,32.1999999999999,0.25
12901891_R3564099_SWAN,12901891_R3564099_SWAN_0000.nii.gz,12901891_R3564099_SWAN.nii.gz,5,110,0.468800246715545,0.468800127506256,1.40002298355102,68.0454559326171,69.0,27.8732147216796,23.45,47.25,88.75,114.749999999999,11,122,165.0,17.5216979980468,96.0,5.4789210503857,133.910446166992,136.0,67,158.569625854492,159.0,79,154.826766967773,160.0,254,164.779922485351,166.0,259,164.449386596679,165.0,247,168.885543823242,168.0,498,166.802764892578,167.0,507,168.19921875,169.0,517,171.29605102539,170.0,885,168.111785888671,168.0,832,18.2,0.25
12901891_R3564099_SWAN,12901891_R3564099_SWAN_0000.nii.gz,12901891_R3564099_SWAN.nii.gz,6,66,0.468800246715545,0.468800127506256,1.40002298355102,95.515151977539,96.0,19.9812355041503,63.25,85.0,112.0,122.0,46,126,172.0,12.9656476974487,76.0,5.86164314914669,140.471694946289,141.0,53,162.892303466796,163.0,65,165.020202636718,167.0,198,171.675552368164,172.0,225,172.388397216796,173.0,224,171.3388671875,173.0,422,169.616058349609,169.0,461,168.968688964843,169.0,479,165.659347534179,168.0,775,163.486450195312,166.0,775,19.3999999999999,0.25
12901891_R3564099_SWAN,12901891_R3564099_SWAN_0000.nii.gz,12901891_R3564099_SWAN.nii.gz,7,107,0.468800246715545,0.468800127506256,1.40002298355102,43.1775703430175,43.0,31.1273593902587,0.0,14.0,70.5,91.1999999999999,0,106,166.0,18.9893150329589,123.0,6.47732684335974,120.758064270019,120.5,62,150.783782958984,152.5,74,151.216094970703,161.5,236,165.670364379882,169.0,270,164.087295532226,167.0,252,165.216094970703,166.0,472,160.246459960937,164.0,495,158.172225952148,162.0,540,153.261398315429,160.0,834,153.108978271484,162.0,835,30.9,0.25
12901891_R3564099_SWAN,12901891_R3564099_SWAN_0000.nii.gz,12901891_R3564099_SWAN.nii.gz,8,77,0.468800246715545,0.468800127506256,1.40002298355102,70.4415588378906,72.0,29.7279872894287,14.8,52.0,92.0,115.2,0,122,160.0,14.5195026397705,88.0,6.06081366444043,132.685180664062,136.0,54,153.666671752929,153.0,66,158.226409912109,158.0,212,162.634460449218,161.0,238,163.21238708496,161.0,226,164.590911865234,161.0,440,161.513977050781,159.0,465,160.610198974609,161.0,490,154.71662902832,158.0,794,158.01382446289,162.0,796,15.9999999999999,0.25
12901891_R3564099_SWAN,12901891_R3564099_SWAN_0000.nii.gz,12901891_R3564099_SWAN.nii.gz,9,93,0.468800246715545,0.468800127506256,1.40002298355102,59.440860748291,65.0,27.0636272430419,10.0,37.0,81.0,96.3999999999999,0,111,155.0,14.404013633728,90.0,6.24825845688305,120.525421142578,123.0,59,143.36619567871,144.0,71,147.31004333496,151.0,229,154.114761352539,155.5,244,153.548934936523,154.0,235,156.563171386718,158.0,467,154.573776245117,155.0,488,155.943893432617,156.0,499,155.981994628906,157.0,833,158.443084716796,158.0,817,20.8999999999999,0.25
12901891_R3564099_SWAN,12901891_R3564099_SWAN_0000.nii.gz,12901891_R3564099_SWAN.nii.gz,10,111,0.468800246715545,0.468800127506256,1.40002298355102,19.4594593048095,13.0,20.7059135437011,0.0,0.0,32.5,62.5,0,80,121.0,29.7018928527832,108.0,3.63613189688952,82.0,79.5,64,109.973686218261,107.0,76,109.040161132812,110.0,249,121.019233703613,122.0,260,119.769546508789,121.0,243,127.956428527832,129.0,482,128.184646606445,132.0,482,127.701614379882,134.0,496,132.56428527832,142.0,840,133.392547607421,144.0,805,26.1,0.25
12901891_R3564099_SWAN,12901891_R3564099_SWAN_0000.nii.gz,12901891_R3564099_SWAN.nii.gz,11,57,0.468800246715545,0.468800127506256,1.40002298355102,100.894737243652,101.0,25.1540412902832,60.8,82.0,118.0,143.2,52,156,230.0,25.670352935791,129.0,5.02525229484247,174.025634765625,177.0,39,209.893615722656,213.0,47,200.752685546875,203.5,186,225.84422302246,230.0,199,228.305694580078,233.0,193,230.775604248046,235.0,410,223.075286865234,227.0,425,216.919815063476,223.0,424,215.945404052734,228.0,751,205.469589233398,223.0,707,29.9,0.25
12901891_R3564099_SWAN,12901891_R3564099_SWAN_0000.nii.gz,12901891_R3564099_SWAN.nii.gz,12,220,0.468800246715545,0.468800127506256,1.40002298355102,45.4318199157714,40.0,38.7342910766601,0.0,1.0,78.0,112.0,0,129,234.0,46.1499786376953,194.0,4.20368558614111,137.696075439453,134.0,102,180.593215942382,178.5,118,202.721206665039,205.0,330,225.416900634765,238.0,367,220.24348449707,243.0,345,214.609710693359,240.0,597,206.604919433593,236.0,610,204.942153930664,229.0,605,201.232666015625,226.5,894,198.346893310546,219.0,836,67.6999999999999,0.75
12901891_R3564099_SWAN,12901891_R3564099_SWAN_0000.nii.gz,12901891_R3564099_SWAN.nii.gz,13,285,0.468800246715545,0.468800127506256,1.40002298355102,54.3438606262207,44.0,46.3707542419433,0.0,6.0,101.0,127.0,0,139,246.0,21.2356204986572,202.0,9.51231917206153,158.199996948242,158.0,130,204.286666870117,204.0,150,226.06053161621,231.0,380,241.161056518554,248.0,416,242.644332885742,248.5,388,239.124237060546,247.0,660,237.339599609375,247.0,692,235.668899536132,245.0,746,230.875671386718,242.0,1110,230.030471801757,238.0,1083,59.3999999999999,0.25
12903886_R3643990_SWAN,12903886_R3643990_SWAN_0000.nii.gz,12903886_R3643990_SWAN.nii.gz,1,66,0.468800008296966,0.468800008296966,1.00001776218414,107.530303955078,109.0,37.122329711914,50.0,81.25,132.0,169.5,37,178,247.0,15.6589069366455,138.0,8.81287567250608,196.983612060546,197.0,61,234.948059082031,238.0,77,244.034347534179,249.0,262,246.580352783203,249.5,224,245.506530761718,250.0,383,239.645370483398,244.0,454,233.177154541015,242.0,683,229.118240356445,242.0,702,219.701354980468,234.0,961,216.929748535156,231.0,968,33.7,0.25
12903886_R3643990_SWAN,12903886_R3643990_SWAN_0000.nii.gz,12903886_R3643990_SWAN.nii.gz,2,47,0.468800008296966,0.468800008296966,1.00001776218414,99.4893646240234,95.0,34.2747802734375,47.3,70.5,125.5,154.1,38,171,172.0,46.9002685546875,77.0,1.64178164374933,181.139541625976,182.0,43,207.854537963867,212.0,55,188.539825439453,191.0,226,173.952377319335,174.0,189,167.666671752929,174.0,345,147.746154785156,147.0,390,160.198104858398,166.0,631,160.668792724609,164.0,625,173.453948974609,182.5,912,175.488021850585,186.0,877,-9.0,0.25
12903886_R3643990_SWAN,12903886_R3643990_SWAN_0000.nii.gz,12903886_R3643990_SWAN.nii.gz,3,99,0.468800008296966,0.468800008296966,1.00001776218414,64.5252532958984,60.0,43.6772689819335,0.0,23.0,100.5,132.2,0,141,219.0,30.3208236694335,159.0,5.2439208688215,159.355270385742,160.0,76,192.0625,199.5,96,207.743499755859,215.0,308,209.928573608398,219.5,280,213.775604248046,220.0,410,208.687744140625,217.0,522,209.8544921875,218.0,756,207.306594848632,219.0,773,206.425964355468,219.0,1040,207.253601074218,220.0,1041,38.7999999999999,0.25
12903886_R3643990_SWAN,12903886_R3643990_SWAN_0000.nii.gz,12903886_R3643990_SWAN.nii.gz,4,116,0.468800008296966,0.468800008296966,1.00001776218414,54.3362083435058,52.0,36.542121887207,0.0,22.75,83.5,112.25,0,118,190.0,25.4705410003662,138.0,5.41802390447913,137.614456176757,136.0,83,169.165054321289,167.0,103,186.524093627929,189.0,332,186.288192749023,191.0,288,189.219451904296,190.0,442,185.685333251953,189.0,518,187.094024658203,191.0,787,180.53367614746,192.0,772,182.975723266601,198.0,1030,179.964065551757,196.0,946,37.3999999999999,0.25
13021094_R3611126_SWAN,13021094_R3611126_SWAN_0000.nii.gz,13021094_R3611126_SWAN.nii.gz,1,203,0.468800008296966,0.468800008296966,1.40000092983245,42.5073890686035,38.0,37.3256721496582,0.0,1.0,72.5,109.799999999999,0,128,219.0,45.996524810791,181.0,3.93507989450404,136.56362915039,133.5,110,178.876922607421,175.5,130,199.06884765625,205.0,305,207.629623413085,227.0,378,202.051773071289,224.0,367,198.249557495117,220.0,573,193.093643188476,204.5,630,188.387924194335,184.5,696,193.349853515625,199.0,989,189.222778320312,185.0,1010,61.9999999999999,0.25
13021094_R3611126_SWAN,13021094_R3611126_SWAN_0000.nii.gz,13021094_R3611126_SWAN.nii.gz,2,88,0.468800008296966,0.468800008296966,1.40000092983245,93.3181838989257,104.0,35.962905883789,33.0,61.0,123.5,140.95,26,157,213.0,31.1333580017089,109.0,3.50106788975402,174.033905029296,173.0,59,207.57746887207,205.0,71,206.12889099121,205.0,225,209.614105224609,216.0,241,204.768234252929,212.0,233,208.821578979492,215.0,454,203.588119506835,212.0,488,204.412948608398,213.0,494,206.205276489257,213.0,833,204.194274902343,213.0,803,25.7999999999999,0.25
13021094_R3611126_SWAN,13021094_R3611126_SWAN_0000.nii.gz,13021094_R3611126_SWAN.nii.gz,3,160,0.468800008296966,0.468800008296966,1.40000092983245,14.09375,0.0,20.0931568145751,0.0,0.0,26.25,53.1499999999999,0,77,123.0,65.2981872558593,123.0,1.88366637986513,73.6779632568359,73.0,59,108.013702392578,115.0,73,101.489448547363,103.0,237,117.319725036621,134.5,294,124.88850402832,139.0,287,118.868026733398,120.0,538,132.391372680664,140.5,580,146.705215454101,163.0,614,145.406616210937,164.0,937,160.54295349121,180.0,943,34.5,0.25
13021094_R3611126_SWAN,13021094_R3611126_SWAN_0000.nii.gz,13021094_R3611126_SWAN.nii.gz,4,352,0.468800008296966,0.468800008296966,1.40000092983245,40.5539779663085,34.0,36.7804832458496,0.0,3.75,70.0,107.0,0,142,198.0,33.7211570739746,164.0,4.86341555956193,121.959999084472,122.5,150,155.935287475585,155.0,170,176.524017333984,180.0,458,193.076126098632,197.5,486,199.893020629882,201.5,430,200.308990478515,203.0,712,201.374069213867,208.0,802,197.326354980468,206.0,812,192.106704711914,201.5,1134,189.412704467773,203.0,1180,50.0,0.25
13021094_R3611126_SWAN,13021094_R3611126_SWAN_0000.nii.gz,13021094_R3611126_SWAN.nii.gz,5,183,0.468800008296966,0.468800008296966,1.40000092983245,34.0382499694824,28.0,33.0592041015625,0.0,0.0,58.0,104.6,0,123,191.0,46.2030181884765,163.0,3.52790805429792,111.875,119.0,96,150.660720825195,160.0,112,165.852661132812,178.0,319,179.449401855468,194.0,336,177.21875,191.0,320,177.473678588867,195.0,589,174.527542114257,193.0,599,171.249603271484,192.0,629,174.162811279296,194.0,995,174.521194458007,194.0,967,48.5999999999999,0.25
13021094_R3611126_SWAN,13021094_R3611126_SWAN_0000.nii.gz,13021094_R3611126_SWAN.nii.gz,6,128,0.468800008296966,0.468800008296966,1.40000092983245,49.765625,47.5,30.4565448760986,0.0,25.75,72.25,97.0,0,137,218.0,38.829475402832,170.5,4.39099416696123,135.536224365234,135.0,69,175.481475830078,176.0,81,182.746383666992,187.5,276,208.498229980468,218.0,283,208.524169921875,220.0,269,218.110260009765,227.0,526,216.863800048828,228.0,536,214.888885498046,225.0,549,218.419540405273,229.0,901,214.274917602539,225.0,873,52.1,0.25
13021094_R3611126_SWAN,13021094_R3611126_SWAN_0000.nii.gz,13021094_R3611126_SWAN.nii.gz,7,178,0.468800008296966,0.468800008296966,1.40000092983245,51.2865180969238,55.0,36.2892875671386,0.0,17.0,78.0,111.0,0,126,203.5,30.2299480438232,148.5,4.91234717918552,139.225799560546,139.0,93,180.568801879882,183.0,109,189.374603271484,196.0,315,201.135223388671,205.0,318,199.269729614257,203.5,304,196.286193847656,206.0,587,197.184799194335,204.0,579,198.873153686523,206.0,607,195.023162841796,205.0,993,195.30825805664,208.0,957,42.1999999999999,0.25
13021094_R3611126_SWAN,13021094_R3611126_SWAN_0000.nii.gz,13021094_R3611126_SWAN.nii.gz,8,145,0.468800008296966,0.468800008296966,1.40000092983245,64.5448303222656,67.0,39.8273811340332,6.2,27.0,96.0,129.799999999999,0,145,230.0,36.1477088928222,163.0,4.50927610608168,150.204818725585,157.0,83,191.131317138671,202.0,99,206.985458374023,220.0,275,219.583068847656,231.0,319,220.977127075195,230.0,306,225.145065307617,232.0,517,221.723480224609,229.0,575,220.031097412109,227.0,611,221.3388671875,227.0,903,220.558563232421,227.0,922,48.0,0.25
13021094_R3611126_SWAN,13021094_R3611126_SWAN_0000.nii.gz,13021094_R3611126_SWAN.nii.gz,9,75,0.468800008296966,0.468800008296966,1.40000092983245,104.76000213623,101.0,33.4747047424316,45.0,80.0,133.5,152.6,31,160,225.0,33.7913780212402,124.0,3.66957511830554,181.472732543945,187.0,55,210.029846191406,219.0,67,207.947860717773,214.0,211,214.939910888671,228.0,233,212.806167602539,225.0,227,216.69107055664,227.0,437,216.710968017578,224.0,474,219.130172729492,223.0,484,219.93374633789,223.0,800,219.322784423828,221.0,790,23.5999999999999,0.25
13021094_R3611126_SWAN,13021094_R3611126_SWAN_0000.nii.gz,13021094_R3611126_SWAN.nii.gz,10,43,0.468800008296966,0.468800008296966,1.40000092983245,43.8604660034179,46.0,27.119529724121,0.0,22.5,65.0,87.6,0,92,165.0,41.7993545532226,119.0,2.84693391254352,104.181816101074,103.0,33,140.024383544921,132.0,41,139.05696105957,135.0,158,159.14973449707,165.0,187,163.983245849609,169.0,179,167.449035644531,180.0,363,171.22166442871,180.0,397,180.233993530273,191.0,406,179.750732421875,192.0,686,182.214080810546,195.0,696,37.8,0.75
13021094_R3611126_SWAN,13021094_R3611126_SWAN_0000.nii.gz,13021094_R3611126_SWAN.nii.gz,11,38,0.468800008296966,0.468800008296966,1.40000092983245,88.5526351928711,87.0,13.0297174453735,72.0,77.25,96.0,111.0,71,132,203.0,41.0248260498046,116.0,2.82755616950512,137.909088134765,135.0,33,173.609756469726,170.0,41,174.809524536132,169.0,147,192.908569335937,207.0,175,187.920455932617,206.0,176,195.196029663085,208.0,352,192.552978515625,205.0,387,190.748764038085,206.0,406,203.802902221679,215.0,690,202.627944946289,213.0,680,42.9999999999999,0.75
13390040_R3613267_SWAN,13390040_R3613267_SWAN_0000.nii.gz,13390040_R3613267_SWAN.nii.gz,1,382,0.4688001871109,0.468800067901611,1.39998471736907,6.24083757400512,0.0,13.0850858688354,0.0,0.0,3.75,36.9499999999999,0,62,101.0,43.0476570129394,101.0,2.34623686881822,49.1071434020996,43.0,140,73.1144561767578,64.0,166,81.9188613891601,70.0,456,97.8644104003906,97.5,472,103.177986145019,105.0,427,103.378303527832,108.0,756,109.825851440429,116.0,735,114.43871307373,122.0,775,115.21875,120.5,1184,120.695770263671,125.0,1134,33.9,0.75
13390040_R3613267_SWAN,13390040_R3613267_SWAN_0000.nii.gz,13390040_R3613267_SWAN.nii.gz,2,132,0.4688001871109,0.468800067901611,1.39998471736907,38.015151977539,37.5,18.8007831573486,6.65,24.0,52.25,66.8999999999999,0,79,126.0,16.2316608428955,88.5,5.45230712103844,79.5897445678711,80.0,78,100.273811340332,101.5,84,108.790611267089,112.0,277,123.672416687011,125.0,290,127.106620788574,127.0,272,132.184844970703,131.0,541,132.843399047851,133.0,530,132.226623535156,133.0,556,132.59080505371,134.0,914,131.176132202148,133.0,880,29.0999999999999,0.75
13390040_R3613267_SWAN,13390040_R3613267_SWAN_0000.nii.gz,13390040_R3613267_SWAN.nii.gz,3,127,0.4688001871109,0.468800067901611,1.39998471736907,36.7007865905761,34.0,32.1226234436035,0.0,1.0,61.5,92.0999999999999,0,102,153.5,36.574462890625,119.5,3.26730703762791,112.395065307617,115.0,81,142.144332885742,145.0,97,143.570892333984,147.0,268,146.19580078125,153.0,286,142.880279541015,156.0,284,141.902297973632,155.0,522,136.25454711914,150.0,550,136.919021606445,151.5,568,143.690292358398,156.0,917,143.657073974609,155.0,904,23.2,0.25
13390040_R3613267_SWAN,13390040_R3613267_SWAN_0000.nii.gz,13390040_R3613267_SWAN.nii.gz,4,94,0.4688001871109,0.468800067901611,1.39998471736907,8.95744705200195,0.0,12.5417728424072,0.0,0.0,19.25,35.3499999999999,0,48,70.5,26.6897201538085,70.5,2.64146643702967,37.6153831481933,37.0,52,61.8275871276855,63.5,58,53.8293647766113,53.0,252,69.3495941162109,72.5,246,73.4151763916015,78.0,224,69.9260711669921,73.0,514,72.8471374511718,77.0,471,74.3606948852539,76.0,463,71.6601181030273,77.0,865,77.3899230957031,84.0,754,19.2,0.25
13390040_R3613267_SWAN,13390040_R3613267_SWAN_0000.nii.gz,13390040_R3613267_SWAN.nii.gz,5,153,0.4688001871109,0.468800067901611,1.39998471736907,22.738561630249,19.0,21.6138935089111,0.0,0.0,41.0,59.2,0,88,130.0,38.3165016174316,111.0,2.89692417925497,83.873420715332,84.0,79,111.473686218261,118.0,95,109.791664123535,119.5,288,117.433654785156,132.0,309,118.491638183593,132.0,299,117.905120849609,134.0,527,109.749565124511,119.0,571,111.39566040039,117.0,599,114.996627807617,125.0,889,110.686210632324,116.0,921,29.0999999999999,0.25
13390040_R3613267_SWAN,13390040_R3613267_SWAN_0000.nii.gz,13390040_R3613267_SWAN.nii.gz,6,115,0.4688001871109,0.468800067901611,1.39998471736907,69.7130432128906,67.0,42.2085418701171,2.1,32.0,99.5,140.0,0,155,190.0,28.6188945770263,123.0,4.29785992149177,145.134140014648,157.0,82,173.215682983398,187.0,102,179.404006958007,187.0,250,180.973770141601,187.0,305,184.308441162109,191.0,308,185.899795532226,191.0,489,188.012374877929,193.0,566,190.225494384765,196.0,612,190.927581787109,197.0,870,192.309860229492,198.0,923,17.9999999999999,0.25
13390040_R3613267_SWAN,13390040_R3613267_SWAN_0000.nii.gz,13390040_R3613267_SWAN.nii.gz,7,186,0.4688001871109,0.468800067901611,1.39998471736907,51.2258071899414,49.5,38.2614440917968,0.0,12.5,83.5,112.75,0,142,199.5,30.1198844909667,150.0,4.9800987797608,137.48420715332,137.0,95,168.693695068359,174.0,111,180.913848876953,186.0,325,192.331268310546,198.0,323,195.085250854492,202.0,305,198.275451660156,204.0,599,196.950851440429,203.0,590,197.378295898437,205.0,608,200.588287353515,206.0,1008,201.273864746093,207.0,964,38.9999999999999,0.25
13390040_R3613267_SWAN,13390040_R3613267_SWAN_0000.nii.gz,13390040_R3613267_SWAN.nii.gz,8,26,0.4688001871109,0.468800067901611,1.39998471736907,76.1923065185546,80.0,24.5325832366943,33.75,61.25,92.5,109.75,30,119,220.0,33.7982635498046,140.0,4.14222463807046,132.818176269531,135.0,33,174.95555114746,180.0,45,193.9921875,196.0,128,208.01724243164,206.0,174,219.912368774414,225.0,194,220.445480346679,230.0,321,221.336730957031,230.0,392,217.623229980468,230.0,422,219.457489013671,231.0,647,209.256484985351,228.0,694,45.8,0.75
13438820_R3607472_SWAN,13438820_R3607472_SWAN_0000.nii.gz,13438820_R3607472_SWAN.nii.gz,1,81,0.468800008296966,0.468800008296966,1.39999616146087,60.6172828674316,65.0,43.7957038879394,0.0,22.0,97.0,133.0,0,137,217.0,21.7671890258789,152.0,6.98298709214533,160.870971679687,160.5,62,200.83332824707,197.5,78,211.854461669921,210.0,213,218.185333251953,217.0,259,217.656600952148,217.0,265,216.704284667968,217.0,443,214.119277954101,213.0,503,213.180450439453,212.0,532,215.63557434082,216.0,804,214.342483520507,216.0,838,36.4,0.25
13438820_R3607472_SWAN,13438820_R3607472_SWAN_0000.nii.gz,13438820_R3607472_SWAN.nii.gz,2,93,0.468800008296966,0.468800008296966,1.39999616146087,64.3440856933593,73.0,39.1848373413085,0.0,36.0,94.0,121.399999999999,0,137,207.0,36.1116523742675,134.0,3.71071361152904,142.623184204101,145.0,69,174.011764526367,173.0,85,188.238525390625,191.0,218,199.877777099609,202.0,270,207.003616333007,211.5,276,206.286972045898,215.0,453,205.643005371093,213.0,507,205.762161254882,213.0,555,205.273605346679,210.0,826,206.835479736328,211.0,857,37.7999999999999,0.25
13438820_R3607472_SWAN,13438820_R3607472_SWAN_0000.nii.gz,13438820_R3607472_SWAN.nii.gz,3,100,0.468800008296966,0.468800008296966,1.39999616146087,81.7600021362304,88.0,35.3171691894531,27.75,50.75,108.25,129.45,9,158,213.0,38.5700950622558,125.0,3.24085278499412,164.29507446289,164.0,61,202.24658203125,206.0,73,201.080856323242,203.0,235,215.740005493164,218.5,250,212.77732849121,214.0,247,201.820678710937,215.0,474,191.417877197265,209.0,481,183.356842041015,206.0,482,183.76953125,208.0,768,191.979293823242,213.0,676,32.0999999999999,0.25
13611913_R3676878_SWAN,13611913_R3676878_SWAN_0000.nii.gz,13611913_R3676878_SWAN.nii.gz,1,90,0.488301515579223,0.488297998905181,1.39999520778656,56.9222221374511,57.0,41.5412063598632,0.0,20.5,94.25,129.1,0,132,198.0,19.6278610229492,141.0,7.18366610784234,142.805969238281,141.0,67,182.759033203125,187.0,83,192.691482543945,194.0,188,199.727279663085,198.5,220,201.310028076171,198.0,329,200.45750427246,198.0,400,197.91650390625,197.0,491,192.848480224609,194.0,528,191.791046142578,195.0,737,189.451141357421,194.0,747,35.9,0.25
13611913_R3676878_SWAN,13611913_R3676878_SWAN_0000.nii.gz,13611913_R3676878_SWAN.nii.gz,2,40,0.488301515579223,0.488297998905181,1.39999520778656,63.7999992370605,60.0,23.4373626708984,28.85,49.5,80.0,98.2499999999999,21,127,175.0,22.2654285430908,115.0,5.16495785281822,112.780487060546,116.0,41,148.830184936523,150.0,53,162.796875,163.0,128,172.100631713867,172.0,159,173.772903442382,174.0,251,182.273880004882,183.0,314,184.552764892578,185.5,398,187.167068481445,186.0,419,193.675598144531,190.0,635,194.096984863281,188.0,629,36.1999999999999,0.75
13611913_R3676878_SWAN,13611913_R3676878_SWAN_0000.nii.gz,13611913_R3676878_SWAN.nii.gz,3,54,0.488301515579223,0.488297998905181,1.39999520778656,68.6296310424804,74.0,31.6978206634521,7.65,53.0,91.25,111.049999999999,0,127,222.0,43.9250030517578,148.0,3.36937939026682,156.15217590332,161.0,46,208.206893920898,211.5,58,203.598678588867,211.5,152,216.378051757812,223.0,164,210.548873901367,223.5,266,197.757232666015,223.0,346,187.104766845703,217.0,420,189.442352294921,215.0,425,187.426010131835,214.0,615,188.920333862304,215.0,590,37.1999999999999,0.25
13611913_R3676878_SWAN,13611913_R3676878_SWAN_0000.nii.gz,13611913_R3676878_SWAN.nii.gz,4,40,0.488301515579223,0.488297998905181,1.39999520778656,82.2249984741211,80.5,26.0465812683105,49.1,62.75,101.25,125.05,28,134,225.0,27.8345909118652,144.5,5.1913822070366,161.585372924804,159.0,41,218.641510009765,224.0,53,212.977447509765,218.0,133,226.403839111328,227.0,156,225.183273315429,226.0,251,219.679244995117,224.5,318,211.887496948242,224.0,400,204.506118774414,226.0,409,213.191452026367,229.0,585,209.260711669921,224.0,560,39.5999999999999,0.25
13611913_R3676878_SWAN,13611913_R3676878_SWAN_0000.nii.gz,13611913_R3676878_SWAN.nii.gz,5,27,0.488301515579223,0.488297998905181,1.39999520778656,127.25926208496,128.0,31.9891109466552,82.3,96.5,155.0,175.4,69,178,233.0,30.5813636779785,105.0,3.43346363182652,205.962966918945,205.0,27,238.428573608398,239.0,35,209.090911865234,219.0,110,231.825759887695,233.0,132,234.900497436523,241.0,201,225.093185424804,230.0,279,228.332397460937,236.0,355,234.688522338867,239.0,366,230.501739501953,236.0,574,231.285217285156,236.0,575,12.8,0.25
13611913_R3676878_SWAN,13611913_R3676878_SWAN_0000.nii.gz,13611913_R3676878_SWAN.nii.gz,6,25,0.488301515579223,0.488297998905181,1.39999520778656,68.8000030517578,69.0,19.845401763916,31.8,63.0,81.0,87.8,30,123,201.0,39.5346717834472,132.0,3.33884142817816,125.65625,114.5,32,169.227279663085,165.5,44,179.883499145507,182.0,103,188.33332824707,197.0,135,189.37661743164,202.0,231,193.057144165039,206.0,280,193.691253662109,206.5,366,197.729110717773,213.0,395,202.579223632812,216.0,568,203.510955810546,217.0,593,52.8,0.75
13611913_R3676878_SWAN,13611913_R3676878_SWAN_0000.nii.gz,13611913_R3676878_SWAN.nii.gz,7,332,0.488301515579223,0.488297998905181,1.39999520778656,15.1626510620117,0.0,22.440767288208,0.0,0.0,24.25,61.0,0,117,203.0,51.8235511779785,203.0,3.91713796885191,80.9302291870117,78.5,172,136.66828918457,134.0,205,155.723403930664,154.0,423,189.997756958007,195.0,445,204.162536621093,212.5,646,209.707046508789,218.0,710,214.926574707031,224.0,858,216.854629516601,227.0,908,217.898620605468,228.0,1164,215.079483032226,225.5,1170,73.8999999999999,0.75
13611913_R3676878_SWAN,13611913_R3676878_SWAN_0000.nii.gz,13611913_R3676878_SWAN.nii.gz,8,60,0.488301515579223,0.488297998905181,1.39999520778656,78.4666671752929,77.5,37.6689376831054,21.65,45.0,107.5,140.05,10,146,215.0,25.1636180877685,137.5,5.46423807261784,161.719299316406,164.0,57,195.106674194335,204.0,75,197.446670532226,203.0,150,208.197967529296,208.0,197,214.725234985351,217.0,313,214.67967224121,217.0,359,213.039566040039,216.0,455,208.325912475585,213.5,494,204.85610961914,211.0,695,200.792755126953,207.5,690,26.2,0.25
13611913_R3676878_SWAN,13611913_R3676878_SWAN_0000.nii.gz,13611913_R3676878_SWAN.nii.gz,9,57,0.488301515579223,0.488297998905181,1.39999520778656,83.7017517089843,89.0,32.2593460083007,29.8,59.0,110.0,125.6,6,138,212.0,42.8222961425781,123.0,2.87233546726377,176.148941040039,175.0,47,216.881362915039,217.0,59,202.068328857421,210.0,161,208.866271972656,214.5,172,200.97769165039,215.0,269,193.165237426757,207.0,351,186.722229003906,201.0,432,180.307693481445,198.0,442,186.404067993164,200.0,688,185.223724365234,206.0,666,22.2999999999999,0.25
13611913_R3676878_SWAN,13611913_R3676878_SWAN_0000.nii.gz,13611913_R3676878_SWAN.nii.gz,10,67,0.488301515579223,0.488297998905181,1.39999520778656,83.4925384521484,84.0,25.9737930297851,43.3,62.0,105.5,123.699999999999,32,132,233.0,18.3383502960205,149.0,8.12504928713972,161.963638305664,166.0,55,206.774642944335,206.0,71,218.818756103515,221.0,160,231.887176513671,232.0,195,230.429504394531,234.0,305,232.27195739746,235.0,353,230.956802368164,234.0,463,225.477554321289,229.0,490,226.200592041015,232.0,683,221.733612060546,228.0,702,42.6,0.25
13611913_R3676878_SWAN,13611913_R3676878_SWAN_0000.nii.gz,13611913_R3676878_SWAN.nii.gz,11,67,0.488301515579223,0.488297998905181,1.39999520778656,52.3432846069335,52.0,33.517894744873,0.0,26.0,78.5,105.1,0,130,218.0,40.578067779541,166.0,4.09087985415843,151.867919921875,150.0,53,204.64614868164,212.0,65,190.643280029296,199.0,171,206.846588134765,218.0,176,205.057144165039,219.0,280,200.00813293457,220.0,369,200.282104492187,217.5,436,200.815551757812,219.0,450,197.808517456054,212.0,705,198.763854980468,211.0,686,38.2,0.25
13611913_R3676878_SWAN,13611913_R3676878_SWAN_0000.nii.gz,13611913_R3676878_SWAN.nii.gz,12,82,0.488301515579223,0.488297998905181,1.39999520778656,65.7804870605468,70.0,32.1145133972168,12.05,41.25,89.0,111.0,0,134,202.0,38.2626838684082,132.0,3.44983641121386,140.854843139648,141.5,62,178.435897827148,184.0,78,186.767959594726,191.0,181,192.703887939453,201.0,206,191.159515380859,203.5,326,201.534347534179,212.0,393,198.161697387695,209.0,470,193.855178833007,205.0,511,198.158752441406,212.0,737,191.758850097656,204.0,734,37.1,0.25
13611913_R3676878_SWAN,13611913_R3676878_SWAN_0000.nii.gz,13611913_R3676878_SWAN.nii.gz,13,138,0.488301515579223,0.488297998905181,1.39999520778656,44.4710159301757,42.0,36.8001251220703,0.0,10.5,73.0,115.0,0,131,201.0,34.7453689575195,159.0,4.57614941992404,141.901229858398,144.0,81,185.0,196.0,97,188.09129333496,198.0,241,199.882110595703,211.0,246,196.037933349609,197.0,369,194.212249755859,199.0,457,191.242645263671,200.0,544,186.75747680664,198.0,569,191.068267822265,208.0,835,184.634399414062,206.0,785,40.5999999999999,0.25
13611913_R3676878_SWAN,13611913_R3676878_SWAN_0000.nii.gz,13611913_R3676878_SWAN.nii.gz,14,272,0.488301515579223,0.488297998905181,1.39999520778656,33.5441169738769,26.0,31.9815845489501,0.0,0.0,55.25,97.4499999999999,0,128,172.0,50.3210983276367,146.0,2.90136751486236,107.244445800781,110.0,135,148.44937133789,154.0,158,153.423828125,152.0,361,178.550796508789,182.0,374,177.977096557617,185.0,524,168.061218261718,162.0,588,168.057327270507,168.5,750,171.251327514648,178.0,756,167.735977172851,170.0,981,170.814163208007,178.0,1017,42.8,0.25
13611913_R3676878_SWAN,13611913_R3676878_SWAN_0000.nii.gz,13611913_R3676878_SWAN.nii.gz,15,157,0.488301515579223,0.488297998905181,1.39999520778656,57.8025474548339,56.0,33.5713806152343,4.0,31.0,86.0,112.399999999999,0,129,219.0,22.7847862243652,163.0,7.15389639362486,143.978256225585,143.5,92,193.490737915039,197.5,108,199.675567626953,203.5,262,217.348312377929,219.0,267,221.700256347656,220.0,387,219.09016418457,221.0,488,222.362854003906,223.0,576,224.718643188476,227.5,590,215.726028442382,220.0,876,218.316925048828,222.0,833,46.5,0.25
13611913_R3676878_SWAN,13611913_R3676878_SWAN_0000.nii.gz,13611913_R3676878_SWAN.nii.gz,16,23,0.488301515579223,0.488297998905181,1.39999520778656,106.739128112792,105.0,26.0655002593994,72.8,89.0,125.0,148.7,59,167,187.0,39.0731124877929,82.0,2.09862984489955,169.320007324218,166.0,25,205.060607910156,208.0,33,173.83494567871,175.0,103,186.6875,192.0,128,186.897430419921,192.0,195,173.643127441406,182.0,269,171.494323730468,190.0,352,167.081008911132,187.0,358,166.944839477539,183.5,562,163.30435180664,182.0,552,8.99999999999998,0.25
13611913_R3676878_SWAN,13611913_R3676878_SWAN_0000.nii.gz,13611913_R3676878_SWAN.nii.gz,17,18,0.488301515579223,0.488297998905181,1.39999520778656,96.7222213745117,95.0,9.00497150421142,87.1,91.25,99.0,111.799999999999,82,122,204.0,18.3366641998291,109.0,5.94437454992581,132.136367797851,136.0,22,167.0,175.0,30,174.608688354492,179.5,92,198.611114501953,199.0,126,205.805404663085,207.0,185,210.434112548828,211.0,258,211.935287475585,214.0,340,209.563583374023,215.0,346,208.748626708984,216.0,549,206.207717895507,216.0,544,38.6999999999999,0.75
13611913_R3676878_SWAN,13611913_R3676878_SWAN_0000.nii.gz,13611913_R3676878_SWAN.nii.gz,18,101,0.488301515579223,0.488297998905181,1.39999520778656,27.2673263549804,28.0,24.2155704498291,0.0,0.0,46.0,68.0,0,101,205.0,56.1726493835449,177.0,3.15099967586449,100.409835815429,97.0,61,148.849319458007,161.0,73,148.736587524414,155.0,205,179.952377319335,201.0,210,186.738708496093,212.0,310,192.373809814453,216.5,420,189.536834716796,217.0,475,182.649597167968,210.0,488,191.367889404296,212.0,791,183.434356689453,203.0,716,61.2,0.75
13611913_R3676878_SWAN,13611913_R3676878_SWAN_0000.nii.gz,13611913_R3676878_SWAN.nii.gz,19,57,0.488301515579223,0.488297998905181,1.39999520778656,45.3684196472168,47.0,22.9619312286376,7.0,35.0,61.0,82.9999999999999,0,98,192.0,36.1296005249023,145.0,4.01332973222492,107.869567871093,102.5,46,151.206893920898,147.0,58,165.477127075195,157.0,153,182.842102050781,173.0,171,191.15266418457,193.0,262,201.447677612304,209.5,344,206.600921630859,217.0,431,207.847930908203,219.0,434,209.45051574707,220.0,677,207.454544067382,218.0,649,44.3,0.75
13611913_R3676878_SWAN,13611913_R3676878_SWAN_0000.nii.gz,13611913_R3676878_SWAN.nii.gz,20,277,0.488301515579223,0.488297998905181,1.39999520778656,41.1010818481445,36.0,35.0432014465332,0.0,7.0,68.0,103.0,0,134,210.0,43.0895957946777,174.0,4.03809775401726,132.925720214843,140.0,175,182.42512512207,189.0,207,190.203521728515,204.5,398,199.021331787109,211.0,422,197.264068603515,213.0,640,192.934280395507,209.0,700,190.212371826171,205.0,824,187.019546508789,201.0,870,183.646713256835,201.0,1169,181.774368286132,197.0,1139,45.7,0.25
13611913_R3676878_SWAN,13611913_R3676878_SWAN_0000.nii.gz,13611913_R3676878_SWAN.nii.gz,21,23,0.488301515579223,0.488297998905181,1.39999520778656,96.1739120483398,91.0,20.23482131958,72.1,80.0,108.0,131.8,71,144,210.0,56.9664039611816,119.0,2.08895053444289,121.319999694824,120.0,25,162.454544067382,162.0,33,179.529418945312,180.5,102,196.0,205.5,128,192.31282043457,216.0,195,189.571960449218,214.0,271,190.484329223632,207.0,351,183.036209106445,206.0,359,184.393615722656,204.0,564,181.98208618164,202.0,558,54.9999999999999,0.75
13611913_R3676878_SWAN,13611913_R3676878_SWAN_0000.nii.gz,13611913_R3676878_SWAN.nii.gz,22,270,0.488301515579223,0.488297998905181,1.39999520778656,38.0074081420898,36.0,32.8422698974609,0.0,4.25,63.0,92.0,0,114,206.0,35.1511535644531,170.0,4.83625664484348,131.211532592773,132.0,156,179.106140136718,185.0,179,182.716934204101,193.0,431,203.480194091796,207.0,404,202.454238891601,208.0,579,198.187850952148,209.0,708,196.024810791015,209.0,806,193.228637695312,207.0,796,191.784240722656,208.0,1168,188.881774902343,208.0,1108,46.6,0.25
13611913_R3676878_SWAN,13611913_R3676878_SWAN_0000.nii.gz,13611913_R3676878_SWAN.nii.gz,23,32,0.488301515579223,0.488297998905181,1.39999520778656,55.75,48.5,27.606611251831,12.65,40.75,76.25,104.399999999999,5,114,193.0,36.5582466125488,144.5,3.95259656545999,133.533340454101,130.0,30,180.947372436523,173.5,38,166.949996948242,167.0,120,194.315795898437,199.0,133,195.623809814453,202.0,210,189.196670532226,190.0,300,185.353424072265,187.0,365,178.951080322265,189.0,368,177.860931396484,188.5,604,174.428070068359,187.0,577,40.0999999999999,0.25
13611913_R3676878_SWAN,13611913_R3676878_SWAN_0000.nii.gz,13611913_R3676878_SWAN.nii.gz,24,308,0.488301515579223,0.488297998905181,1.39999520778656,25.8084411621093,14.5,28.4410800933837,0.0,0.0,44.25,78.0,0,107,217.0,36.3682212829589,202.5,5.56804795110739,118.044441223144,120.0,135,165.7880859375,173.0,151,178.625,186.5,416,213.86033630371,217.0,358,218.132232666015,223.0,484,214.191589355468,222.0,689,212.172760009765,223.0,712,203.227996826171,218.0,693,202.726165771484,217.0,1154,200.701400756835,214.5,998,60.8999999999999,0.25
13611913_R3676878_SWAN,13611913_R3676878_SWAN_0000.nii.gz,13611913_R3676878_SWAN.nii.gz,25,114,0.488301515579223,0.488297998905181,1.39999520778656,35.7280693054199,36.0,29.7581710815429,0.0,9.25,54.25,86.0499999999999,0,119,200.0,46.4093627929687,164.0,3.53376969926522,123.446151733398,124.0,65,167.545455932617,171.0,77,179.991348266601,181.0,231,189.985717773437,198.0,210,184.866668701171,196.0,315,197.243240356445,215.0,444,190.126754760742,210.0,497,179.561859130859,200.0,493,184.671997070312,207.0,814,176.173568725585,198.0,749,46.4,0.25
13611913_R3676878_SWAN,13611913_R3676878_SWAN_0000.nii.gz,13611913_R3676878_SWAN.nii.gz,26,39,0.488301515579223,0.488297998905181,1.39999520778656,20.8717956542968,14.0,23.4008312225341,0.0,0.0,40.5,65.2,0,81,140.0,61.4759635925293,126.0,2.0495815378372,96.9090881347656,92.0,33,129.073165893554,125.0,41,112.432838439941,102.0,134,135.33332824707,130.5,138,136.857147216796,148.0,210,148.171142578125,151.0,298,152.494384765625,171.5,356,160.588882446289,183.5,360,168.548767089843,189.0,605,166.741928100585,194.0,589,18.5,0.25
13611913_R3676878_SWAN,13611913_R3676878_SWAN_0000.nii.gz,13611913_R3676878_SWAN.nii.gz,27,77,0.488301515579223,0.488297998905181,1.39999520778656,66.2207794189453,68.0,40.5378189086914,0.0,38.0,96.0,135.4,0,147,205.0,21.3942718505859,137.0,6.40358320941163,155.031753540039,159.0,63,194.696197509765,198.0,79,200.195526123046,202.0,179,206.191925048828,206.0,198,204.040252685546,204.0,323,207.880706787109,210.0,394,204.76170349121,205.5,470,199.768463134765,204.0,501,203.978546142578,211.0,746,199.536849975585,204.0,719,28.9999999999999,0.25
13611913_R3676878_SWAN,13611913_R3676878_SWAN_0000.nii.gz,13611913_R3676878_SWAN.nii.gz,28,51,0.488301515579223,0.488297998905181,1.39999520778656,35.411766052246,34.0,25.9714603424072,0.0,13.5,56.0,86.0,0,96,192.5,51.4573135375976,158.5,3.08022298684891,108.304344177246,104.0,46,160.103454589843,166.0,58,165.32876586914,169.5,146,175.797622680664,190.5,168,174.488632202148,198.0,264,181.314712524414,204.0,340,176.438842773437,196.0,417,170.796798706054,181.0,438,176.725753784179,192.5,660,169.599700927734,184.0,657,52.6,0.75
13611913_R3676878_SWAN,13611913_R3676878_SWAN_0000.nii.gz,13611913_R3676878_SWAN.nii.gz,29,47,0.488301515579223,0.488297998905181,1.39999520778656,58.361701965332,57.0,27.6585750579834,22.9,37.0,75.0,113.199999999999,16,127,227.0,27.2006454467773,170.0,6.24985169313844,144.727279663085,146.5,44,196.875,210.0,56,197.424652099609,205.0,146,224.281433105468,227.0,167,228.335815429687,230.0,268,223.687683105468,228.0,333,222.08152770996,230.0,417,218.818176269531,230.0,440,222.345870971679,232.0,665,217.334869384765,229.0,651,47.3,0.25
13611913_R3676878_SWAN,13611913_R3676878_SWAN_0000.nii.gz,13611913_R3676878_SWAN.nii.gz,30,130,0.488301515579223,0.488297998905181,1.39999520778656,30.5923080444335,20.0,30.9271335601806,0.0,0.0,58.0,84.55,0,102,216.0,35.4383201599121,196.0,5.53073619504446,133.155838012695,134.0,77,185.612899780273,190.0,93,194.82095336914,199.0,229,215.220840454101,216.5,240,214.814910888671,219.0,362,211.207855224609,219.0,433,209.079925537109,219.0,538,203.445251464843,217.0,548,203.506729125976,217.0,817,197.481475830078,213.0,783,51.3,0.25
13611913_R3676878_SWAN,13611913_R3676878_SWAN_0000.nii.gz,13611913_R3676878_SWAN.nii.gz,31,194,0.488301515579223,0.488297998905181,1.39999520778656,17.0567016601562,1.5,26.9870510101318,0.0,0.0,22.0,86.0499999999999,0,110,192.0,55.2137413024902,190.5,3.45022806834153,97.3195877075195,101.0,97,154.858413696289,159.0,113,163.076126098632,173.0,289,187.572494506835,205.0,269,186.862503051757,205.0,400,174.693878173828,181.0,539,175.90673828125,183.0,579,171.702880859375,181.0,589,162.477249145507,164.0,945,162.767227172851,162.5,842,65.1999999999999,0.25
13611913_R3676878_SWAN,13611913_R3676878_SWAN_0000.nii.gz,13611913_R3676878_SWAN.nii.gz,32,136,0.488301515579223,0.488297998905181,1.39999520778656,49.301471710205,42.5,38.9500656127929,0.0,14.75,83.0,116.25,0,124,224.0,29.7525157928466,181.5,6.10032446545705,153.797622680664,151.5,84,198.850006103515,199.5,100,208.20832824707,210.5,240,222.615997314453,227.0,250,219.647216796875,228.0,377,216.273712158203,225.0,464,211.529098510742,221.0,550,207.666076660156,215.0,566,203.905990600585,212.0,851,205.564514160156,214.0,806,47.4999999999999,0.25
13611913_R3676878_SWAN,13611913_R3676878_SWAN_0000.nii.gz,13611913_R3676878_SWAN.nii.gz,33,89,0.488301515579223,0.488297998905181,1.39999520778656,46.1797752380371,52.0,32.4610595703125,0.0,14.0,74.0,98.1999999999999,0,108,222.0,41.4390792846679,170.0,4.10240774975177,139.134323120117,148.0,67,185.530120849609,196.0,83,199.274200439453,208.0,186,212.198120117187,222.0,212,211.0,222.0,331,213.249359130859,226.0,393,205.595962524414,224.0,495,195.598831176757,219.0,516,197.17544555664,219.0,741,183.244232177734,206.0,737,46.7999999999999,0.25
13611913_R3676878_SWAN,13611913_R3676878_SWAN_0000.nii.gz,13611913_R3676878_SWAN.nii.gz,34,220,0.488301515579223,0.488297998905181,1.39999520778656,38.4545440673828,31.0,34.3397827148437,0.0,1.75,68.25,98.0,0,124,232.0,31.3143005371093,201.0,6.41879258206015,131.041320800781,129.0,121,184.957138061523,188.0,140,203.160003662109,212.0,325,231.226593017578,234.0,331,232.243240356445,236.0,481,226.363159179687,234.5,570,216.176818847656,229.0,673,203.963668823242,223.0,688,204.0,224.5,1008,192.944564819335,215.5,938,67.8,0.75
13611913_R3676878_SWAN,13611913_R3676878_SWAN_0000.nii.gz,13611913_R3676878_SWAN.nii.gz,35,38,0.488301515579223,0.488297998905181,1.39999520778656,71.5789489746093,76.5,24.5277843475341,27.7,53.0,89.75,107.899999999999,12,114,199.0,34.1468315124511,122.5,3.58744851496198,126.820510864257,124.0,39,158.666671752929,158.0,51,171.292678833007,169.0,123,182.272720336914,192.0,154,188.317276000976,200.0,249,196.269485473632,207.5,308,197.148620605468,208.0,397,200.563858032226,212.0,415,194.862182617187,204.0,624,192.94822692871,205.0,618,43.0,0.75
13611913_R3676878_SWAN,13611913_R3676878_SWAN_0000.nii.gz,13611913_R3676878_SWAN.nii.gz,36,69,0.488301515579223,0.488297998905181,1.39999520778656,35.5217399597168,27.0,35.0025253295898,0.0,0.0,68.0,102.199999999999,0,106,186.0,51.3192443847656,159.0,3.09825294402035,117.349998474121,126.0,60,158.052627563476,168.0,76,162.929000854492,171.0,169,168.9794921875,180.0,195,174.760375976562,190.0,313,173.261337280273,191.0,375,173.112075805664,189.0,464,174.415817260742,192.0,493,172.045578002929,193.0,702,172.785919189453,193.0,724,33.0,0.25
13611913_R3676878_SWAN,13611913_R3676878_SWAN_0000.nii.gz,13611913_R3676878_SWAN.nii.gz,37,74,0.488301515579223,0.488297998905181,1.39999520778656,78.6081085205078,82.0,27.8998298645019,32.25,51.25,101.0,120.099999999999,21,125,210.0,25.0658321380615,128.0,5.10655298794715,161.826919555664,159.5,52,196.34375,198.5,64,190.30435180664,193.0,184,203.553756713867,210.0,186,203.467849731445,211.0,280,203.832443237304,213.0,376,202.024017333984,212.0,458,203.086669921875,211.0,450,203.359725952148,213.0,720,203.376419067382,214.0,704,29.2,0.25
13611913_R3676878_SWAN,13611913_R3676878_SWAN_0000.nii.gz,13611913_R3676878_SWAN.nii.gz,38,65,0.488301515579223,0.488297998905181,1.39999520778656,101.753845214843,105.0,21.4669914245605,65.4,86.0,115.0,137.0,56,143,201.0,17.652587890625,96.0,5.43829610676993,157.176467895507,157.0,51,182.888885498046,184.0,63,186.204818725585,192.0,166,197.787704467773,202.0,179,199.518249511718,203.0,274,200.185989379882,202.0,371,198.479446411132,201.0,438,198.997756958007,203.0,446,189.962966918945,192.0,702,188.195556640625,193.0,675,28.6,0.25
13611913_R3676878_SWAN,13611913_R3676878_SWAN_0000.nii.gz,13611913_R3676878_SWAN.nii.gz,39,34,0.488301515579223,0.488297998905181,1.39999520778656,90.0882339477539,91.0,22.9017963409423,52.85,74.5,101.5,129.0,43,130,226.0,26.0188655853271,135.0,5.18854288851589,166.645156860351,166.0,31,210.461532592773,210.0,39,194.354843139648,208.0,124,224.147064208984,222.5,136,227.413146972656,228.0,213,227.454849243164,229.0,299,232.169860839843,232.0,365,231.90884399414,232.0,373,234.287124633789,237.0,606,232.369308471679,233.0,593,33.5,0.25
13611913_R3676878_SWAN,13611913_R3676878_SWAN_0000.nii.gz,13611913_R3676878_SWAN.nii.gz,40,707,0.488301515579223,0.488297998905181,1.39999520778656,42.9547386169433,20.0,51.8887748718261,0.0,0.0,79.0,147.699999999999,0,210,210.0,46.0208892822265,190.0,4.12855994230817,121.120193481445,119.5,208,158.515014648437,157.0,233,173.744491577148,180.0,681,194.118301391601,212.0,541,198.534957885742,216.0,658,208.279403686523,218.0,995,206.290725708007,215.5,970,208.113250732421,216.0,883,211.562179565429,219.0,1544,210.423721313476,216.0,1239,60.1,0.25
13611913_R3676878_SWAN,13611913_R3676878_SWAN_0000.nii.gz,13611913_R3676878_SWAN.nii.gz,41,80,0.488301515579223,0.488297998905181,1.39999520778656,43.6875,48.5,31.0723323822021,0.0,14.75,69.0,92.05,0,104,208.0,36.9766006469726,159.5,4.31353875719396,129.21875,137.5,64,176.675003051757,178.5,80,194.234939575195,195.5,166,205.907318115234,208.0,205,204.910491943359,208.5,324,203.574020385742,218.0,385,199.800872802734,216.0,462,197.998016357421,212.0,506,194.983428955078,213.0,724,189.385787963867,203.0,718,45.6999999999999,0.25
13611913_R3676878_SWAN,13611913_R3676878_SWAN_0000.nii.gz,13611913_R3676878_SWAN.nii.gz,42,51,0.488301515579223,0.488297998905181,1.39999520778656,81.2549057006836,82.0,29.1472549438476,34.0,66.5,107.0,124.0,26,134,197.0,25.4384384155273,115.0,4.52071774695907,142.282608032226,151.0,46,170.241378784179,188.0,58,182.654678344726,189.0,139,191.346817016601,194.0,173,193.427474975585,196.0,262,200.034881591796,205.5,344,202.280197143554,205.0,414,202.172332763671,204.0,441,203.133331298828,205.0,660,203.71450805664,204.0,641,26.0,0.25
13611913_R3676878_SWAN,13611913_R3676878_SWAN_0000.nii.gz,13611913_R3676878_SWAN.nii.gz,43,157,0.488301515579223,0.488297998905181,1.39999520778656,38.4585990905761,29.0,37.2786865234375,0.0,3.0,67.0,108.199999999999,0,122,221.0,17.0186824798584,192.0,11.2817193826391,142.574462890625,142.5,94,184.596496582031,190.5,114,202.810928344726,206.0,238,217.602111816406,218.0,284,222.605834960937,223.0,411,225.33479309082,227.0,457,226.201034545898,229.0,577,225.20799255371,228.0,625,222.9833984375,227.0,843,221.685089111328,226.0,832,48.3999999999999,0.25
13611913_R3676878_SWAN,13611913_R3676878_SWAN_0000.nii.gz,13611913_R3676878_SWAN.nii.gz,44,39,0.488301515579223,0.488297998905181,1.39999520778656,117.923080444335,119.0,27.8313465118408,70.4,95.5,140.5,161.3,64,166,228.0,22.1080322265625,109.0,4.9303347707734,189.230773925781,189.0,39,220.215682983398,221.0,51,218.598480224609,219.0,132,225.311691284179,228.5,154,225.413650512695,232.0,249,225.678451538085,228.0,311,212.466339111328,223.0,401,206.027847290039,223.0,395,205.487503051757,223.0,560,205.53271484375,222.0,535,23.3,0.25
13671104_R3510014_SWAN,13671104_R3510014_SWAN_0000.nii.gz,13671104_R3510014_SWAN.nii.gz,1,98,0.46880030632019,0.468797981739044,0.999987959861755,54.7857131958007,53.5,43.630931854248,0.0,11.0,92.75,124.0,0,142,179.0,43.966194152832,125.5,2.85446585537393,139.704223632812,140.0,71,157.0546875,162.0,128,168.271697998046,178.0,265,164.958755493164,178.0,291,169.652282714843,181.0,394,167.550857543945,179.0,521,176.371032714843,187.0,725,179.18911743164,190.0,772,185.598052978515,195.0,1030,186.102584838867,196.0,1043,25.9999999999999,0.25
13671104_R3510014_SWAN,13671104_R3510014_SWAN_0000.nii.gz,13671104_R3510014_SWAN.nii.gz,2,122,0.46880030632019,0.468797981739044,0.999987959861755,58.0573768615722,53.5,46.7827682495117,0.0,17.75,91.0,142.849999999999,0,163,222.0,29.9318656921386,168.5,5.62945196043208,147.640441894531,156.0,89,186.380599975585,196.0,134,206.954986572265,215.0,311,213.617095947265,221.5,316,218.162033081054,227.0,432,213.69026184082,223.0,565,216.060882568359,223.0,772,213.852981567382,220.0,823,215.558120727539,221.0,1084,213.967178344726,220.0,1097,43.0999999999999,0.25
140387_R3592810_SWAN,140387_R3592810_SWAN_0000.nii.gz,140387_R3592810_SWAN.nii.gz,1,92,0.468800008296966,0.468800008296966,1.0,125.489128112792,128.5,54.3134002685546,39.1,80.75,174.75,201.0,27,208,210.0,42.8946914672851,81.5,1.90000200985612,199.283340454101,204.5,60,192.641220092773,203.0,131,198.052841186523,214.0,246,192.147476196289,213.5,278,190.865280151367,208.0,386,189.296524047851,206.0,489,183.0,196.0,700,177.865417480468,180.0,743,168.959411621093,167.0,1010,164.367004394531,170.0,1000,7.59999999999999,0.25
140387_R3592810_SWAN,140387_R3592810_SWAN_0000.nii.gz,140387_R3592810_SWAN.nii.gz,2,97,0.468800008296966,0.468800008296966,1.0,80.1546401977539,79.0,62.4303894042968,0.0,19.0,130.0,185.399999999999,0,195,190.0,40.6141319274902,111.0,2.73303883973617,151.106674194335,161.0,75,160.692306518554,181.0,143,167.802154541015,180.0,278,175.587463378906,191.0,303,178.732864379882,191.0,423,185.001815795898,194.0,549,186.718292236328,197.0,749,189.295349121093,198.0,816,191.819641113281,200.0,1059,194.409927368164,201.0,1088,17.7999999999999,0.25
140387_R3592810_SWAN,140387_R3592810_SWAN_0000.nii.gz,140387_R3592810_SWAN.nii.gz,3,70,0.468800008296966,0.468800008296966,1.0,98.6857147216796,102.5,60.1290397644043,7.45,48.75,149.5,196.0,0,205,194.0,34.9619560241699,91.5,2.61713045851165,193.037033081054,198.5,54,176.035400390625,179.0,113,187.886367797851,187.0,220,186.561264038085,194.0,253,186.494476318359,193.0,362,191.055084228515,200.0,472,195.400894165039,203.0,666,195.988723754882,201.0,709,198.06867980957,207.0,961,197.647720336914,212.5,968,-1.09999999999999,0.25
140387_R3592810_SWAN,140387_R3592810_SWAN_0000.nii.gz,140387_R3592810_SWAN.nii.gz,4,113,0.468800008296966,0.468800008296966,1.0,86.5044250488281,84.0,58.5214767456054,0.0,40.0,129.0,183.2,0,206,203.0,50.8266296386718,119.0,2.34129236673717,192.723678588867,205.5,76,202.379302978515,201.0,145,215.482269287109,221.0,282,205.383651733398,210.0,318,190.277114868164,201.0,415,170.494674682617,192.0,564,162.409027099609,188.0,687,162.878616333007,186.0,692,158.6708984375,172.0,866,164.230209350585,181.0,821,6.69999999999995,0.25
140387_R3592810_SWAN,140387_R3592810_SWAN_0000.nii.gz,140387_R3592810_SWAN.nii.gz,5,67,0.468800008296966,0.468800008296966,1.0,113.194030761718,113.0,47.6386413574218,38.0,71.5,148.0,186.7,27,204,222.0,40.7571105957031,109.0,2.67437996479297,199.0,206.5,62,203.009521484375,217.0,105,209.883117675781,220.0,231,204.09959411621,220.0,251,200.680435180664,221.0,363,203.274993896484,223.0,480,200.384506225585,220.0,671,196.038513183593,214.0,727,193.453308105468,208.0,953,188.954635620117,205.0,992,8.70000000000001,0.25
140387_R3592810_SWAN,140387_R3592810_SWAN_0000.nii.gz,140387_R3592810_SWAN.nii.gz,6,106,0.468800008296966,0.468800008296966,1.0,123.179244995117,135.5,58.4902534484863,11.5,91.25,165.5,202.75,0,209,210.0,31.9531459808349,74.5,2.33153881137976,202.584411621093,209.0,77,207.903442382812,214.0,145,202.678833007812,212.0,274,203.367218017578,211.0,305,199.073989868164,210.0,419,195.509185791015,208.0,544,189.449249267578,204.0,739,187.208236694335,202.0,802,189.69383239746,204.0,1055,193.933456420898,206.0,1082,0.799999999999993,0.25
140387_R3592810_SWAN,140387_R3592810_SWAN_0000.nii.gz,140387_R3592810_SWAN.nii.gz,7,127,0.468800008296966,0.468800008296966,1.0,121.74803161621,127.0,53.4604110717773,33.3,79.5,170.0,201.0,21,209,190.5,41.4754791259765,63.5,1.53102511021335,185.108428955078,186.0,83,191.719299316406,189.0,171,195.33332824707,198.5,324,185.358169555664,191.0,349,178.558700561523,188.0,460,173.584289550781,187.0,611,172.440200805664,181.0,811,172.365005493164,183.0,863,172.197525024414,182.5,1134,174.83055114746,192.0,1139,4.89999999999999,0.25
140387_R3592810_SWAN,140387_R3592810_SWAN_0000.nii.gz,140387_R3592810_SWAN.nii.gz,8,56,0.468800008296966,0.468800008296966,1.0,163.107147216796,177.0,40.5588989257812,79.25,137.5,196.0,208.0,57,209,213.0,35.1471252441406,36.0,1.02426584677793,212.461532592773,213.0,39,193.708740234375,205.0,103,208.29441833496,213.0,197,202.39646911621,212.0,227,206.21238708496,213.0,339,204.023315429687,215.0,429,205.57600402832,217.0,625,203.751495361328,218.0,672,203.974700927734,218.0,909,202.442764282226,216.0,926,0.999999999999982,0.25
140387_R3592810_SWAN,140387_R3592810_SWAN_0000.nii.gz,140387_R3592810_SWAN.nii.gz,9,206,0.468800008296966,0.468800008296966,1.0,27.6941738128662,11.0,38.6967124938964,0.0,0.0,40.0,111.75,0,171,105.0,40.2248764038085,94.0,2.3368623698518,81.6166687011718,77.0,120,94.9951934814453,95.0,208,105.020050048828,103.0,399,102.1396484375,96.0,401,109.498039245605,103.0,510,113.613983154296,110.0,658,122.460021972656,115.0,863,131.527404785156,126.0,912,144.17805480957,136.0,1185,156.824417114257,159.5,1196,12.9999999999999,0.25
140387_R3592810_SWAN,140387_R3592810_SWAN_0000.nii.gz,140387_R3592810_SWAN.nii.gz,10,59,0.468800008296966,0.468800008296966,1.0,142.49153137207,141.0,46.0343933105468,61.4,110.5,180.0,205.1,32,209,228.0,44.4344749450683,87.0,1.95793919265509,211.666671752929,216.0,51,217.932037353515,219.0,103,231.901779174804,232.0,224,228.576126098632,232.0,243,220.918533325195,228.0,356,192.838928222656,218.0,447,192.344314575195,214.0,607,187.335037231445,211.0,585,187.478546142578,211.0,769,185.727142333984,210.0,722,12.1999999999999,0.25
140387_R3592810_SWAN,140387_R3592810_SWAN_0000.nii.gz,140387_R3592810_SWAN.nii.gz,11,183,0.468800008296966,0.468800008296966,1.0,50.0928955078125,36.0,49.6571540832519,0.0,8.0,69.0,154.9,0,205,196.0,44.2579841613769,160.0,3.61516691353576,163.626510620117,166.0,83,154.130233764648,150.0,215,193.233978271484,196.0,312,187.097930908203,196.0,388,185.844863891601,198.0,477,176.226364135742,194.0,645,172.425811767578,187.0,829,169.809417724609,183.0,913,166.421096801757,177.0,1166,160.31265258789,169.0,1193,27.2,0.25
140387_R3592810_SWAN,140387_R3592810_SWAN_0000.nii.gz,140387_R3592810_SWAN.nii.gz,12,178,0.468800008296966,0.468800008296966,1.0,71.4494400024414,64.0,53.5611610412597,0.0,27.25,112.0,173.15,0,209,199.0,30.6019382476806,135.0,4.41148527610768,156.822433471679,155.0,107,179.89500427246,189.0,200,197.933151245117,203.0,374,199.376556396484,201.0,401,193.805343627929,198.0,524,193.039123535156,198.0,690,185.326614379882,193.0,894,185.910873413085,193.0,965,183.151412963867,189.0,1235,183.04800415039,190.0,1250,30.3999999999999,0.25
140387_R3592810_SWAN,140387_R3592810_SWAN_0000.nii.gz,140387_R3592810_SWAN.nii.gz,13,164,0.468800008296966,0.468800008296966,1.0,71.2865829467773,61.5,63.0438041687011,0.0,1.5,118.0,187.749999999999,0,206,228.0,47.3576393127441,166.5,3.51580024714606,199.923080444335,208.0,91,200.166671752929,218.5,180,224.682098388671,235.0,324,218.37222290039,232.0,360,209.835464477539,228.5,468,200.461532592773,222.5,624,187.973648071289,212.0,797,183.816818237304,200.0,797,179.560119628906,194.0,998,173.709243774414,187.0,963,17.6999999999999,0.25
140387_R3592810_SWAN,140387_R3592810_SWAN_0000.nii.gz,140387_R3592810_SWAN.nii.gz,14,114,0.468800008296966,0.468800008296966,1.0,123.412277221679,132.0,59.94527053833,18.95,72.25,177.0,203.049999999999,0,208,219.0,36.0890312194824,87.0,2.41070477816078,206.974029541015,211.0,77,213.118057250976,218.0,144,209.190979003906,219.0,288,205.907943725585,219.0,315,206.744018554687,219.0,418,201.677413940429,218.5,558,204.45849609375,217.0,759,205.613967895507,216.0,816,210.215362548828,219.0,1068,211.175384521484,221.0,1089,4.99999999999998,0.25
140387_R3592810_SWAN,140387_R3592810_SWAN_0000.nii.gz,140387_R3592810_SWAN.nii.gz,15,77,0.468800008296966,0.468800008296966,1.0,83.5064926147461,67.0,39.7026710510253,38.0,56.0,111.0,165.4,30,194,196.0,23.1602058410644,129.0,5.56989868247522,158.355560302734,172.0,45,149.153839111328,146.0,130,187.235290527343,194.0,221,190.537307739257,195.0,268,191.634414672851,194.0,372,196.088607788085,198.5,474,195.85546875,199.0,685,197.14305114746,200.0,727,191.349945068359,194.0,983,184.098175048828,195.0,988,23.3999999999999,0.25
140387_R3592810_SWAN,140387_R3592810_SWAN_0000.nii.gz,140387_R3592810_SWAN.nii.gz,16,82,0.468800008296966,0.468800008296966,1.0,35.6341476440429,26.5,38.6644439697265,0.0,0.0,60.75,98.75,0,161,103.0,66.3496932983398,76.5,1.15298196867345,92.5090942382812,80.0,55,90.2975234985351,77.0,121,111.732215881347,92.0,239,115.985610961914,100.0,278,118.324394226074,102.0,373,129.84829711914,113.0,501,136.943481445312,127.0,690,151.145751953125,155.0,741,153.675735473632,161.0,993,163.397583007812,181.5,996,15.0,0.25
140387_R3592810_SWAN,140387_R3592810_SWAN_0000.nii.gz,140387_R3592810_SWAN.nii.gz,17,111,0.468800008296966,0.468800008296966,1.0,66.5045013427734,58.0,62.0519790649414,0.0,2.5,110.5,184.0,0,209,193.0,39.3927841186523,135.0,3.42702357856646,167.68830871582,181.0,77,185.006805419921,192.0,147,199.611114501953,211.0,288,188.338562011718,197.0,319,179.527053833007,179.0,425,183.189468383789,187.5,570,179.85920715332,180.5,760,184.941604614257,189.0,822,182.40672302246,189.5,1072,186.447769165039,200.0,1101,13.3999999999999,0.25
140387_R3592810_SWAN,140387_R3592810_SWAN_0000.nii.gz,140387_R3592810_SWAN.nii.gz,18,103,0.468800008296966,0.468800008296966,1.0,74.1941757202148,73.0,44.5889663696289,10.3,35.0,115.0,145.799999999999,0,182,187.0,45.5346946716308,114.0,2.50358547086128,152.644729614257,160.5,76,178.61538696289,189.0,143,187.856613159179,191.0,272,176.609268188476,183.0,302,175.964035034179,187.0,417,166.26838684082,184.0,544,165.040374755859,180.0,743,158.877365112304,172.0,791,157.921691894531,168.0,1060,155.697189331054,163.5,1070,13.9,0.25
140387_R3592810_SWAN,140387_R3592810_SWAN_0000.nii.gz,140387_R3592810_SWAN.nii.gz,19,135,0.468800008296966,0.468800008296966,1.0,68.3555526733398,70.0,54.3955993652343,0.0,0.0,106.0,152.399999999999,0,180,225.0,24.5702686309814,155.0,6.30843733651961,158.867477416992,163.0,83,212.716049194335,214.0,162,229.676773071289,230.0,297,226.401779174804,227.0,336,225.594970703125,227.0,437,214.54637145996,221.0,593,202.638565063476,214.0,783,199.90379333496,215.0,842,184.421432495117,200.0,1101,188.551727294921,211.0,1102,41.5999999999999,0.25
140387_R3592810_SWAN,140387_R3592810_SWAN_0000.nii.gz,140387_R3592810_SWAN.nii.gz,20,123,0.468800008296966,0.468800008296966,1.0,143.373977661132,149.0,51.0439643859863,51.0,94.5,188.0,204.899999999999,29,209,215.0,38.941162109375,66.0,1.69486467339172,202.173919677734,213.0,92,206.75471496582,215.0,159,205.958938598632,215.0,341,203.393768310546,216.0,353,198.584045410156,213.0,464,200.037704467773,216.0,610,195.585250854492,213.0,827,193.32356262207,214.0,887,189.49868774414,210.0,1143,190.837036132812,211.0,1172,1.8,0.25
140387_R3592810_SWAN,140387_R3592810_SWAN_0000.nii.gz,140387_R3592810_SWAN.nii.gz,21,51,0.468800008296966,0.468800008296966,1.0,39.3137245178222,37.0,33.3698768615722,0.0,4.5,61.0,96.5,0,123,164.5,72.5542297363281,127.5,1.75730623098546,89.1578979492187,81.0,38,88.8762893676757,72.0,97,132.223876953125,121.0,201,151.482299804687,142.0,226,159.938415527343,157.0,341,175.329437255859,212.5,428,177.72654724121,207.0,629,180.532836914062,210.0,670,181.312561035156,208.0,915,180.693145751953,209.0,919,46.4,1.25
140387_R3592810_SWAN,140387_R3592810_SWAN_0000.nii.gz,140387_R3592810_SWAN.nii.gz,22,89,0.468800008296966,0.468800008296966,1.0,98.0674133300781,89.0,51.3671073913574,20.8,60.0,141.0,182.399999999999,2,208,221.0,30.4558315277099,132.0,4.33414533042386,170.658233642578,174.0,79,198.72932434082,204.0,133,208.26643371582,215.0,289,208.615631103515,216.0,307,213.290481567382,222.0,420,213.251358032226,224.0,553,214.05696105957,225.0,755,213.524047851562,226.0,811,209.613800048828,222.0,1072,211.013687133789,223.0,1096,27.4,0.25
140387_R3592810_SWAN,140387_R3592810_SWAN_0000.nii.gz,140387_R3592810_SWAN.nii.gz,23,192,0.468800008296966,0.468800008296966,1.0,101.244789123535,105.0,61.1307296752929,0.0,49.0,153.0,192.899999999999,0,209,228.0,25.461103439331,123.0,4.83089824810953,193.25,206.5,148,225.158584594726,227.0,227,230.766143798828,233.0,449,228.838638305664,231.0,471,226.102218627929,228.0,587,217.71141052246,224.0,797,211.061080932617,220.0,1015,198.93618774414,212.0,1097,191.820358276367,208.0,1375,181.476516723632,204.0,1427,15.9,0.25
140387_R3592810_SWAN,140387_R3592810_SWAN_0000.nii.gz,140387_R3592810_SWAN.nii.gz,24,131,0.468800008296966,0.468800008296966,1.0,76.5190811157226,68.0,54.2044982910156,0.0,32.0,124.5,159.5,0,195,194.0,20.6807422637939,126.0,6.09262464532474,167.49397277832,170.0,83,190.321212768554,189.0,165,199.341384887695,200.0,290,195.20181274414,196.0,332,189.19953918457,192.0,441,186.294937133789,192.0,573,184.512817382812,191.0,780,187.727157592773,194.0,832,187.971969604492,194.0,1106,191.407348632812,197.0,1117,17.7999999999999,0.25
140387_R3592810_SWAN,140387_R3592810_SWAN_0000.nii.gz,140387_R3592810_SWAN.nii.gz,25,95,0.468800008296966,0.468800008296966,1.0,79.7894744873046,62.0,58.776985168457,4.4,28.0,135.5,179.5,0,201,210.0,21.2233295440673,148.0,6.97345813213228,167.225799560546,179.0,62,179.235290527343,182.0,136,199.216323852539,203.0,245,207.946624755859,210.0,281,210.195922851562,212.0,393,209.021743774414,211.0,506,208.150573730468,210.0,704,206.119522094726,209.0,753,204.399993896484,206.0,1015,203.771484375,207.0,1024,22.8,0.25
140387_R3592810_SWAN,140387_R3592810_SWAN_0000.nii.gz,140387_R3592810_SWAN.nii.gz,26,66,0.468800008296966,0.468800008296966,1.0,113.575759887695,108.0,49.9969863891601,37.5,72.75,148.0,202.5,20,209,223.0,31.9067935943603,115.0,3.60424809405877,203.519226074218,211.0,52,207.981307983398,211.0,107,220.216812133789,224.5,226,218.788848876953,224.0,251,215.6201171875,222.0,358,210.854080200195,222.0,466,205.134445190429,218.0,662,198.143463134765,214.0,711,195.06492614746,213.0,955,188.62939453125,205.0,966,10.4999999999999,0.25
140387_R3592810_SWAN,140387_R3592810_SWAN_0000.nii.gz,140387_R3592810_SWAN.nii.gz,27,149,0.468800008296966,0.468800008296966,1.0,99.979866027832,92.0,59.7667121887207,0.0,56.0,151.0,195.2,0,206,190.0,26.816328048706,98.0,3.65448989966128,187.135421752929,189.5,96,179.87922668457,180.0,207,190.457305908203,188.0,363,191.775817871093,192.0,397,190.337097167968,190.0,531,193.992477416992,191.0,664,192.015441894531,192.0,907,191.436386108398,190.0,951,192.300476074218,190.0,1248,192.21044921875,192.0,1245,3.1,0.25
140387_R3592810_SWAN,140387_R3592810_SWAN_0000.nii.gz,140387_R3592810_SWAN.nii.gz,28,195,0.468800008296966,0.468800008296966,1.0,53.8717956542968,45.0,47.7540626525878,0.0,10.5,80.0,146.199999999999,0,196,209.0,45.3302459716796,164.0,3.6178934502685,144.702972412109,145.0,101,174.528564453125,182.5,210,189.464492797851,199.0,338,199.661575317382,207.0,393,204.939636230468,215.0,497,198.750747680664,209.0,666,195.734878540039,208.5,860,190.147476196289,202.0,929,182.757293701171,194.0,1199,185.498352050781,204.0,1218,40.5,0.25
140387_R3592810_SWAN,140387_R3592810_SWAN_0000.nii.gz,140387_R3592810_SWAN.nii.gz,29,68,0.468800008296966,0.468800008296966,1.0,97.5,91.5,66.4347305297851,0.0,34.25,163.75,199.0,0,205,217.0,38.0464477539062,125.5,3.29859966984998,164.639343261718,176.0,61,186.548675537109,216.0,113,197.5859375,215.0,256,205.559997558593,216.0,275,200.557891845703,208.0,380,210.717941284179,223.0,507,210.180282592773,225.0,710,211.964050292968,226.0,751,214.279876708984,226.0,1004,216.506881713867,230.0,1018,23.7999999999999,0.25
140387_R3592810_SWAN,140387_R3592810_SWAN_0000.nii.gz,140387_R3592810_SWAN.nii.gz,30,76,0.468800008296966,0.468800008296966,1.0,137.17105102539,147.0,50.8621444702148,43.0,103.75,175.0,200.0,8,210,229.0,34.9739456176757,82.0,2.34460249056249,219.090911865234,225.5,66,219.413223266601,225.0,121,223.169235229492,236.0,260,216.685913085937,232.0,277,210.49234008789,227.5,392,213.092163085937,227.0,510,213.049362182617,227.0,709,214.120422363281,227.0,764,215.288116455078,227.0,1010,213.390975952148,223.0,1041,6.09999999999997,0.25
140387_R3592810_SWAN,140387_R3592810_SWAN_0000.nii.gz,140387_R3592810_SWAN.nii.gz,31,69,0.468800008296966,0.468800008296966,1.0,116.0,113.0,61.5088081359863,21.2,58.0,178.0,199.999999999999,5,209,220.0,52.4504966735839,107.0,2.04001881366147,189.442306518554,209.0,52,200.135589599609,204.5,118,219.641510009765,225.0,265,208.142852783203,221.0,273,199.361251831054,219.0,382,192.431777954101,219.0,491,191.115493774414,215.0,710,196.094421386718,214.5,752,196.689376831054,213.0,998,200.104431152343,215.0,1015,11.3,0.25
140387_R3592810_SWAN,140387_R3592810_SWAN_0000.nii.gz,140387_R3592810_SWAN.nii.gz,32,180,0.468800008296966,0.468800008296966,1.0,72.0888900756836,66.0,58.2445335388183,0.0,17.0,115.0,172.199999999999,0,193,205.0,36.5739974975585,139.0,3.80051428639373,154.574081420898,160.5,108,176.623657226562,174.0,186,194.021560668945,201.0,371,194.290908813476,199.0,385,197.141174316406,208.0,510,200.080795288085,207.0,656,196.832962036132,210.5,880,201.283721923828,215.0,934,196.503707885742,213.0,1213,198.393325805664,213.0,1228,28.4999999999999,0.25
140387_R3592810_SWAN,140387_R3592810_SWAN_0000.nii.gz,140387_R3592810_SWAN.nii.gz,33,95,0.468800008296966,0.468800008296966,1.0,68.0421066284179,45.0,66.7296066284179,0.0,4.5,125.5,183.6,0,210,211.0,36.3284645080566,166.0,4.5694196616316,157.847457885742,176.0,59,163.87857055664,172.5,140,190.686050415039,197.5,258,198.585861206054,206.0,297,202.636367797851,213.0,396,203.961166381835,215.0,515,198.480773925781,216.0,728,196.483032226562,212.0,766,189.930938720703,210.0,1028,186.841232299804,208.0,1033,22.9999999999999,0.25
140387_R3592810_SWAN,140387_R3592810_SWAN_0000.nii.gz,140387_R3592810_SWAN.nii.gz,34,102,0.468800008296966,0.468800008296966,1.0,90.9901962280273,94.5,60.1396217346191,0.0500000000000007,43.5,133.0,189.95,0,209,204.0,42.7653312683105,109.5,2.56048525178011,180.855270385742,187.5,76,187.230773925781,200.0,143,201.123672485351,212.0,283,195.171524047851,208.0,309,189.857482910156,202.0,421,184.854614257812,197.0,564,179.447128295898,181.0,747,178.072814941406,175.0,824,177.796981811523,179.0,1059,180.031112670898,180.0,1093,14.6999999999999,0.25
140387_R3592810_SWAN,140387_R3592810_SWAN_0000.nii.gz,140387_R3592810_SWAN.nii.gz,35,106,0.468800008296966,0.468800008296966,1.0,108.415092468261,109.5,51.1636047363281,21.75,76.25,146.0,192.25,4,204,202.0,32.6404266357421,92.5,2.83390903655376,179.551284790039,185.5,78,194.068496704101,198.5,146,197.56884765625,201.0,276,198.199996948242,206.0,305,192.714965820312,202.0,421,189.68115234375,202.0,552,188.770477294921,201.0,745,190.117568969726,200.0,808,193.422897338867,203.0,1057,192.376831054687,203.0,1088,12.8,0.25
140387_R3592810_SWAN,140387_R3592810_SWAN_0000.nii.gz,140387_R3592810_SWAN.nii.gz,36,72,0.468800008296966,0.468800008296966,1.0,133.111114501953,137.5,48.9371910095214,48.6,91.0,175.25,200.45,40,207,206.0,49.3607864379882,68.5,1.38774126068789,212.38182067871,216.0,55,196.575225830078,207.0,113,202.935348510742,213.0,232,191.281860351562,203.0,259,186.619995117187,206.0,350,188.438522338867,206.0,431,191.214538574218,213.0,578,189.637588500976,213.0,596,192.255325317382,216.0,752,192.812240600585,218.0,735,-6.60000000000001,0.25
140387_R3592810_SWAN,140387_R3592810_SWAN_0000.nii.gz,140387_R3592810_SWAN.nii.gz,37,117,0.468800008296966,0.468800008296966,1.0,96.1453018188476,96.0,58.4057807922363,5.4,48.0,145.0,189.0,0,209,228.0,34.8227005004882,132.0,3.79063076966558,186.480514526367,198.0,77,210.825500488281,214.0,149,219.752578735351,227.0,291,217.641738891601,229.0,321,220.27293395996,230.0,425,212.919067382812,227.0,556,211.920059204101,227.0,763,206.228042602539,223.0,820,209.580322265625,223.0,1077,209.41909790039,220.0,1100,21.2,0.25
140387_R3592810_SWAN,140387_R3592810_SWAN_0000.nii.gz,140387_R3592810_SWAN.nii.gz,38,98,0.468800008296966,0.468800008296966,1.0,126.010200500488,132.0,55.0711021423339,24.85,95.5,170.5,200.299999999999,0,207,224.0,35.0726089477539,92.0,2.62312963763398,201.402770996093,212.0,72,216.149993896484,220.5,140,216.220642089843,226.0,281,216.261444091796,227.0,306,211.09976196289,223.0,411,206.245422363281,222.0,546,205.652877807617,221.0,749,203.180343627929,218.0,804,205.45523071289,221.0,1050,202.537887573242,218.0,1082,10.1,0.25
140387_R3592810_SWAN,140387_R3592810_SWAN_0000.nii.gz,140387_R3592810_SWAN.nii.gz,39,40,0.468800008296966,0.468800008296966,1.0,147.0,147.5,28.5394458770751,95.8,134.0,165.0,195.05,89,199,198.0,33.1718025207519,50.5,1.52237732539278,188.125,191.0,32,188.112503051757,200.0,80,203.034088134765,203.0,176,193.41584777832,198.5,202,185.355270385742,197.0,304,174.059585571289,183.5,386,171.805130004882,183.0,585,169.641357421875,177.0,619,168.555297851562,169.0,859,168.398605346679,167.0,863,5.09999999999997,0.25
140387_R3592810_SWAN,140387_R3592810_SWAN_0000.nii.gz,140387_R3592810_SWAN.nii.gz,40,92,0.468800008296966,0.468800008296966,1.0,112.217391967773,116.5,59.0441627502441,15.6499999999999,56.75,166.5,201.8,0,210,230.0,26.1817150115966,113.5,4.33508652697989,206.430557250976,218.0,72,222.671875,223.0,128,227.311538696289,234.0,260,225.204940795898,233.0,283,225.460952758789,229.0,397,224.950469970703,228.0,525,225.888732910156,230.0,710,223.57942199707,227.0,768,222.828125,227.0,1024,219.850524902343,225.0,1037,11.1999999999999,0.25
140387_R3592810_SWAN,140387_R3592810_SWAN_0000.nii.gz,140387_R3592810_SWAN.nii.gz,41,53,0.468800008296966,0.468800008296966,1.0,139.396224975585,143.0,39.2867240905761,81.4,101.0,175.0,194.8,75,208,205.0,32.6747131347656,62.0,1.89749179263742,200.0,204.0,39,184.699996948242,195.0,100,199.733337402343,206.0,195,194.968887329101,204.0,225,193.970413208007,207.0,338,189.720275878906,202.0,429,188.116134643554,202.0,620,185.974670410156,199.0,671,186.144592285156,203.0,906,186.276275634765,202.0,923,2.19999999999998,0.25
140387_R3592810_SWAN,140387_R3592810_SWAN_0000.nii.gz,140387_R3592810_SWAN.nii.gz,42,165,0.468800008296966,0.468800008296966,1.0,53.7272720336914,40.0,49.0667304992675,0.0,5.0,92.0,139.599999999999,0,180,212.0,35.0064392089843,172.0,4.91338176308592,155.626373291015,165.0,91,172.273681640625,174.0,190,196.223220825195,205.0,336,199.243896484375,210.0,369,199.48664855957,212.0,487,203.121597290039,217.0,625,201.565216064453,217.0,851,202.68521118164,219.0,899,201.650466918945,219.0,1173,204.194259643554,219.5,1184,33.1999999999999,0.25
140387_R3592810_SWAN,140387_R3592810_SWAN_0000.nii.gz,140387_R3592810_SWAN.nii.gz,43,32,0.468800008296966,0.468800008296966,1.0,136.4375,141.0,41.0608825683593,65.15,112.75,169.0,201.15,58,207,216.0,30.9600982666015,75.0,2.42247293126026,213.33332824707,214.5,30,200.328567504882,214.0,70,213.433731079101,214.0,166,204.546447753906,214.0,183,202.976028442382,212.0,292,207.832870483398,218.0,365,204.592788696289,217.0,555,209.091064453125,219.0,593,206.913040161132,217.0,828,206.472549438476,218.0,838,-0.299999999999985,0.25
140387_R3592810_SWAN,140387_R3592810_SWAN_0000.nii.gz,140387_R3592810_SWAN.nii.gz,44,119,0.468800008296966,0.468800008296966,1.0,51.2773094177246,49.0,41.2677116394043,0.0,15.5,87.5,122.0,0,159,219.0,19.0517120361328,170.0,8.92308259108598,136.493667602539,137.0,79,188.364868164062,187.0,148,215.978942871093,214.0,285,220.236587524414,219.0,317,222.883605957031,223.0,421,218.084503173828,219.0,568,219.834442138671,221.0,755,219.046798706054,218.0,812,220.052978515625,219.0,1076,219.978820800781,220.0,1086,54.6,0.25
140387_R3592810_SWAN,140387_R3592810_SWAN_0000.nii.gz,140387_R3592810_SWAN.nii.gz,45,138,0.468800008296966,0.468800008296966,1.0,74.202896118164,71.0,57.3010292053222,0.0,23.25,125.25,163.3,0,195,212.0,30.3496551513671,141.0,4.64585179952689,165.535720825195,175.5,84,184.817077636718,194.0,164,207.439590454101,213.0,298,205.114364624023,211.0,341,204.192749023437,212.0,441,205.665557861328,212.0,601,204.377365112304,208.0,795,205.010589599609,209.0,850,205.053298950195,208.0,1107,201.799285888671,206.0,1126,25.0999999999999,0.25
140387_R3592810_SWAN,140387_R3592810_SWAN_0000.nii.gz,140387_R3592810_SWAN.nii.gz,46,40,0.468800008296966,0.468800008296966,1.0,134.574996948242,131.0,38.1836929321289,80.9,100.75,164.0,198.05,76,206,219.0,53.5307235717773,88.0,1.6439157576864,197.625,203.5,32,188.487503051757,182.0,80,197.8125,222.0,176,193.774993896484,216.5,200,190.490127563476,217.5,304,194.316757202148,220.0,382,194.905014038085,219.0,579,197.49836730957,220.0,614,199.421905517578,221.0,858,200.210464477539,220.5,860,15.7999999999999,0.25
140387_R3592810_SWAN,140387_R3592810_SWAN_0000.nii.gz,140387_R3592810_SWAN.nii.gz,47,186,0.468800008296966,0.468800008296966,1.0,88.7042999267578,92.0,58.3817024230957,0.0,34.0,125.0,191.75,0,205,217.0,38.575080871582,125.0,3.24043390644156,193.046722412109,199.0,107,194.81900024414,205.0,221,213.975341796875,220.0,365,212.94775390625,220.0,402,204.769378662109,214.0,542,197.5,214.0,670,179.362411499023,196.0,894,166.071746826171,186.0,892,167.719650268554,191.0,1120,165.065795898437,183.5,1064,15.5999999999999,0.25
140387_R3592810_SWAN,140387_R3592810_SWAN_0000.nii.gz,140387_R3592810_SWAN.nii.gz,48,85,0.468800008296966,0.468800008296966,1.0,121.376472473144,121.0,56.7172508239746,26.6,75.0,176.0,201.8,15,209,221.0,33.8992691040039,100.0,2.94991610860981,203.627120971679,214.0,59,198.425201416015,202.0,127,210.794982910156,219.0,239,210.95603942871,221.0,273,208.518325805664,221.0,382,207.826690673828,222.0,502,201.304916381835,217.0,692,190.468460083007,210.0,745,182.247695922851,207.0,977,172.242721557617,194.0,927,7.59999999999998,0.25
140387_R3592810_SWAN,140387_R3592810_SWAN_0000.nii.gz,140387_R3592810_SWAN.nii.gz,49,129,0.468800008296966,0.468800008296966,1.0,87.9069747924804,86.0,62.367805480957,0.0,28.0,136.0,185.0,0,208,201.0,30.9158515930175,115.0,3.71977461639688,185.404754638671,194.0,84,187.676834106445,196.0,164,196.685806274414,199.5,296,195.489486694335,197.0,333,195.77976989746,198.0,445,201.536758422851,205.0,585,200.632049560546,203.5,780,197.552383422851,206.0,840,194.14273071289,201.0,1107,189.504440307617,197.5,1126,2.49999999999995,0.25
140387_R3592810_SWAN,140387_R3592810_SWAN_0000.nii.gz,140387_R3592810_SWAN.nii.gz,50,41,0.468800008296966,0.468800008296966,1.0,143.146347045898,136.0,39.8580169677734,91.0,111.0,180.0,205.0,77,208,223.0,28.6400432586669,87.0,3.03770490897119,217.030303955078,221.0,33,206.109756469726,213.0,82,220.353591918945,226.0,181,215.004943847656,221.0,202,216.206451416015,224.0,310,212.332473754882,220.0,385,207.260269165039,218.0,584,203.344100952148,216.0,619,198.775085449218,213.0,867,194.255172729492,210.5,870,2.59999999999998,0.25
140387_R3592810_SWAN,140387_R3592810_SWAN_0000.nii.gz,140387_R3592810_SWAN.nii.gz,51,155,0.468800008296966,0.468800008296966,1.0,87.8129043579101,87.0,59.0792541503906,0.0,45.0,121.5,194.199999999999,0,208,212.0,45.0008163452148,125.0,2.77772738701198,174.282608032226,187.5,92,200.681076049804,208.0,185,207.0,214.0,316,205.332397460937,218.0,358,195.25,209.0,468,189.297805786132,208.0,591,186.826080322265,206.5,736,188.199478149414,205.0,757,187.033538818359,208.0,954,188.637741088867,207.0,922,19.4999999999999,0.25
140387_R3592810_SWAN,140387_R3592810_SWAN_0000.nii.gz,140387_R3592810_SWAN.nii.gz,52,193,0.468800008296966,0.468800008296966,1.0,54.2849731445312,44.0,51.0202293395996,0.0,0.0,81.0,151.199999999999,0,197,197.0,37.9360313415527,153.0,4.03310506105612,143.757278442382,151.0,103,172.623260498046,171.0,215,184.556884765625,192.5,334,186.41795349121,189.0,390,191.085662841796,197.0,502,192.488723754882,207.0,665,189.345031738281,208.0,855,186.185989379882,213.0,914,190.858535766601,217.0,1131,194.31103515625,218.0,1106,27.0999999999999,0.25
140387_R3592810_SWAN,140387_R3592810_SWAN_0000.nii.gz,140387_R3592810_SWAN.nii.gz,53,82,0.468800008296966,0.468800008296966,1.0,57.6951217651367,43.5,45.9633178710937,0.0,23.5,87.0,142.8,0,192,211.0,36.465648651123,167.5,4.59336406168223,158.578948974609,164.0,57,179.17073059082,187.0,123,206.357147216796,210.5,238,204.793228149414,210.0,266,199.602127075195,212.0,377,197.308334350585,211.0,480,196.082107543945,211.0,682,194.395858764648,207.0,725,195.085678100585,209.0,992,192.940704345703,207.0,995,32.2999999999999,0.25
140387_R3592810_SWAN,140387_R3592810_SWAN_0000.nii.gz,140387_R3592810_SWAN.nii.gz,54,187,0.468800008296966,0.468800008296966,1.0,95.4384994506836,91.0,67.3001098632812,0.0,37.0,163.0,193.399999999999,0,207,205.0,49.8960266113281,114.0,2.28475106621251,201.082565307617,205.0,109,203.60513305664,217.0,195,210.108337402343,214.0,360,197.468353271484,205.0,395,193.785415649414,204.5,480,189.001647949218,199.0,606,189.578186035156,201.0,761,190.543792724609,201.0,765,189.474334716796,201.0,974,191.234222412109,204.0,935,-0.600000000000064,0.25
140387_R3592810_SWAN,140387_R3592810_SWAN_0000.nii.gz,140387_R3592810_SWAN.nii.gz,55,69,0.468800008296966,0.468800008296966,1.0,128.507247924804,127.0,46.6984214782714,61.4,90.0,169.0,204.0,52,208,219.0,46.5902404785156,92.0,1.9746624841403,205.622634887695,215.0,53,211.52293395996,220.0,109,213.106674194335,224.0,225,205.856002807617,216.0,250,197.283340454101,216.0,360,198.94432067871,219.0,431,193.760269165039,220.0,609,192.232177734375,219.0,603,190.791931152343,218.0,793,182.95442199707,216.0,768,1.39999999999998,0.25
140387_R3592810_SWAN,140387_R3592810_SWAN_0000.nii.gz,140387_R3592810_SWAN.nii.gz,56,56,0.468800008296966,0.468800008296966,1.0,141.839279174804,149.5,40.1945152282714,78.5,106.75,175.25,201.0,67,207,212.0,52.6575355529785,62.5,1.18691464276977,210.020401000976,221.0,49,211.633666992187,227.0,101,207.617218017578,223.0,209,194.519149780273,210.0,235,192.164733886718,207.0,346,188.564041137695,210.0,445,189.80564880371,215.0,638,181.866668701171,215.0,675,185.021331787109,219.0,891,182.850799560546,220.0,878,-7.40000000000002,0.25
140387_R3592810_SWAN,140387_R3592810_SWAN_0000.nii.gz,140387_R3592810_SWAN.nii.gz,57,129,0.468800008296966,0.468800008296966,1.0,76.4496154785156,71.0,57.6647567749023,0.0,30.0,116.0,180.599999999999,0,208,219.0,40.050308227539,148.0,3.69535233434816,178.719512939453,175.0,82,198.104293823242,200.0,163,207.965759277343,218.0,292,206.617904663085,217.0,335,203.691604614257,219.0,441,203.0068359375,220.0,585,204.61018371582,219.0,785,204.445114135742,221.0,838,206.314315795898,226.0,1104,204.259353637695,223.0,1122,28.7999999999999,0.25
140387_R3592810_SWAN,140387_R3592810_SWAN_0000.nii.gz,140387_R3592810_SWAN.nii.gz,58,61,0.468800008296966,0.468800008296966,1.0,147.934432983398,150.0,26.5292110443115,98.0,136.0,166.0,187.0,95,204,204.0,33.2335700988769,54.0,1.6248630477959,187.244903564453,187.0,49,197.310684204101,196.0,103,206.554550170898,210.0,220,199.251007080078,208.0,247,191.025573730468,199.0,352,187.606979370117,201.0,458,179.35105895996,201.0,658,178.44985961914,199.0,698,177.42642211914,198.0,931,177.389602661132,197.0,942,15.3999999999999,0.25
140387_R3592810_SWAN,140387_R3592810_SWAN_0000.nii.gz,140387_R3592810_SWAN.nii.gz,59,99,0.468800008296966,0.468800008296966,1.0,58.9191932678222,47.0,54.8464660644531,0.0,6.0,98.5,158.299999999999,0,205,215.0,30.6114330291748,168.0,5.48814555136587,170.93650817871,176.0,63,180.80142211914,184.0,141,204.398406982421,215.0,251,205.692825317382,214.0,293,208.869674682617,217.0,399,205.450286865234,214.0,533,207.59228515625,216.0,726,208.521347045898,217.0,773,209.679656982421,217.0,1027,210.860443115234,218.0,1039,29.0,0.25
140387_R3592810_SWAN,140387_R3592810_SWAN_0000.nii.gz,140387_R3592810_SWAN.nii.gz,60,65,0.468800008296966,0.468800008296966,1.0,62.1076927185058,49.0,50.7228126525878,0.0,25.0,91.0,159.599999999999,0,198,219.0,27.6372051239013,170.0,6.15112849645493,141.75,135.5,52,180.140182495117,186.0,107,206.890350341796,215.5,228,210.531494140625,219.5,254,212.885787963867,221.0,359,211.234542846679,219.0,469,210.803894042968,217.0,668,206.901412963867,214.0,710,206.149536132812,215.0,963,201.671508789062,212.0,965,56.3,0.25
140387_R3592810_SWAN,140387_R3592810_SWAN_0000.nii.gz,140387_R3592810_SWAN.nii.gz,61,144,0.468800008296966,0.468800008296966,1.0,52.8819427490234,52.5,45.4959526062011,0.0,3.0,80.0,137.85,0,160,219.0,43.8857765197753,166.5,3.79393993233715,155.056182861328,165.0,89,194.121551513671,206.0,181,217.810638427734,224.0,301,205.681945800781,218.0,349,205.098220825195,218.5,448,197.679718017578,216.0,562,198.565277099609,215.0,720,195.475616455078,212.0,738,192.613662719726,211.0,937,190.06346130371,210.0,914,35.3999999999999,0.25
14102064_R3512148_SWAN,14102064_R3512148_SWAN_0000.nii.gz,14102064_R3512148_SWAN.nii.gz,1,72,0.468799829483032,0.468799859285354,1.4000197649002,95.4305572509765,104.0,30.161521911621,43.8,68.75,120.25,138.45,33,141,183.0,14.5427360534667,79.0,5.43226527041088,157.629028320312,157.0,62,180.243591308593,179.0,78,184.089111328125,183.0,202,184.012664794921,185.0,237,179.439208984375,182.0,255,182.37644958496,183.0,433,178.734146118164,182.0,489,177.273971557617,181.0,511,179.930343627929,182.0,804,179.56394958496,181.0,821,17.5999999999999,0.25
14248960_R3618729_SWAN,14248960_R3618729_SWAN_0000.nii.gz,14248960_R3618729_SWAN.nii.gz,1,119,0.468800067901611,0.468800157308578,1.39997518062591,77.7479019165039,82.0,48.0722846984863,0.0,41.5,121.0,147.0,0,165,224.0,20.5228328704834,142.0,6.91912275932573,175.537506103515,174.0,80,207.90625,213.0,96,213.684417724609,218.0,263,220.221435546875,226.0,280,216.886856079101,223.0,274,220.745559692382,226.0,507,217.472900390625,221.0,535,217.523208618164,221.0,560,217.910766601562,221.0,919,215.845809936523,219.0,882,32.2,0.25
14248960_R3618729_SWAN,14248960_R3618729_SWAN_0000.nii.gz,14248960_R3618729_SWAN.nii.gz,2,141,0.468800067901611,0.468800157308578,1.39997518062591,38.4964523315429,35.0,29.3768901824951,0.0,11.0,59.0,90.0,0,106,159.0,26.6416931152343,124.0,4.65435884512511,105.530120849609,104.0,83,133.616165161132,134.0,99,147.368606567382,148.0,274,156.541809082031,158.0,299,156.214279174804,161.0,294,163.228729248046,166.0,529,161.335754394531,166.0,551,160.381851196289,165.0,584,164.372268676757,171.0,916,163.645370483398,172.0,908,35.1999999999999,0.25
14248960_R3618729_SWAN,14248960_R3618729_SWAN_0000.nii.gz,14248960_R3618729_SWAN.nii.gz,3,114,0.468800067901611,0.468800157308578,1.39997518062591,28.1403503417968,25.0,21.884817123413,0.0,7.25,44.0,66.3999999999999,0,77,127.5,27.7650127410888,102.5,3.69169648707966,88.3283615112304,86.0,67,114.67088317871,110.0,79,113.274131774902,111.0,259,131.692306518554,123.0,260,138.453811645507,129.0,249,139.13833618164,138.0,506,146.99609375,145.0,512,149.984497070312,148.0,516,146.10578918457,148.5,898,150.192352294921,155.0,837,22.4,0.25
14248960_R3618729_SWAN,14248960_R3618729_SWAN_0000.nii.gz,14248960_R3618729_SWAN.nii.gz,4,136,0.468800067901611,0.468800157308578,1.39997518062591,69.6323547363281,69.0,30.0821933746337,18.75,50.0,90.25,117.25,1,134,180.0,20.2906055450439,111.0,5.47051194473159,141.45832824707,139.0,72,172.023803710937,171.5,84,169.262237548828,173.0,286,179.658279418945,182.0,278,179.670547485351,180.5,258,181.547668457031,183.0,535,178.398498535156,180.0,532,178.606674194335,181.0,539,178.309982299804,182.0,942,179.05207824707,182.0,864,26.1,0.25
14248960_R3618729_SWAN,14248960_R3618729_SWAN_0000.nii.gz,14248960_R3618729_SWAN.nii.gz,5,132,0.468800067901611,0.468800157308578,1.39997518062591,37.825756072998,30.5,34.7727432250976,0.0,4.25,64.25,102.449999999999,0,113,153.0,19.947410583496,122.5,6.14114796941879,104.677421569824,104.0,93,129.619476318359,131.0,113,144.451736450195,150.0,259,148.264511108398,153.0,310,146.957061767578,153.0,326,149.5703125,154.0,512,148.274139404296,151.0,580,148.655838012695,152.0,616,148.48745727539,150.0,917,149.645370483398,152.0,939,33.2,0.25
14381011_R3645564_SWAN,14381011_R3645564_SWAN_0000.nii.gz,14381011_R3645564_SWAN.nii.gz,1,84,0.468801826238632,0.468798577785491,1.00000131130218,96.3928604125976,93.5,42.1389503479003,27.3,66.75,134.0,158.399999999999,9,172,225.0,15.0391016006469,131.5,8.74387337035763,179.544113159179,177.5,68,213.857147216796,214.0,84,222.588653564453,225.0,282,225.365539550781,225.0,238,225.246337890625,226.0,410,221.944564819335,225.0,469,219.503433227539,221.0,729,218.267135620117,223.0,715,215.736022949218,220.0,1019,216.178024291992,222.0,983,30.7,0.25
14790905_R3627621_SWAN,14790905_R3627621_SWAN_0000.nii.gz,14790905_R3627621_SWAN.nii.gz,1,55,0.468800008296966,0.468800008296966,1.20000624656677,61.4000015258789,63.0,32.147159576416,7.3,38.5,83.5,108.6,0,130,158.0,35.253562927246,95.0,2.69476308525338,134.695648193359,135.5,46,160.965515136718,160.0,58,159.65625,153.0,192,167.69058227539,158.0,223,171.48648071289,164.0,296,168.068527221679,155.5,394,164.334060668945,157.5,458,168.378143310546,163.0,677,162.634643554687,156.0,739,164.739379882812,164.0,871,12.0999999999999,0.25
14790905_R3627621_SWAN,14790905_R3627621_SWAN_0000.nii.gz,14790905_R3627621_SWAN.nii.gz,2,49,0.468800008296966,0.468800008296966,1.20000624656677,75.6938781738281,69.0,35.5775718688964,29.8,43.0,109.0,136.199999999999,22,149,208.0,29.211721420288,139.0,4.7583638772983,162.975006103515,161.5,40,194.461532592773,204.0,52,195.642044067382,204.5,176,209.95945739746,211.5,222,206.777374267578,210.5,274,192.837844848632,200.5,370,176.438812255859,186.0,474,174.038223266601,184.0,628,164.207901000976,168.0,683,159.396942138671,159.5,786,30.1,0.25
14790905_R3627621_SWAN,14790905_R3627621_SWAN_0000.nii.gz,14790905_R3627621_SWAN.nii.gz,3,91,0.468800008296966,0.468800008296966,1.20000624656677,42.8571434020996,46.0,31.7000255584716,0.0,9.5,72.5,88.0,0,97,159.0,51.156150817871,113.0,2.20892303649484,111.172416687011,114.5,58,148.785720825195,161.5,70,150.469635009765,155.0,247,152.681457519531,170.5,248,148.691223144531,164.0,353,138.172988891601,153.0,422,135.152938842773,149.0,425,128.967880249023,138.0,685,129.294494628906,134.0,635,125.332893371582,125.0,757,32.3,0.25
14790905_R3627621_SWAN,14790905_R3627621_SWAN_0000.nii.gz,14790905_R3627621_SWAN.nii.gz,4,72,0.468800008296966,0.468800008296966,1.20000624656677,61.0972213745117,60.0,35.8972930908203,0.0,35.0,91.0,115.25,0,136,208.0,43.981647491455,148.0,3.36503993009252,153.813552856445,162.0,59,191.066665649414,206.0,75,197.578201293945,207.0,211,199.584609985351,211.5,260,199.193542480468,217.0,310,191.791290283203,194.0,436,183.390884399414,182.0,527,178.107452392578,190.0,698,168.938888549804,168.0,769,169.10513305664,159.0,837,29.9,0.25
14790905_R3627621_SWAN,14790905_R3627621_SWAN_0000.nii.gz,14790905_R3627621_SWAN.nii.gz,5,137,0.468800008296966,0.468800008296966,1.20000624656677,37.2919692993164,33.0,32.3139610290527,0.0,5.0,62.0,95.3999999999999,0,105,181.0,30.2204284667968,148.0,4.89734949200364,133.918914794921,134.0,74,166.78889465332,167.0,90,167.390884399414,170.0,307,179.354095458984,183.0,305,179.974868774414,185.0,398,176.25048828125,184.0,519,172.889083862304,182.0,577,169.375747680664,182.0,841,167.755004882812,181.0,898,164.544357299804,179.0,1071,30.0,0.25
14790905_R3627621_SWAN,14790905_R3627621_SWAN_0000.nii.gz,14790905_R3627621_SWAN.nii.gz,6,69,0.468800008296966,0.468800008296966,1.20000624656677,83.8115921020507,85.0,30.6897888183593,35.8,57.0,109.0,128.2,27,139,194.0,39.8993225097656,109.0,2.73187596038307,147.666671752929,155.5,60,173.526321411132,184.0,76,180.266326904296,189.0,199,180.626983642578,193.0,252,182.550155639648,195.0,309,182.360000610351,195.0,425,184.135131835937,194.0,518,183.434844970703,191.0,706,181.81101989746,188.0,799,179.852554321289,187.0,902,23.5,0.25
14790905_R3627621_SWAN,14790905_R3627621_SWAN_0000.nii.gz,14790905_R3627621_SWAN.nii.gz,7,138,0.468800008296966,0.468800008296966,1.20000624656677,25.9710140228271,20.0,26.2283573150634,0.0,0.0,44.0,77.3,0,97,177.0,21.0211639404296,157.0,7.46866350716404,117.025314331054,119.0,79,155.084213256835,161.0,95,159.359588623046,163.0,292,176.652862548828,176.5,314,180.479385375976,182.0,388,177.104202270507,178.0,499,173.508193969726,175.0,610,171.872680664062,174.0,809,167.849609375,171.0,911,166.768081665039,170.0,1065,34.9,0.25
14790905_R3627621_SWAN,14790905_R3627621_SWAN_0000.nii.gz,14790905_R3627621_SWAN.nii.gz,8,207,0.468800008296966,0.468800008296966,1.20000624656677,18.8067626953125,7.0,24.280195236206,0.0,0.0,33.5,68.6999999999999,0,117,159.0,40.4981117248535,152.0,3.75326141210475,108.034484863281,102.0,87,150.535354614257,150.0,99,139.899749755859,134.0,389,167.493713378906,173.5,318,169.726913452148,169.0,509,170.470581054687,165.0,544,168.10562133789,161.0,587,166.417251586914,153.0,1009,156.800003051757,152.0,930,157.925140380859,155.0,1189,39.6999999999999,0.25
14790905_R3627621_SWAN,14790905_R3627621_SWAN_0000.nii.gz,14790905_R3627621_SWAN.nii.gz,9,75,0.468800008296966,0.468800008296966,1.20000624656677,68.8533325195312,72.0,28.3326396942138,27.4,40.0,93.0,110.899999999999,17,123,170.0,16.9129772186279,98.0,5.79436717339528,138.576919555664,135.5,52,166.109375,166.5,64,162.90135192871,169.0,223,170.506378173828,171.0,235,168.317764282226,169.0,321,163.748184204101,169.0,413,161.801651000976,169.0,484,159.317626953125,168.0,743,156.580184936523,167.0,767,151.918716430664,162.0,935,21.7999999999999,0.25
14790905_R3627621_SWAN,14790905_R3627621_SWAN_0000.nii.gz,14790905_R3627621_SWAN.nii.gz,10,52,0.468800008296966,0.468800008296966,1.20000624656677,92.9230804443359,91.0,25.8351593017578,57.0,69.0,108.75,139.45,53,144,204.0,30.9324607849121,113.0,3.65312028634714,161.829788208007,171.0,47,191.084747314453,198.0,59,193.140441894531,198.0,178,201.74885559082,208.0,219,200.609756469726,207.0,287,197.744186401367,204.0,387,193.57974243164,202.0,464,193.51806640625,201.0,664,187.48582458496,196.0,741,187.25144958496,197.0,863,22.1999999999999,0.25
14818785_R3645380_SWAN,14818785_R3645380_SWAN_0000.nii.gz,14818785_R3645380_SWAN.nii.gz,1,143,0.468800008296966,0.468800008296966,0.999999821186065,47.7412605285644,44.0,40.907485961914,0.0,0.0,79.0,112.9,0,169,226.0,31.1996021270751,182.0,5.83340772291641,152.478256225585,153.5,92,189.653335571289,191.0,150,215.706588745117,221.0,334,218.727279663085,226.0,341,222.250549316406,231.0,451,220.110733032226,225.0,578,221.755798339843,227.0,819,222.143524169921,227.0,857,222.979446411132,229.0,1119,222.703247070312,230.0,1139,49.5,0.25
14818785_R3645380_SWAN,14818785_R3645380_SWAN_0000.nii.gz,14818785_R3645380_SWAN.nii.gz,2,101,0.468800008296966,0.468800008296966,0.999999821186065,59.7920799255371,47.0,47.9827346801757,0.0,14.0,103.0,130.0,0,161,243.0,30.5907402038574,196.0,6.4071676165353,183.49314880371,185.0,73,215.043792724609,221.0,137,237.14338684082,243.5,272,235.668899536132,247.0,299,232.274749755859,243.0,404,227.799255371093,241.0,538,228.183181762695,241.0,737,223.085861206054,236.0,792,221.925216674804,234.0,1043,216.262863159179,229.0,1069,41.6999999999999,0.25
14818785_R3645380_SWAN,14818785_R3645380_SWAN_0000.nii.gz,14818785_R3645380_SWAN.nii.gz,3,537,0.468800008296966,0.468800008296966,0.999999821186065,28.188081741333,14.0,33.017967224121,0.0,0.0,51.0,94.0,0,137,208.0,42.244644165039,194.0,4.59229812049289,123.747825622558,124.0,345,166.676406860351,172.0,445,194.170806884765,198.0,884,202.092346191406,211.0,823,198.636642456054,209.0,977,200.084259033203,209.0,1258,196.369430541992,205.0,1570,193.450454711914,200.0,1625,188.296142578125,195.0,1972,185.254608154296,192.0,2007,57.4,0.25
14818785_R3645380_SWAN,14818785_R3645380_SWAN_0000.nii.gz,14818785_R3645380_SWAN.nii.gz,4,112,0.468800008296966,0.468800008296966,0.999999821186065,42.2232131958007,40.0,37.6301803588867,0.0,0.0,77.25,101.449999999999,0,119,194.0,44.9000434875488,154.0,3.4298407760497,145.272720336914,147.0,77,172.235290527343,168.0,136,197.209213256835,193.5,282,194.228958129882,192.0,297,196.661834716796,207.0,414,191.197784423828,188.0,541,187.665313720703,185.0,735,183.476013183593,177.0,792,181.216262817382,174.0,1045,179.198318481445,170.0,1069,32.0999999999999,0.25
14818785_R3645380_SWAN,14818785_R3645380_SWAN_0000.nii.gz,14818785_R3645380_SWAN.nii.gz,5,144,0.468800008296966,0.468800008296966,0.999999821186065,28.0555553436279,18.5,29.2820987701416,0.0,0.0,44.0,88.6999999999999,0,116,163.0,51.675926208496,144.5,2.79627305405205,111.215057373046,107.0,93,142.986755371093,139.0,151,167.787689208984,167.0,325,168.954406738281,168.0,329,163.558029174804,161.0,448,164.949737548828,160.0,577,163.1181640625,159.0,787,164.768676757812,161.5,830,164.562438964843,163.0,1081,164.792388916015,161.0,1103,42.2,0.25
14818785_R3645380_SWAN,14818785_R3645380_SWAN_0000.nii.gz,14818785_R3645380_SWAN.nii.gz,6,114,0.468800008296966,0.468800008296966,0.999999821186065,11.973684310913,0.0,17.4589538574218,0.0,0.0,23.0,45.6999999999999,0,84,143.0,57.654052734375,143.0,2.48031132622771,89.5714263916015,85.0,77,107.853149414062,101.0,143,144.865249633789,130.5,282,153.284317016601,141.0,306,154.533340454101,141.5,420,161.81851196289,154.5,540,165.185821533203,159.5,748,168.794708251953,165.0,794,170.011291503906,168.0,1063,171.548416137695,169.0,1074,39.5,0.25
14818785_R3645380_SWAN,14818785_R3645380_SWAN_0000.nii.gz,14818785_R3645380_SWAN.nii.gz,7,379,0.468800008296966,0.468800008296966,0.999999821186065,21.7704486846923,8.0,27.9113292694091,0.0,0.0,37.0,82.0999999999999,0,113,166.0,49.1235580444335,158.0,3.21637939697048,102.751113891601,102.0,225,136.245666503906,135.0,346,164.904830932617,161.0,683,171.438186645507,163.0,639,172.243988037109,166.0,791,179.932861328125,172.0,998,178.854461669921,175.0,1278,185.058471679687,185.0,1334,182.649932861328,190.0,1674,188.444839477539,197.0,1659,41.8,0.25
14818785_R3645380_SWAN,14818785_R3645380_SWAN_0000.nii.gz,14818785_R3645380_SWAN.nii.gz,8,189,0.468800008296966,0.468800008296966,0.999999821186065,36.3068771362304,28.0,36.5323829650878,0.0,0.0,64.0,107.6,0,134,213.0,42.6983299255371,185.0,4.33272215383194,130.176467895507,127.0,119,164.154632568359,167.0,194,204.614166259765,211.0,381,200.35643005371,212.5,404,204.797637939453,215.0,509,195.645401000976,211.0,674,191.176605224609,208.0,906,188.032562255859,195.0,952,187.517044067382,194.5,1232,186.003982543945,193.0,1257,60.1,0.25
14818785_R3645380_SWAN,14818785_R3645380_SWAN_0000.nii.gz,14818785_R3645380_SWAN.nii.gz,9,52,0.468800008296966,0.468800008296966,0.999999821186065,44.8653831481933,48.0,39.9326477050781,0.0,0.0,76.25,103.599999999999,0,144,239.0,28.5461044311523,191.0,6.69093047216494,149.076919555664,148.0,52,195.938278198242,203.0,81,222.140975952148,231.0,227,232.629302978515,243.0,232,229.899383544921,239.0,328,232.988784790039,240.5,446,228.744918823242,238.0,639,228.097671508789,236.0,686,222.206436157226,234.0,901,221.783584594726,234.0,938,62.5999999999999,0.25
14818785_R3645380_SWAN,14818785_R3645380_SWAN_0000.nii.gz,14818785_R3645380_SWAN.nii.gz,10,42,0.468800008296966,0.468800008296966,0.999999821186065,41.4523811340332,37.0,28.9475746154785,1.05,18.5,62.25,86.8999999999999,0,104,187.0,35.6517906188964,150.0,4.20736230624263,105.342102050781,107.0,38,124.367813110351,123.0,87,155.717178344726,162.5,198,172.046508789062,180.0,215,185.003005981445,193.0,332,185.693069458007,193.0,404,188.595779418945,195.0,616,184.605270385742,195.0,646,179.150604248046,191.0,903,173.212219238281,188.0,900,51.6999999999999,0.75
14818785_R3645380_SWAN,14818785_R3645380_SWAN_0000.nii.gz,14818785_R3645380_SWAN.nii.gz,11,57,0.468800008296966,0.468800008296966,0.999999821186065,20.2631587982177,10.0,26.4359722137451,0.0,0.0,34.0,72.3999999999999,0,101,155.0,58.8905410766601,145.0,2.46219507155228,106.625,107.0,48,133.148941040039,129.5,94,162.033493041992,156.0,209,168.778259277343,159.5,230,164.062316894531,150.0,337,165.857147216796,152.0,434,163.862564086914,151.0,633,164.57566833496,146.5,674,164.301315307617,153.5,916,166.816329956054,158.0,931,36.8,0.25
14818785_R3645380_SWAN,14818785_R3645380_SWAN_0000.nii.gz,14818785_R3645380_SWAN.nii.gz,12,122,0.468800008296966,0.468800008296966,0.999999821186065,36.0819664001464,30.0,33.6857643127441,0.0,1.25,59.25,96.9499999999999,0,118,180.0,56.2177963256835,150.0,2.66819423392217,114.922080993652,126.0,77,128.123291015625,148.0,146,153.779312133789,173.5,290,161.73208618164,175.0,321,166.364929199218,187.0,422,163.720352172851,179.0,565,167.372375488281,189.0,760,164.916671752929,189.0,792,171.075149536132,196.5,998,174.824157714843,198.0,944,34.4999999999999,0.25
14818785_R3645380_SWAN,14818785_R3645380_SWAN_0000.nii.gz,14818785_R3645380_SWAN.nii.gz,13,296,0.468800008296966,0.468800008296966,0.999999821186065,15.3885135650634,0.0,24.3195457458496,0.0,0.0,23.0,74.0,0,114,174.0,47.2109298706054,174.0,3.68558722475695,97.6305694580078,98.0,157,135.479995727539,136.0,225,164.213989257812,163.0,472,171.644546508789,172.0,467,177.088729858398,177.5,586,180.24266052246,180.0,783,185.238372802734,183.0,1011,186.875823974609,183.0,1071,188.815200805664,193.5,1342,185.716262817382,190.0,1371,49.8,0.25
14818785_R3645380_SWAN,14818785_R3645380_SWAN_0000.nii.gz,14818785_R3645380_SWAN.nii.gz,14,124,0.468800008296966,0.468800008296966,0.999999821186065,42.6693534851074,40.0,38.9264640808105,0.0,0.0,77.25,106.549999999999,0,134,223.0,25.83984375,183.0,7.08208616780045,151.269668579101,150.0,89,191.927536010742,195.0,138,217.904159545898,220.0,313,219.052474975585,224.0,324,217.622955322265,220.0,427,220.213409423828,226.0,567,217.715026855468,224.0,779,221.568481445312,227.0,825,217.304580688476,222.0,1090,218.133392333984,224.0,1102,49.3999999999999,0.25
14818785_R3645380_SWAN,14818785_R3645380_SWAN_0000.nii.gz,14818785_R3645380_SWAN.nii.gz,15,49,0.468800008296966,0.468800008296966,0.999999821186065,64.4081649780273,67.0,41.50825881958,0.0,36.0,94.0,131.999999999999,0,146,180.0,47.2984924316406,113.0,2.38908248848134,152.01887512207,156.0,53,183.103454589843,189.0,87,180.716278076171,187.0,215,175.411499023437,177.0,226,176.46223449707,180.0,331,173.970458984375,177.5,440,179.928573608398,191.5,630,181.378341674804,191.0,674,182.782073974609,190.0,904,179.563171386718,176.5,934,12.1999999999999,0.25
14818785_R3645380_SWAN,14818785_R3645380_SWAN_0000.nii.gz,14818785_R3645380_SWAN.nii.gz,16,97,0.468800008296966,0.468800008296966,0.999999821186065,59.422679901123,56.0,45.1820678710937,0.0,13.0,99.0,131.2,0,140,206.0,38.2253952026367,150.0,3.92409284991913,162.214279174804,168.5,70,179.031997680664,186.0,125,199.629776000976,204.5,262,199.909408569335,207.0,287,195.509002685546,205.0,389,199.821014404296,209.0,514,197.033477783203,210.0,717,198.075714111328,212.5,766,194.495025634765,209.0,1006,194.480346679687,208.5,1018,26.8,0.25
14818785_R3645380_SWAN,14818785_R3645380_SWAN_0000.nii.gz,14818785_R3645380_SWAN.nii.gz,17,479,0.468800008296966,0.468800008296966,0.999999821186065,23.0020885467529,6.0,29.4218807220459,0.0,0.0,42.0,82.1999999999999,0,122,197.0,50.3113441467285,191.0,3.7963605075421,100.073913574218,99.5,230,138.230545043945,146.5,334,178.342636108398,181.0,645,190.349365234375,199.5,624,189.100524902343,196.0,766,196.247741699218,207.0,997,190.87873840332,204.0,1270,194.577102661132,206.0,1310,189.951828002929,203.0,1640,193.90315246582,205.0,1652,66.9,0.75
14818785_R3645380_SWAN,14818785_R3645380_SWAN_0000.nii.gz,14818785_R3645380_SWAN.nii.gz,18,83,0.468800008296966,0.468800008296966,0.999999821186065,42.9277114868164,33.0,42.306053161621,0.0,0.0,83.5,115.699999999999,0,130,220.0,61.045124053955,187.0,3.06330772355739,159.123077392578,168.0,65,196.324081420898,199.0,108,210.875,222.0,256,200.440734863281,224.0,270,186.989135742187,216.0,368,193.620697021484,218.0,435,194.896499633789,220.0,599,197.49250793457,220.0,601,198.319396972656,224.0,789,194.56623840332,221.0,770,38.2,0.25
14818785_R3645380_SWAN,14818785_R3645380_SWAN_0000.nii.gz,14818785_R3645380_SWAN.nii.gz,19,110,0.468800008296966,0.468800008296966,0.999999821186065,27.1181812286376,22.5,27.5759220123291,0.0,0.0,49.75,73.1,0,104,144.0,33.7385101318359,121.5,3.60122600331872,116.626663208007,120.0,75,136.782608032226,133.5,138,157.4306640625,148.0,274,154.151809692382,144.0,303,154.071258544921,144.0,407,154.232070922851,141.0,530,155.815368652343,143.0,742,156.084396362304,142.0,782,155.458770751953,143.0,1055,156.793563842773,143.0,1056,17.2999999999999,0.25
14818785_R3645380_SWAN,14818785_R3645380_SWAN_0000.nii.gz,14818785_R3645380_SWAN.nii.gz,20,266,0.468800008296966,0.468800008296966,0.999999821186065,26.2706775665283,13.5,31.8322963714599,0.0,0.0,48.0,90.0,0,123,182.0,51.5209922790527,168.5,3.27051154386458,110.059257507324,115.0,135,138.142852783203,136.0,238,167.586807250976,177.0,455,165.71304321289,176.0,460,165.794021606445,185.0,602,163.917022705078,185.0,711,163.082916259765,184.0,1013,161.512069702148,181.0,1035,164.198974609375,186.5,1362,162.76560974121,181.0,1361,44.7999999999999,0.25
14818785_R3645380_SWAN,14818785_R3645380_SWAN_0000.nii.gz,14818785_R3645380_SWAN.nii.gz,21,149,0.468800008296966,0.468800008296966,0.999999821186065,38.7315444946289,36.0,34.8699645996093,0.0,0.0,67.0,97.3999999999999,0,144,175.0,40.7923507690429,139.0,3.40750158741736,128.861709594726,123.5,94,159.777770996093,158.0,153,177.108352661132,177.0,323,177.655975341796,180.0,343,171.382888793945,175.5,444,163.481903076171,169.0,608,159.503707885742,167.0,808,151.604141235351,163.0,869,150.509994506835,159.0,1100,150.12303161621,158.0,1146,37.6999999999999,0.25
14818785_R3645380_SWAN,14818785_R3645380_SWAN_0000.nii.gz,14818785_R3645380_SWAN.nii.gz,22,97,0.468800008296966,0.468800008296966,0.999999821186065,41.1030921936035,30.0,35.6059417724609,0.0,13.0,63.0,112.599999999999,0,138,177.0,59.2765464782714,147.0,2.47990155860184,132.971435546875,129.0,70,148.481201171875,142.0,133,167.614822387695,168.0,270,167.399322509765,183.0,293,158.241806030273,174.0,397,157.947158813476,182.0,511,153.036071777343,177.0,693,152.496459960937,178.0,707,148.102310180664,167.0,909,146.952819824218,169.0,869,37.6,0.25
14818785_R3645380_SWAN,14818785_R3645380_SWAN_0000.nii.gz,14818785_R3645380_SWAN.nii.gz,23,89,0.468800008296966,0.468800008296966,0.999999821186065,37.4382019042968,34.0,33.7052497863769,0.0,0.0,63.0,90.6,0,123,168.0,27.2839946746826,134.0,4.91130428655087,126.698410034179,123.0,63,150.171875,148.5,128,167.217559814453,166.5,262,171.330932617187,172.0,278,165.487503051757,168.0,400,161.306640625,167.0,512,156.745071411132,161.0,710,149.362228393554,159.0,773,149.820434570312,159.0,1008,148.406097412109,158.0,1049,33.0,0.25
14818785_R3645380_SWAN,14818785_R3645380_SWAN_0000.nii.gz,14818785_R3645380_SWAN.nii.gz,24,686,0.468800008296966,0.468800008296966,0.999999821186065,27.9533519744873,17.0,31.6589546203613,0.0,0.0,49.0,90.75,0,152,221.0,28.8545742034912,204.0,7.06993624516272,127.354835510253,125.5,310,169.519836425781,172.0,479,209.685745239257,212.5,856,219.031829833984,222.0,754,222.092727661132,226.0,1003,214.43701171875,221.0,1135,209.73892211914,220.0,1490,205.313980102539,218.0,1516,202.513793945312,219.0,1884,200.758834838867,217.0,1866,66.0,0.25
14818785_R3645380_SWAN,14818785_R3645380_SWAN_0000.nii.gz,14818785_R3645380_SWAN.nii.gz,25,224,0.468800008296966,0.468800008296966,0.999999821186065,34.1875,25.5,34.2343635559082,0.0,0.0,59.0,96.85,0,152,204.0,40.1535911560058,178.5,4.44543052965018,132.94400024414,127.0,125,173.875,174.5,192,198.582122802734,204.5,414,198.244216918945,209.0,389,190.327270507812,205.0,550,185.444274902343,197.0,655,181.114166259765,181.0,911,179.034271240234,179.0,963,177.632766723632,173.0,1239,178.273513793945,170.0,1276,55.2,0.25
14818785_R3645380_SWAN,14818785_R3645380_SWAN_0000.nii.gz,14818785_R3645380_SWAN.nii.gz,26,252,0.468800008296966,0.468800008296966,0.999999821186065,33.9523811340332,18.5,41.0664138793945,0.0,0.0,50.5,114.349999999999,0,187,182.0,40.4377784729003,163.5,4.04324881767603,125.047996520996,129.0,125,150.361114501953,145.5,216,178.963638305664,177.5,440,180.127410888671,183.0,416,176.813034057617,184.0,583,173.428787231445,181.0,681,169.992752075195,177.0,965,169.482040405273,178.0,1002,171.217330932617,180.0,1293,173.80288696289,182.0,1319,38.8,0.25
14818785_R3645380_SWAN,14818785_R3645380_SWAN_0000.nii.gz,14818785_R3645380_SWAN.nii.gz,27,631,0.468800008296966,0.468800008296966,0.999999821186065,28.3549919128417,15.0,33.818115234375,0.0,0.0,49.0,95.0,0,149,208.0,18.1552085876464,193.0,10.6305581160507,124.224136352539,122.5,290,170.515014648437,175.0,466,200.582717895507,202.5,822,208.702438354492,209.0,736,208.136810302734,209.0,1016,207.801574707031,209.0,1139,207.927200317382,210.0,1511,207.600921630859,210.0,1526,205.536697387695,209.0,1921,201.812438964843,209.0,1898,57.3999999999999,0.25
14818785_R3645380_SWAN,14818785_R3645380_SWAN_0000.nii.gz,14818785_R3645380_SWAN.nii.gz,28,82,0.468800008296966,0.468800008296966,0.999999821186065,53.0,54.5,31.8506431579589,0.0,29.0,77.0,102.85,0,110,207.0,17.5844459533691,152.5,8.67243701646348,147.65151977539,150.0,66,182.375,187.0,120,205.496032714843,206.0,252,205.305450439453,207.0,275,206.533859252929,206.0,384,203.5576171875,207.0,486,203.165237426757,209.0,702,197.376190185546,207.0,739,196.405944824218,209.0,1010,191.566925048828,206.0,1016,37.9999999999999,0.25
14818785_R3645380_SWAN,14818785_R3645380_SWAN_0000.nii.gz,14818785_R3645380_SWAN.nii.gz,29,63,0.468800008296966,0.468800008296966,0.999999821186065,32.1587295532226,23.0,29.7909145355224,0.0,7.5,59.0,87.5,0,119,174.0,57.1643295288085,151.0,2.64150740933473,124.169815063476,123.0,53,135.466659545898,128.0,105,157.644866943359,171.0,214,156.537811279296,175.0,238,159.855529785156,177.0,353,156.229400634765,172.0,449,154.552261352539,172.0,641,155.725006103515,172.0,680,156.01741027832,175.0,919,157.921279907226,175.0,940,39.7999999999999,0.25
14818785_R3645380_SWAN,14818785_R3645380_SWAN_0000.nii.gz,14818785_R3645380_SWAN.nii.gz,30,26,0.468800008296966,0.468800008296966,0.999999821186065,60.6153831481933,56.0,26.9872856140136,21.5,40.25,82.75,102.25,15,103,174.0,43.4065971374511,118.0,2.71848077900098,139.814819335937,142.0,27,147.606552124023,135.0,61,176.690322875976,187.0,155,173.005889892578,181.5,170,168.293472290039,174.0,276,164.919769287109,160.0,349,159.885116577148,147.0,531,157.376525878906,145.0,571,153.997497558593,143.5,798,154.742141723632,146.0,795,34.0999999999999,0.25
14818785_R3645380_SWAN,14818785_R3645380_SWAN_0000.nii.gz,14818785_R3645380_SWAN.nii.gz,31,140,0.468800008296966,0.468800008296966,0.999999821186065,47.057144165039,50.5,39.498062133789,0.0,0.0,80.25,110.049999999999,0,131,223.0,39.9179763793945,172.5,4.32136134258157,157.592590332031,161.0,81,186.462493896484,197.0,160,213.551834106445,224.0,299,209.949996948242,224.0,340,211.055557250976,225.5,432,202.71630859375,219.0,564,198.62564086914,219.0,788,196.199523925781,216.0,832,191.783706665039,211.0,1105,191.456909179687,209.0,1114,43.2,0.25
14818785_R3645380_SWAN,14818785_R3645380_SWAN_0000.nii.gz,14818785_R3645380_SWAN.nii.gz,32,66,0.468800008296966,0.468800008296966,0.999999821186065,73.015151977539,77.0,34.6320457458496,22.25,45.0,95.0,130.75,10,142,219.5,19.3272266387939,142.5,7.37301852268713,165.542373657226,172.0,59,197.354171752929,205.0,96,220.326354980468,220.0,239,221.763046264648,223.0,249,215.319213867187,217.5,354,217.703384399414,219.0,472,213.454956054687,213.0,666,214.995819091796,216.5,718,209.611053466796,210.0,941,207.426528930664,207.0,980,33.5999999999999,0.25
14818785_R3645380_SWAN,14818785_R3645380_SWAN_0000.nii.gz,14818785_R3645380_SWAN.nii.gz,33,59,0.468800008296966,0.468800008296966,0.999999821186065,59.3220329284668,56.0,35.397232055664,8.1,31.5,86.0,123.699999999999,0,139,173.0,56.0907974243164,117.0,2.08590366642351,131.70213317871,144.0,47,151.717391967773,145.5,92,177.605270385742,186.0,228,170.661163330078,172.0,242,158.023391723632,168.5,342,154.136474609375,171.0,425,149.683685302734,169.0,607,157.058532714843,172.0,598,160.150650024414,177.0,770,161.363388061523,179.0,743,24.8999999999999,0.25
14818785_R3645380_SWAN,14818785_R3645380_SWAN_0000.nii.gz,14818785_R3645380_SWAN.nii.gz,34,93,0.468800008296966,0.468800008296966,0.999999821186065,32.1290321350097,27.0,32.5487937927246,0.0,0.0,50.0,95.9999999999999,0,127,178.0,41.003547668457,151.0,3.68260817871036,108.046150207519,105.0,65,140.743362426757,139.0,113,165.189956665039,168.0,279,170.34519958496,179.0,281,169.21939086914,179.5,392,168.599609375,182.0,507,169.746810913085,184.0,707,169.405227661132,186.0,765,168.102966308593,185.0,1010,167.063766479492,186.0,1035,50.1999999999999,0.25
14818785_R3645380_SWAN,14818785_R3645380_SWAN_0000.nii.gz,14818785_R3645380_SWAN.nii.gz,35,94,0.468800008296966,0.468800008296966,0.999999821186065,33.5744667053222,24.5,34.166519165039,0.0,0.0,59.75,99.35,0,111,206.0,39.356159210205,181.5,4.61173050527087,124.617645263671,129.0,68,164.211868286132,165.0,118,196.033584594726,204.5,268,196.72068786621,206.0,290,195.509094238281,206.0,385,192.839462280273,207.0,517,190.456710815429,206.0,716,191.121765136718,205.0,772,187.823944091796,205.0,1011,188.530487060546,206.0,1033,54.0999999999999,0.25
14818785_R3645380_SWAN,14818785_R3645380_SWAN_0000.nii.gz,14818785_R3645380_SWAN.nii.gz,36,227,0.468800008296966,0.468800008296966,0.999999821186065,33.559471130371,23.0,34.6342735290527,0.0,0.0,55.5,101.699999999999,0,130,208.0,39.428482055664,185.0,4.69203962097303,140.407409667968,142.5,108,175.871688842773,178.5,226,203.346481323242,206.0,355,202.203887939453,208.5,412,201.392929077148,212.0,509,190.625915527343,205.0,687,185.342529296875,203.0,870,179.514923095703,199.0,938,173.841659545898,190.0,1200,173.94448852539,190.0,1243,45.1,0.25
14818785_R3645380_SWAN,14818785_R3645380_SWAN_0000.nii.gz,14818785_R3645380_SWAN.nii.gz,37,151,0.468800008296966,0.468800008296966,0.999999821186065,35.768211364746,22.0,38.454662322998,0.0,0.0,69.5,109.0,0,141,198.0,46.7923736572265,176.0,3.76129668670524,149.952941894531,151.0,85,170.416671752929,179.0,168,199.199996948242,204.0,310,189.014251708984,199.0,351,185.13801574707,195.0,442,179.457336425781,193.0,586,171.589035034179,182.0,803,173.530029296875,181.0,849,172.108825683593,179.0,1121,174.118011474609,184.0,1127,33.8,0.25
14818785_R3645380_SWAN,14818785_R3645380_SWAN_0000.nii.gz,14818785_R3645380_SWAN.nii.gz,38,115,0.468800008296966,0.468800008296966,0.999999821186065,55.895652770996,56.0,43.3626518249511,0.0,9.5,91.0,127.6,0,149,227.0,23.506643295288,171.0,7.27453928031813,172.844161987304,174.0,77,207.18440246582,208.0,141,225.344085693359,228.0,279,222.219665527343,226.0,305,223.553390502929,227.0,412,223.539306640625,227.0,547,225.695419311523,229.0,742,225.532424926757,230.0,802,224.14599609375,228.0,1048,222.274841308593,228.0,1077,35.1999999999999,0.25
14818785_R3645380_SWAN,14818785_R3645380_SWAN_0000.nii.gz,14818785_R3645380_SWAN.nii.gz,39,102,0.468800008296966,0.468800008296966,0.999999821186065,64.2254867553711,68.0,45.4353485107421,0.0,23.5,98.0,133.95,0,152,219.0,27.3036842346191,151.0,5.53038918493434,170.416671752929,166.0,72,196.65412902832,194.0,133,217.718521118164,219.0,270,219.177856445312,221.5,298,215.017501831054,216.0,400,218.198120117187,221.0,530,221.541610717773,225.0,733,224.015243530273,229.0,787,226.139694213867,231.0,1038,226.268173217773,231.0,1059,38.2999999999999,0.25
14818785_R3645380_SWAN,14818785_R3645380_SWAN_0000.nii.gz,14818785_R3645380_SWAN.nii.gz,40,340,0.468800008296966,0.468800008296966,0.999999821186065,46.2264709472656,37.0,41.9681816101074,0.0,2.0,82.0,121.1,0,162,229.0,29.7110424041748,192.0,6.46224381454288,150.801284790039,149.0,156,185.984252929687,187.0,254,213.03921508789,220.5,510,222.306289672851,229.0,493,226.295318603515,233.0,640,224.850189208984,231.0,781,223.617782592773,227.0,1057,224.092147827148,226.0,1107,221.723922729492,222.0,1409,222.68586730957,224.0,1423,54.6999999999999,0.25
14818785_R3645380_SWAN,14818785_R3645380_SWAN_0000.nii.gz,14818785_R3645380_SWAN.nii.gz,41,170,0.468800008296966,0.468800008296966,0.999999821186065,28.2764701843261,12.0,34.6034660339355,0.0,0.0,48.75,94.7499999999999,0,139,186.0,51.2889137268066,174.0,3.39254601738732,126.690719604492,123.0,97,161.858032226562,160.5,162,194.673294067382,196.0,352,190.782119750976,194.5,358,184.542922973632,188.0,466,167.800964355468,169.0,618,159.88313293457,163.5,830,154.429870605468,161.0,884,154.071182250976,158.0,1138,157.062225341796,165.0,1157,50.0,0.25
14818785_R3645380_SWAN,14818785_R3645380_SWAN_0000.nii.gz,14818785_R3645380_SWAN.nii.gz,42,85,0.468800008296966,0.468800008296966,0.999999821186065,35.5764694213867,33.0,35.1913681030273,0.0,0.0,59.0,104.199999999999,0,134,185.0,40.7033767700195,152.0,3.73433390695872,130.892303466796,138.0,65,157.601852416992,167.5,108,180.083023071289,192.0,265,174.156356811523,184.0,275,173.308700561523,181.0,379,176.212844848632,182.5,498,177.182723999023,187.0,706,183.153121948242,196.0,751,186.766830444335,205.0,995,195.700881958007,211.0,1013,32.5,0.25
14818785_R3645380_SWAN,14818785_R3645380_SWAN_0000.nii.gz,14818785_R3645380_SWAN.nii.gz,43,366,0.468800008296966,0.468800008296966,0.999999821186065,38.251365661621,29.0,38.2936172485351,0.0,0.0,70.0,104.75,0,149,212.0,32.5316047668457,183.0,5.62529888431765,142.136093139648,138.0,169,184.600769042968,186.0,258,210.735580444335,215.0,503,209.913940429687,215.5,488,206.071426391601,212.5,644,203.150497436523,208.0,804,200.036788940429,206.5,1060,198.874099731445,207.0,1112,199.397994995117,206.0,1397,197.881622314453,206.0,1436,52.2999999999999,0.25
14818785_R3645380_SWAN,14818785_R3645380_SWAN_0000.nii.gz,14818785_R3645380_SWAN.nii.gz,44,146,0.468800008296966,0.468800008296966,0.999999821186065,33.0616455078125,24.5,33.8421440124511,0.0,0.0,55.0,103.75,0,120,197.0,26.287878036499,172.5,6.5619598417375,137.642852783203,139.0,84,165.573959350585,165.0,169,190.19416809082,191.0,309,193.872833251953,195.0,346,198.57078552246,200.0,445,198.121520996093,200.5,576,199.671722412109,202.0,792,198.66194152832,202.0,846,196.090744018554,199.0,1124,196.156692504882,201.0,1136,38.8,0.25
14818785_R3645380_SWAN,14818785_R3645380_SWAN_0000.nii.gz,14818785_R3645380_SWAN.nii.gz,45,67,0.468800008296966,0.468800008296966,0.999999821186065,51.5522384643554,54.0,38.4297294616699,0.0,21.5,76.0,122.199999999999,0,150,208.5,45.7288093566894,154.5,3.37861409849716,152.0,152.0,53,172.36538696289,172.5,104,203.342468261718,215.0,219,199.950210571289,214.0,241,193.566955566406,209.0,351,181.789016723632,205.0,455,179.817733764648,200.0,609,181.104400634765,196.0,613,179.228744506835,190.0,800,177.553833007812,192.0,771,45.7,0.25
15202187_R3675677_SWAN,15202187_R3675677_SWAN_0000.nii.gz,15202187_R3675677_SWAN.nii.gz,1,214,0.468800008296966,0.468800008296966,1.00000941753387,70.7242965698242,75.0,52.9270668029785,0.0,18.0,120.75,149.0,0,167,218.0,32.185546875,143.0,4.4429880453911,175.064514160156,173.5,124,207.668914794921,207.0,148,217.409286499023,220.0,452,212.715454101562,221.0,369,210.591873168945,219.0,566,204.713623046875,213.0,653,203.178085327148,211.0,949,203.085739135742,212.0,933,204.675201416015,212.0,1290,204.627136230468,212.0,1231,31.0999999999999,0.25
210447_R3664832_SWAN,210447_R3664832_SWAN_0000.nii.gz,210447_R3664832_SWAN.nii.gz,1,67,0.468800008296966,0.468800008296966,1.00002098083496,203.044769287109,207.0,22.7782497406005,162.2,185.0,220.0,234.7,145,239,248.0,26.0128746032714,41.0,1.57614260727815,237.576919555664,240.5,52,243.78125,246.0,64,238.835876464843,242.0,262,239.91748046875,244.5,206,234.997421264648,250.0,387,242.189132690429,252.0,423,236.2705078125,253.0,695,242.900604248046,253.0,654,237.272079467773,252.0,985,242.173294067382,250.0,906,1.59999999999997,0.25
210447_R3664832_SWAN,210447_R3664832_SWAN_0000.nii.gz,210447_R3664832_SWAN.nii.gz,2,101,0.468800008296966,0.468800008296966,1.00002098083496,179.435638427734,184.0,48.1942062377929,95.0,150.0,215.0,255.0,82,255,248.0,9.61863136291503,64.0,6.65375328206819,235.256408691406,239.0,78,245.904251098632,247.0,94,245.14793395996,245.5,338,244.922485351562,246.0,258,247.047622680664,251.0,483,245.105361938476,248.0,503,245.528045654296,250.0,820,243.638748168945,248.0,764,241.689041137695,245.0,1132,239.634353637695,243.0,1042,3.89999999999999,0.25
228600_R3608880_SWAN,228600_R3608880_SWAN_0000.nii.gz,228600_R3608880_SWAN.nii.gz,1,189,0.488299995660781,0.488299995660781,1.09999966621398,31.4550266265869,14.0,37.6653938293457,0.0,0.0,52.0,111.199999999999,0,148,177.0,49.5884017944335,163.0,3.28705895131907,118.0,108.0,83,154.670104980468,151.0,97,144.084838867187,143.0,389,181.147720336914,185.0,264,174.403686523437,178.0,597,181.804046630859,188.0,495,175.592544555664,181.0,751,179.887741088867,187.0,775,176.565704345703,186.0,997,176.356018066406,185.0,1146,44.5999999999999,0.25
228600_R3608880_SWAN,228600_R3608880_SWAN_0000.nii.gz,228600_R3608880_SWAN.nii.gz,2,269,0.488299995660781,0.488299995660781,1.09999966621398,49.8178443908691,39.0,48.7463722229003,0.0,0.0,91.0,133.6,0,149,173.0,42.6541023254394,134.0,3.14155011345956,140.682754516601,148.0,145,178.053573608398,178.5,168,183.455169677734,181.0,435,191.482284545898,185.0,367,179.583938598632,165.0,697,180.163360595703,168.5,606,173.662780761718,163.0,857,175.511276245117,168.0,931,172.202972412109,162.0,1074,172.198806762695,164.0,1343,22.6999999999999,0.25
228600_R3608880_SWAN,228600_R3608880_SWAN_0000.nii.gz,228600_R3608880_SWAN.nii.gz,3,293,0.488299995660781,0.488299995660781,1.09999966621398,43.9522171020507,25.0,49.0609855651855,0.0,0.0,88.0,135.0,0,149,207.0,37.2712898254394,182.0,4.88311514982173,143.527770996093,157.0,144,182.63313293457,192.0,169,193.484634399414,200.0,423,212.156921386718,213.0,376,204.830184936523,210.0,689,204.10595703125,207.0,604,197.282028198242,202.0,851,198.036880493164,204.0,922,199.385559082031,206.0,1053,200.804702758789,209.0,1362,35.1999999999999,0.25
228600_R3608880_SWAN,228600_R3608880_SWAN_0000.nii.gz,228600_R3608880_SWAN.nii.gz,4,132,0.488299995660781,0.488299995660781,1.09999966621398,76.4015121459961,83.5,49.2756385803222,0.0,30.25,123.5,140.45,0,149,170.0,45.9076881408691,86.5,1.8842159887157,161.581634521484,163.5,98,180.87287902832,179.5,118,164.862747192382,165.0,306,176.179214477539,179.0,279,168.64778137207,170.0,565,166.97737121582,166.0,486,167.198608398437,171.0,715,168.988525390625,176.0,784,172.242385864257,185.0,887,173.843353271484,183.0,1181,6.39999999999999,0.25
228600_R3608880_SWAN,228600_R3608880_SWAN_0000.nii.gz,228600_R3608880_SWAN.nii.gz,5,127,0.488299995660781,0.488299995660781,1.09999966621398,57.8582687377929,55.0,43.8628387451171,0.0,17.5,91.5,130.399999999999,0,141,150.0,41.9151573181152,95.0,2.26648320269913,116.941177368164,117.5,68,137.486114501953,138.0,72,125.855979919433,128.0,368,153.75,152.5,228,151.393936157226,154.0,594,159.555801391601,154.0,448,157.844039916992,154.0,763,161.450332641601,155.0,735,161.632904052734,160.0,948,165.294692993164,162.0,1130,18.9999999999999,0.25
228600_R3608880_SWAN,228600_R3608880_SWAN_0000.nii.gz,228600_R3608880_SWAN.nii.gz,6,109,0.488299995660781,0.488299995660781,1.09999966621398,19.944953918457,17.0,16.9477519989013,0.0,5.0,29.0,50.7999999999999,0,70,92.0,49.1199989318847,75.0,1.52687299737126,55.6615371704101,47.0,65,88.6103897094726,90.0,77,81.6020736694336,76.0,289,95.7175903320312,97.0,216,102.449394226074,101.0,494,101.259712219238,93.0,412,110.15217590332,108.0,644,111.516983032226,106.0,677,119.74365234375,116.0,827,123.467819213867,125.0,1041,27.2,0.75
228600_R3608880_SWAN,228600_R3608880_SWAN_0000.nii.gz,228600_R3608880_SWAN.nii.gz,7,139,0.488299995660781,0.488299995660781,1.09999966621398,72.0935287475586,77.0,47.6515998840332,0.0,29.5,115.5,140.1,0,148,173.0,36.1802101135253,96.0,2.65338425892977,145.521270751953,154.5,94,166.684204101562,170.5,114,170.377487182617,169.5,302,173.66064453125,172.0,277,175.825607299804,175.0,539,177.634094238281,176.0,481,181.901306152343,181.0,689,186.70703125,187.0,768,192.026657104492,194.0,863,197.852966308593,200.0,1163,10.3,0.25
228600_R3608880_SWAN,228600_R3608880_SWAN_0000.nii.gz,228600_R3608880_SWAN.nii.gz,8,60,0.488299995660781,0.488299995660781,1.09999966621398,98.7166671752929,100.5,30.7018394470214,47.95,76.0,122.75,142.05,31,146,153.0,34.4232673645019,52.5,1.52513122720416,141.425003051757,139.0,40,150.75,150.5,48,140.307342529296,139.0,218,156.41357421875,156.0,162,153.626266479492,152.5,396,161.01187133789,165.0,337,161.514022827148,164.0,535,167.119384765625,168.0,578,164.798583984375,169.0,710,168.567184448242,170.5,908,7.89999999999998,0.25
228600_R3608880_SWAN,228600_R3608880_SWAN_0000.nii.gz,228600_R3608880_SWAN.nii.gz,9,555,0.488299995660781,0.488299995660781,1.09999966621398,49.8018035888671,42.0,45.5937843322753,0.0,0.0,87.0,131.0,0,149,164.0,43.9332542419433,122.0,2.77693974883212,119.307968139648,116.5,276,146.271026611328,141.0,321,159.520233154296,153.5,692,163.474365234375,163.0,624,164.044784545898,168.0,1027,162.850479125976,169.0,943,162.43992614746,169.0,1207,159.559707641601,166.0,1340,156.502349853515,163.0,1491,152.049835205078,160.0,1846,30.3999999999999,0.25
228600_R3608880_SWAN,228600_R3608880_SWAN_0000.nii.gz,228600_R3608880_SWAN.nii.gz,10,71,0.488299995660781,0.488299995660781,1.09999966621398,84.0845108032226,90.0,44.970962524414,1.0,59.5,120.0,145.0,0,148,214.0,43.6697578430175,124.0,2.83949364788672,164.852462768554,169.0,61,200.857147216796,208.0,77,208.219177246093,218.0,219,206.652587890625,220.0,213,202.363418579101,216.0,432,192.678482055664,204.0,395,188.934738159179,202.0,567,180.009140014648,194.0,657,181.028839111328,195.0,728,175.462158203125,185.0,1004,32.5999999999999,0.25
228600_R3608880_SWAN,228600_R3608880_SWAN_0000.nii.gz,228600_R3608880_SWAN.nii.gz,11,1143,0.488299995660781,0.488299995660781,1.09999966621398,37.0542449951171,19.0,42.7740478515625,0.0,0.0,64.0,124.899999999999,0,149,168.0,60.0660285949707,149.0,2.48060348728425,118.955093383789,128.0,334,148.811477661132,156.0,366,144.755615234375,147.0,1068,170.978393554687,179.0,694,161.026016235351,169.0,1345,172.243438720703,176.0,1105,163.056610107421,172.0,1466,169.74787902832,178.0,1531,167.939895629882,183.0,1697,166.484710693359,177.0,2028,28.7999999999999,0.25
228600_R3608880_SWAN,228600_R3608880_SWAN_0000.nii.gz,228600_R3608880_SWAN.nii.gz,12,325,0.488299995660781,0.488299995660781,1.09999966621398,57.8184623718261,54.0,41.1734886169433,0.0,23.0,90.0,129.8,0,148,178.0,47.8682823181152,124.0,2.59044181230362,124.662498474121,124.0,160,155.885864257812,151.5,184,155.795959472656,148.5,544,188.977996826171,190.0,409,180.373641967773,174.0,827,194.62255859375,206.0,665,186.885421752929,192.0,995,195.28303527832,207.0,1014,190.872421264648,202.0,1215,193.473007202148,203.0,1463,38.9999999999999,0.25
228600_R3608880_SWAN,228600_R3608880_SWAN_0000.nii.gz,228600_R3608880_SWAN.nii.gz,13,170,0.488299995660781,0.488299995660781,1.09999966621398,53.4058837890625,45.5,45.6488494873046,0.0,6.25,92.0,132.099999999999,0,145,214.0,25.0582866668701,168.5,6.72432246625927,165.182800292968,166.0,93,205.229354858398,204.0,109,205.221893310546,207.0,338,216.787399291992,222.0,254,216.001724243164,214.0,579,216.426437377929,212.0,469,213.946212768554,209.0,725,215.511169433593,212.0,761,214.075653076171,211.0,912,214.247604370117,212.0,1151,34.1999999999999,0.25
228600_R3608880_SWAN,228600_R3608880_SWAN_0000.nii.gz,228600_R3608880_SWAN.nii.gz,14,330,0.488299995660781,0.488299995660781,1.09999966621398,48.2727279663085,38.5,45.5016288757324,0.0,3.0,87.0,129.55,0,148,175.0,40.2546730041503,136.5,3.39091066485439,132.245391845703,136.0,163,165.984298706054,167.0,191,173.304794311523,174.0,479,173.726623535156,175.0,417,169.479446411132,175.0,730,167.539825439453,176.0,678,167.425628662109,177.0,874,170.437255859375,179.0,1020,172.099380493164,181.0,1137,174.650314331054,182.0,1407,24.7999999999999,0.25
228600_R3608880_SWAN,228600_R3608880_SWAN_0000.nii.gz,228600_R3608880_SWAN.nii.gz,15,65,0.488299995660781,0.488299995660781,1.09999966621398,110.476921081542,110.0,23.8715209960937,71.0,91.0,130.0,146.0,66,148,181.0,31.5207576751709,71.0,2.25248392604239,159.163269042968,162.0,49,174.311477661132,179.0,61,170.262908935546,171.0,213,176.558013916015,181.0,181,175.246948242187,182.0,409,175.97492980957,184.0,359,175.36831665039,188.0,543,176.397705078125,189.0,611,171.708221435546,189.0,706,169.351577758789,187.0,950,9.8,0.25
228600_R3608880_SWAN,228600_R3608880_SWAN_0000.nii.gz,228600_R3608880_SWAN.nii.gz,16,144,0.488299995660781,0.488299995660781,1.09999966621398,61.5555572509765,54.0,50.1779823303222,0.0,12.25,110.25,137.85,0,146,231.0,30.8091239929199,177.0,5.74505136986937,180.806121826171,179.0,98,226.669494628906,228.5,118,223.879486083984,230.0,307,231.793365478515,237.0,271,224.30110168457,230.0,548,220.018676757812,228.0,482,213.243515014648,223.0,694,209.809097290039,220.0,770,205.740997314453,215.0,888,203.069763183593,213.0,1161,35.0999999999999,0.25
228600_R3608880_SWAN,228600_R3608880_SWAN_0000.nii.gz,228600_R3608880_SWAN.nii.gz,17,62,0.488299995660781,0.488299995660781,1.09999966621398,86.629035949707,97.5,41.1869201660156,11.1,53.5,114.75,144.95,0,149,225.0,15.5136795043945,127.5,8.2185531784309,180.566665649414,179.0,60,218.92105102539,219.0,76,218.53921508789,223.0,204,227.550506591796,229.0,198,224.425735473632,224.5,404,223.618423461914,224.0,380,225.144439697265,226.0,540,225.969741821289,227.0,628,228.449996948242,230.0,720,227.478439331054,227.0,974,30.8,0.25
228600_R3608880_SWAN,228600_R3608880_SWAN_0000.nii.gz,228600_R3608880_SWAN.nii.gz,18,222,0.488299995660781,0.488299995660781,1.09999966621398,59.1801795959472,60.5,44.8720321655273,0.0,16.25,94.75,134.849999999999,0,148,211.0,39.4067039489746,150.5,3.81914712265388,149.09243774414,163.0,119,197.724639892578,209.0,138,205.356018066406,210.0,382,221.544021606445,223.0,318,203.148086547851,206.0,628,198.352188110351,205.0,548,187.255752563476,184.5,782,187.124267578125,186.0,845,181.97459411621,180.0,984,182.833068847656,186.0,1264,36.1999999999999,0.25
253694_R3616180_SWAN,253694_R3616180_SWAN_0000.nii.gz,253694_R3616180_SWAN.nii.gz,1,67,0.468800008296966,0.468800008296966,1.39999890327453,100.537315368652,90.0,43.0315170288085,40.3,64.5,140.0,167.499999999999,37,175,205.0,30.8995037078857,115.0,3.72174262367363,165.886795043945,184.0,53,198.738464355468,209.0,65,195.964096069335,191.0,195,199.732147216796,202.0,224,205.728881835937,208.0,225,206.159149169921,209.0,421,203.847824096679,204.5,460,204.39582824707,206.5,480,202.486618041992,208.0,785,200.182403564453,206.0,784,7.19999999999995,0.25
253694_R3616180_SWAN,253694_R3616180_SWAN_0000.nii.gz,253694_R3616180_SWAN.nii.gz,2,169,0.468800008296966,0.468800008296966,1.39999890327453,105.544380187988,111.0,44.3135604858398,23.0,75.0,143.0,166.6,0,174,203.0,35.223949432373,92.0,2.61185930262113,176.505493164062,182.0,91,200.168228149414,196.0,107,197.413375854492,189.0,329,210.390914916992,204.0,330,213.796234130859,207.0,319,212.815490722656,208.0,607,216.219802856445,215.0,596,217.269668579101,219.0,623,217.048446655273,219.5,1032,221.956573486328,227.0,967,11.7999999999999,0.25
253694_R3616180_SWAN,253694_R3616180_SWAN_0000.nii.gz,253694_R3616180_SWAN.nii.gz,3,141,0.468800008296966,0.468800008296966,1.39999890327453,87.1205673217773,95.0,59.2223205566406,0.0,29.0,141.0,169.0,0,175,232.0,35.7210426330566,137.0,3.83527439014948,190.609756469726,194.0,82,219.96939086914,222.0,98,215.664337158203,228.0,286,228.411392211914,234.5,316,226.631927490234,233.0,307,221.915466308593,232.5,556,222.042556762695,232.0,564,221.338989257812,233.0,590,219.989501953125,228.0,952,219.037506103515,228.0,933,25.5,0.25
253694_R3616180_SWAN,253694_R3616180_SWAN_0000.nii.gz,253694_R3616180_SWAN.nii.gz,4,150,0.468800008296966,0.468800008296966,1.39999890327453,49.1599998474121,50.5,29.0018577575683,0.0,28.25,76.0,90.5499999999999,0,92,136.0,35.1344413757324,85.5,2.4335095892276,104.255554199218,107.0,90,128.179244995117,129.0,106,126.06583404541,126.0,319,129.833862304687,139.0,313,133.503265380859,137.0,306,135.4375,139.0,592,132.040740966796,135.0,589,133.03482055664,136.0,603,133.343353271484,140.0,1031,134.317565917968,140.0,951,18.6,0.25
253694_R3616180_SWAN,253694_R3616180_SWAN_0000.nii.gz,253694_R3616180_SWAN.nii.gz,5,143,0.468800008296966,0.468800008296966,1.39999890327453,85.6014022827148,84.0,49.0873527526855,0.0,44.0,125.5,163.0,0,173,180.0,30.9376277923584,96.0,3.10301748551361,169.397262573242,173.0,73,185.188232421875,188.0,85,172.704864501953,170.5,288,179.321685791015,185.0,286,173.238967895507,183.0,272,172.655166625976,180.0,551,168.360900878906,175.0,532,169.464736938476,173.0,553,174.245529174804,178.0,949,173.123443603515,177.0,883,3.69999999999996,0.25
253694_R3616180_SWAN,253694_R3616180_SWAN_0000.nii.gz,253694_R3616180_SWAN.nii.gz,6,154,0.468800008296966,0.468800008296966,1.39999890327453,119.896102905273,143.0,45.9052047729492,40.65,84.0,157.0,170.35,8,175,201.0,29.8128051757812,58.0,1.94547274763385,180.738632202148,183.0,88,198.692306518554,197.5,104,200.572845458984,206.0,302,196.638442993164,199.0,307,196.331100463867,197.0,299,196.435089111328,200.0,570,196.422149658203,199.5,578,196.053421020507,197.0,599,197.300003051757,199.0,1000,196.001052856445,197.0,944,11.2999999999999,0.25
296981_R3625921_SWAN,296981_R3625921_SWAN_0000.nii.gz,296981_R3625921_SWAN.nii.gz,1,293,0.468800008296966,0.468800008296966,1.39999961853027,48.6245727539062,47.0,37.7411994934082,0.0,12.0,81.0,110.399999999999,0,118,207.0,32.2222290039062,160.0,4.9655161963067,129.921981811523,131.0,141,165.438278198242,169.5,162,187.006637573242,192.0,452,200.308517456054,207.0,470,200.279815673828,208.0,436,205.5,212.0,762,200.611114501953,211.0,756,198.334182739257,210.0,784,203.18211364746,216.0,1208,198.317794799804,214.0,1180,50.1,0.25
296981_R3625921_SWAN,296981_R3625921_SWAN_0000.nii.gz,296981_R3625921_SWAN.nii.gz,2,75,0.468800008296966,0.468800008296966,1.39999961853027,73.8266677856445,76.0,33.0193367004394,12.9,47.0,103.0,117.0,0,119,198.0,25.4816875457763,122.0,4.78775197995949,143.925369262695,144.0,67,178.57470703125,174.0,87,193.315795898437,189.0,209,198.881042480468,200.0,269,196.632873535156,201.5,286,194.231124877929,198.0,437,195.003814697265,202.0,525,193.994750976562,202.0,571,194.845291137695,203.0,808,195.80549621582,205.0,874,36.6,0.25
296981_R3625921_SWAN,296981_R3625921_SWAN_0000.nii.gz,296981_R3625921_SWAN.nii.gz,3,51,0.468800008296966,0.468800008296966,1.39999961853027,74.3529434204101,83.0,34.7251548767089,15.5,42.5,106.5,118.0,1,119,216.0,21.0124340057373,133.0,6.32958561410283,147.823532104492,146.0,51,189.134323120117,190.0,67,206.558654785156,207.0,179,213.187210083007,215.0,219,215.619247436523,219.0,239,211.79849243164,216.0,397,209.425155639648,216.0,461,207.146347045898,215.0,492,203.512069702148,210.0,746,199.864562988281,207.0,790,44.7999999999999,0.75
314914_R3597047_SWAN,314914_R3597047_SWAN_0000.nii.gz,314914_R3597047_SWAN.nii.gz,1,158,0.468800008296966,0.468800008296966,1.3999980688095,80.8480987548828,87.5,42.895393371582,6.7,46.25,117.0,140.3,0,148,234.0,22.0476036071777,146.5,6.64471307676749,177.363632202148,177.5,88,213.423080444335,211.0,104,222.617446899414,221.0,298,229.470962524414,231.0,310,227.628768920898,235.0,299,230.873443603515,238.0,561,230.048782348632,236.5,574,228.357620239257,235.0,590,228.572311401367,234.0,968,226.301406860351,232.0,929,34.0999999999999,0.25
314914_R3597047_SWAN,314914_R3597047_SWAN_0000.nii.gz,314914_R3597047_SWAN.nii.gz,2,89,0.468800008296966,0.468800008296966,1.3999980688095,88.2022476196289,93.0,37.6355056762695,27.0,63.0,122.0,143.0,10,148,227.0,30.3076934814453,134.0,4.42131962572593,174.868850708007,177.0,61,210.808212280273,217.0,73,207.207046508789,220.0,227,220.991867065429,229.0,246,217.134689331054,226.0,245,218.479827880859,226.0,471,216.872955322265,224.0,488,217.201202392578,223.0,502,216.916366577148,225.0,849,212.474395751953,221.0,820,31.8,0.25
333804_R3548478_SWAN,333804_R3548478_SWAN_0000.nii.gz,333804_R3548478_SWAN.nii.gz,1,104,0.468799978494644,0.468799859285354,0.999980151653289,85.6153869628906,90.0,46.0416450500488,0.0,53.0,121.25,150.7,0,160,167.0,9.77664947509765,77.0,7.87590883728915,145.174423217773,144.0,86,168.80419921875,168.0,143,170.870742797851,170.0,294,167.800003051757,168.0,315,165.939254760742,166.0,428,166.97817993164,166.0,550,166.93342590332,166.0,766,167.06265258789,166.0,814,166.406417846679,166.0,1090,166.414474487304,166.0,1105,14.8,0.25
333804_R3548478_SWAN,333804_R3548478_SWAN_0000.nii.gz,333804_R3548478_SWAN.nii.gz,2,160,0.468799978494644,0.468799859285354,0.999980151653289,63.5499992370605,61.5,48.2436256408691,0.0,18.25,104.25,139.149999999999,0,159,174.0,14.6487808227539,112.5,7.67982000421865,145.553573608398,148.0,112,176.389541625976,175.5,172,182.06460571289,182.0,356,177.997329711914,179.0,375,174.914581298828,175.0,480,170.06201171875,169.0,645,166.925064086914,166.0,854,165.394332885742,165.0,918,163.853286743164,164.0,1186,164.766693115234,165.0,1213,19.8999999999999,0.25
333804_R3548478_SWAN,333804_R3548478_SWAN_0000.nii.gz,333804_R3548478_SWAN.nii.gz,3,60,0.468799978494644,0.468799859285354,0.999980151653289,109.133331298828,104.0,30.392141342163,65.6,85.5,130.25,160.0,54,188,175.0,29.6103382110595,71.0,2.39781117979534,161.961532592773,163.5,52,168.102798461914,166.0,107,174.566818237304,179.0,217,170.794982910156,176.0,239,169.20994567871,175.0,362,165.074234008789,171.0,458,164.923080444335,173.0,650,163.155715942382,169.0,700,161.359405517578,170.0,946,157.79231262207,167.0,963,10.0999999999999,0.25
333804_R3548478_SWAN,333804_R3548478_SWAN_0000.nii.gz,333804_R3548478_SWAN.nii.gz,4,44,0.468799978494644,0.468799859285354,0.999980151653289,35.8409080505371,27.0,31.8533153533935,0.0,7.0,60.25,97.55,0,105,125.0,38.6744537353515,98.0,2.53397244265198,103.588233947753,100.0,34,103.11627960205,110.0,86,132.725799560546,140.0,186,123.894233703613,127.0,208,119.053794860839,121.0,316,115.338386535644,114.5,396,112.293716430664,102.0,589,114.345481872558,100.0,631,112.936782836914,97.0,870,114.177673339843,101.0,878,22.2,0.25
377014_R3558007_SWAN,377014_R3558007_SWAN_0000.nii.gz,377014_R3558007_SWAN.nii.gz,1,79,0.468800097703933,0.468800246715545,1.3999947309494,67.3544311523437,69.0,34.0420570373535,7.7,40.5,96.0,120.199999999999,0,131,153.0,20.0850830078125,84.0,4.18220825710934,135.214279174804,136.5,56,157.161758422851,156.5,68,149.376739501953,151.0,215,157.10041809082,157.0,239,153.802627563476,154.0,228,150.253967285156,151.0,441,147.890060424804,149.0,473,145.421585083007,146.0,491,145.805694580078,149.0,808,143.828506469726,147.0,793,11.1999999999999,0.25
422509_R3543850_SWAN,422509_R3543850_SWAN_0000.nii.gz,422509_R3543850_SWAN.nii.gz,1,46,0.429699957370758,0.429700136184692,0.999993741512298,9.65217399597168,1.0,14.6067543029785,0.0,0.0,14.0,42.75,0,61,96.0,36.3092803955078,95.0,2.6164109826796,68.9189224243164,71.0,37,75.084114074707,80.0,107,94.0925903320312,92.5,162,96.658821105957,94.0,255,104.242584228515,103.0,371,99.1372528076171,97.0,459,101.491020202636,99.0,668,96.9869308471679,96.0,765,99.3528823852539,97.0,972,98.1114349365234,95.0,1041,16.2999999999999,0.25
422509_R3543850_SWAN,422509_R3543850_SWAN_0000.nii.gz,422509_R3543850_SWAN.nii.gz,2,436,0.429699957370758,0.429700136184692,0.999993741512298,12.2637615203857,0.0,19.405065536499,0.0,0.0,20.25,57.0,0,90,115.0,38.5587692260742,115.0,2.98246034062297,70.6902160644531,69.5,184,102.047622680664,99.0,399,115.1040725708,116.0,442,115.472221374511,115.0,684,115.891654968261,115.0,803,113.856994628906,113.0,986,113.966392517089,113.0,1220,114.436225891113,113.0,1419,114.379043579101,112.0,1670,116.641609191894,115.0,1769,30.7,0.25
426209_R3567667_SWAN,426209_R3567667_SWAN_0000.nii.gz,426209_R3567667_SWAN.nii.gz,1,215,0.468801438808441,0.46880155801773,1.0000422000885,41.502326965332,30.0,40.6239547729492,0.0,0.0,71.0,118.299999999999,0,143,201.0,43.8096847534179,171.0,3.90324653013301,134.75862121582,138.0,116,174.919113159179,169.5,136,187.944961547851,193.5,436,189.479537963867,204.0,342,188.415328979492,206.0,561,185.46337890625,201.0,628,184.279235839843,196.0,949,184.690322875976,199.0,888,181.392120361328,184.0,1270,180.806289672851,190.0,1177,44.3999999999999,0.25
426209_R3567667_SWAN,426209_R3567667_SWAN_0000.nii.gz,426209_R3567667_SWAN.nii.gz,2,160,0.468801438808441,0.46880155801773,1.0000422000885,18.5375003814697,13.0,21.3145751953125,0.0,0.0,29.0,56.3499999999998,0,96,136.0,58.924877166748,123.0,2.08740358765499,87.909912109375,83.0,111,126.785186767578,111.0,135,126.406188964843,104.0,485,152.636367797851,134.0,363,152.590835571289,138.0,611,162.664657592773,153.0,665,169.177642822265,159.5,1002,173.585693359375,172.0,951,176.10823059082,176.0,1349,180.287078857421,187.0,1254,29.1999999999999,0.25
426209_R3567667_SWAN,426209_R3567667_SWAN_0000.nii.gz,426209_R3567667_SWAN.nii.gz,3,82,0.468801438808441,0.46880155801773,1.0000422000885,1.92682921886444,0.0,7.28309202194213,0.0,0.0,0.0,10.0,0,41,160.0,65.8644638061523,160.0,2.42923104135335,37.6666679382324,33.0,57,81.6756744384765,82.0,74,96.9840240478515,85.0,313,152.995651245117,163.0,230,145.925537109375,151.5,470,187.682983398437,208.0,470,178.398223876953,197.0,786,199.355499267578,218.0,737,192.425964355468,214.0,1094,204.370071411132,220.0,1016,78.6,0.75
440598_R3557027_SWAN,440598_R3557027_SWAN_0000.nii.gz,440598_R3557027_SWAN.nii.gz,1,139,0.468797981739044,0.468800753355026,1.19997942447662,39.6834526062011,27.0,39.3515853881835,0.0,0.0,76.5,102.299999999999,0,119,150.0,25.1576271057128,123.0,4.88917335021905,126.036148071289,126.0,83,149.757568359375,150.0,99,142.779220581054,150.0,308,149.414718627929,153.0,299,142.332534790039,148.0,421,146.437622070312,150.0,521,147.019393920898,150.0,567,142.118240356445,149.0,888,147.433334350585,152.0,900,146.267333984375,152.0,1096,16.1999999999999,0.25
440598_R3557027_SWAN,440598_R3557027_SWAN_0000.nii.gz,440598_R3557027_SWAN.nii.gz,2,345,0.468797981739044,0.468800753355026,1.19997942447662,16.7217388153076,0.0,24.3828926086425,0.0,0.0,30.0,65.0,0,121,155.0,22.8138542175292,155.0,6.79411722903462,95.25,96.5,132,135.48648071289,139.5,148,136.501983642578,145.0,504,153.558319091796,154.0,403,153.22883605957,155.0,638,157.234161376953,157.0,679,158.702438354492,159.0,699,156.773788452148,159.0,1198,160.327758789062,162.0,1077,160.884963989257,163.0,1417,35.5999999999999,0.25
440598_R3557027_SWAN,440598_R3557027_SWAN_0000.nii.gz,440598_R3557027_SWAN.nii.gz,3,56,0.468797981739044,0.468800753355026,1.19997942447662,72.1428604125976,78.0,36.3938903808593,7.0,54.5,99.5,123.0,0,126,175.0,14.2747688293457,97.0,6.79520636443442,142.919998168945,143.5,50,167.887100219726,166.0,62,170.394866943359,173.0,195,175.954544067382,176.0,220,176.857620239257,176.0,295,174.177658081054,174.0,394,174.310348510742,175.0,464,177.646881103515,179.0,674,176.372497558593,178.0,749,176.338607788085,178.0,886,20.9,0.25
440598_R3557027_SWAN,440598_R3557027_SWAN_0000.nii.gz,440598_R3557027_SWAN.nii.gz,4,121,0.468797981739044,0.468800753355026,1.19997942447662,31.3057842254638,13.0,36.5463256835937,0.0,0.0,60.0,102.0,0,115,165.0,39.0774002075195,152.0,3.88971628595576,106.435897827148,108.0,78,140.606384277343,146.5,94,148.590911865234,158.0,286,155.344940185546,168.0,287,156.767852783203,165.0,392,154.287124633789,170.0,505,153.383361816406,172.0,553,157.621170043945,173.0,850,156.408721923828,175.0,871,159.510437011718,173.0,1054,38.3,0.25
440598_R3557027_SWAN,440598_R3557027_SWAN_0000.nii.gz,440598_R3557027_SWAN.nii.gz,5,153,0.468797981739044,0.468800753355026,1.19997942447662,19.3725490570068,0.0,25.9188995361328,0.0,0.0,35.0,67.0,0,101,149.0,25.6410007476806,149.0,5.81100564155935,104.609191894531,103.0,87,140.990295410156,144.0,103,134.785263061523,141.0,312,144.079116821289,149.0,316,147.229309082031,150.0,423,145.747604370117,149.0,523,144.345245361328,147.0,588,152.0,151.0,884,146.306030273437,149.0,928,148.405456542968,154.0,1100,26.9999999999999,0.25
440598_R3557027_SWAN,440598_R3557027_SWAN_0000.nii.gz,440598_R3557027_SWAN.nii.gz,6,216,0.468797981739044,0.468800753355026,1.19997942447662,31.6898155212402,21.0,33.5607681274414,0.0,0.0,60.25,95.0,0,101,163.0,18.0302562713623,142.0,7.87565067644326,118.815124511718,119.0,119,152.635040283203,155.0,137,158.203125,164.0,384,163.635131835937,167.0,370,166.842102050781,164.0,494,163.856903076171,162.0,615,163.13150024414,161.0,654,167.024017333984,166.0,999,163.776138305664,164.0,1014,162.768600463867,164.0,1223,30.5999999999999,0.25
450813_R3573987_SWAN,450813_R3573987_SWAN_0000.nii.gz,450813_R3573987_SWAN.nii.gz,1,64,0.468798607587814,0.468799203634262,0.999981999397277,91.09375,92.0,47.9256324768066,23.3,53.75,122.25,172.249999999999,0,192,181.0,39.7444839477539,89.0,2.23930445585845,166.080001831054,173.5,50,175.598037719726,170.0,102,182.771301269531,180.0,223,182.483612060546,183.0,244,178.797714233398,180.0,351,173.302902221679,180.0,449,175.137405395507,185.0,655,171.137542724609,183.0,698,171.718978881835,187.0,943,164.658004760742,187.0,962,7.69999999999999,0.25
450813_R3573987_SWAN,450813_R3573987_SWAN_0000.nii.gz,450813_R3573987_SWAN.nii.gz,2,55,0.468798607587814,0.468799203634262,0.999981999397277,133.509094238281,132.0,42.9214401245117,73.9,99.0,175.0,191.099999999999,43,202,230.0,32.0249824523925,98.0,3.06011096635834,216.08511352539,212.0,47,219.717391967773,231.5,92,228.084899902343,237.0,212,225.15151977539,234.0,231,216.453735351562,229.0,335,215.785217285156,225.0,433,213.892059326171,219.0,630,214.197921752929,217.0,672,214.99348449707,217.0,920,213.93211364746,217.0,928,14.3,0.25
450813_R3573987_SWAN,450813_R3573987_SWAN_0000.nii.gz,450813_R3573987_SWAN.nii.gz,3,55,0.468798607587814,0.468799203634262,0.999981999397277,111.563636779785,122.0,44.548957824707,35.1,74.0,148.5,169.3,19,183,234.0,22.1891193389892,112.0,5.04751893434549,201.468078613281,202.0,47,214.600006103515,221.0,95,232.265396118164,234.0,211,231.473678588867,236.0,228,229.174560546875,233.0,338,225.609405517578,232.0,425,226.116058349609,233.0,629,224.990966796875,233.0,664,226.232681274414,234.0,924,226.40086364746,234.0,928,22.9999999999999,0.25
474423_R3634237_SWAN,474423_R3634237_SWAN_0000.nii.gz,474423_R3634237_SWAN.nii.gz,1,273,0.468800008296966,0.468800008296966,1.40000116825103,58.6446876525878,59.0,46.4072799682617,0.0,9.0,98.0,131.399999999999,0,157,231.0,30.2098560333251,172.0,5.69350611304677,154.487182617187,155.0,117,199.488723754882,199.0,133,206.942993164062,214.0,421,228.35105895996,233.0,376,231.76968383789,235.0,343,229.893264770507,235.0,712,234.034530639648,235.0,666,232.511947631835,231.0,670,229.543731689453,230.0,1166,225.941345214843,228.0,1040,49.7999999999999,0.25
475755_R3653737_SWAN,475755_R3653737_SWAN_0000.nii.gz,475755_R3653737_SWAN.nii.gz,1,97,0.468800008296966,0.468800008296966,1.00000655651092,33.8041229248046,29.0,31.3193187713623,0.0,4.0,50.0,89.0,0,125,185.0,49.0212860107421,156.0,3.18229105547772,111.698410034179,113.0,63,151.853332519531,162.0,75,158.331268310546,163.0,323,180.311111450195,190.0,225,186.29248046875,198.0,465,183.982864379882,191.0,467,184.899749755859,195.0,778,180.139083862304,191.0,719,183.417205810546,202.0,1081,178.744186401367,192.0,989,46.3999999999999,0.25
475755_R3653737_SWAN,475755_R3653737_SWAN_0000.nii.gz,475755_R3653737_SWAN.nii.gz,2,35,0.468800008296966,0.468800008296966,1.00000655651092,96.8000030517578,89.0,35.9982528686523,44.7,68.5,126.0,152.5,37,166,211.0,30.9925651550292,122.0,3.93642795908432,169.15625,164.5,32,195.75,193.0,40,194.374389648437,198.0,203,206.258071899414,208.0,155,209.57014465332,215.0,335,202.976943969726,218.0,347,203.754592895507,218.0,599,195.083618164062,213.0,574,196.165130615234,213.0,872,191.439270019531,210.0,815,27.1,0.25
475755_R3653737_SWAN,475755_R3653737_SWAN_0000.nii.gz,475755_R3653737_SWAN.nii.gz,3,42,0.468800008296966,0.468800008296966,1.00000655651092,139.809524536132,146.0,37.6058769226074,82.15,108.75,172.75,192.799999999999,62,202,214.0,35.4699020385742,68.0,1.91711834800244,221.969696044921,225.0,33,236.243896484375,236.0,41,216.707763671875,223.0,219,210.006210327148,215.0,161,207.848571777343,217.0,350,192.268005371093,209.0,347,191.669296264648,206.0,632,180.437927246093,201.0,580,180.165374755859,199.0,907,172.301086425781,195.0,827,-8.60000000000003,0.25
475755_R3653737_SWAN,475755_R3653737_SWAN_0000.nii.gz,475755_R3653737_SWAN.nii.gz,4,366,0.468800008296966,0.468800008296966,1.00000655651092,48.2322387695312,44.5,41.3320960998535,0.0,5.25,78.0,122.75,0,148,222.0,28.4619693756103,177.5,6.23639206611273,148.509811401367,150.0,153,191.757232666015,189.0,173,202.47264099121,206.0,603,225.328353881835,226.0,402,218.731735229492,223.0,753,225.579391479492,225.0,718,220.438568115234,222.0,1172,221.693893432617,222.0,1016,220.981811523437,221.0,1539,218.934127807617,221.0,1336,48.9999999999999,0.25
475755_R3653737_SWAN,475755_R3653737_SWAN_0000.nii.gz,475755_R3653737_SWAN.nii.gz,5,108,0.468800008296966,0.468800008296966,1.00000655651092,64.0740737915039,53.5,48.2865104675293,0.0,23.0,99.25,149.649999999999,0,172,216.0,59.8250846862793,162.5,2.71625190088981,145.1875,163.0,64,161.802627563476,182.5,76,189.313095092773,209.0,313,175.767669677734,209.5,198,206.42381286621,226.0,420,189.169189453125,210.0,331,193.587951660156,212.0,631,186.203323364257,209.0,482,180.196075439453,203.0,816,185.313598632812,206.0,625,33.2,0.25
475755_R3653737_SWAN,475755_R3653737_SWAN_0000.nii.gz,475755_R3653737_SWAN.nii.gz,6,39,0.468800008296966,0.468800008296966,1.00000655651092,84.8717956542968,82.0,25.0509014129638,52.4,69.0,96.5,139.2,46,159,206.0,33.5486755371093,124.0,3.69612206785448,145.971435546875,147.0,35,182.093017578125,190.0,43,184.14761352539,191.0,210,197.368423461914,204.5,152,206.407409667968,213.0,351,189.558135986328,201.0,344,198.078720092773,212.0,597,192.166671752929,208.0,510,200.471481323242,211.0,789,199.205703735351,210.0,666,34.7,0.25
479083_R3663183_SWAN,479083_R3663183_SWAN_0000.nii.gz,479083_R3663183_SWAN.nii.gz,1,782,0.468800216913223,0.468799382448196,1.39999854564666,47.2263412475585,37.0,47.3535842895507,0.0,0.0,80.0,140.0,0,201,219.0,43.4927368164062,182.0,4.18460674866858,138.96923828125,134.0,260,179.098251342773,179.0,285,191.043701171875,198.0,801,214.069107055664,223.0,767,218.599700927734,228.0,682,208.531707763671,223.0,1151,212.627166748046,226.0,1097,212.01560974121,225.0,1153,199.700256347656,215.0,1608,201.887084960937,219.0,1603,57.1999999999999,0.25
479083_R3663183_SWAN,479083_R3663183_SWAN_0000.nii.gz,479083_R3663183_SWAN.nii.gz,2,68,0.468800216913223,0.468799382448196,1.39999854564666,125.014709472656,134.5,47.9238014221191,37.7,89.75,164.75,189.65,17,195,234.0,15.1783723831176,99.5,6.55538008216678,214.703704833984,219.0,54,240.0,239.0,66,230.449996948242,234.0,200,235.645736694335,235.0,223,230.076583862304,231.0,222,231.274230957031,233.0,423,226.50325012207,228.0,461,221.770034790039,224.0,474,221.1875,225.0,784,217.457138061523,221.0,770,8.59999999999996,0.25
514714_R3576719_SWAN,514714_R3576719_SWAN_0000.nii.gz,514714_R3576719_SWAN.nii.gz,1,126,0.468800008296966,0.468800008296966,1.10000050067901,80.0317459106445,85.5,46.7072868347168,2.25,42.75,118.5,146.0,0,185,206.0,18.3438034057617,120.5,6.56897576443451,172.160491943359,168.0,81,199.701034545898,194.0,97,198.48159790039,198.0,326,208.603057861328,208.0,262,206.439559936523,207.0,455,207.75,208.0,504,204.728652954101,207.0,726,203.339035034179,207.0,761,199.021667480468,204.0,1015,196.874771118164,201.0,1110,24.7999999999999,0.25
514714_R3576719_SWAN,514714_R3576719_SWAN_0000.nii.gz,514714_R3576719_SWAN.nii.gz,2,970,0.468800008296966,0.468800008296966,1.10000050067901,20.4082469940185,0.0,28.031171798706,0.0,0.0,39.75,79.5499999999999,0,111,166.0,40.3393592834472,166.0,4.11508766992528,95.7492980957031,97.0,355,131.8125,131.0,400,153.414657592773,150.0,914,173.331192016601,166.0,776,176.080657958984,171.0,1029,178.25779724121,173.0,1218,178.444015502929,176.0,1545,178.699676513671,178.0,1575,182.419509887695,185.0,1907,187.043411254882,190.0,2027,45.2,0.25
514714_R3576719_SWAN,514714_R3576719_SWAN_0000.nii.gz,514714_R3576719_SWAN.nii.gz,3,172,0.468800008296966,0.468800008296966,1.10000050067901,35.6918601989746,29.0,34.6105117797851,0.0,0.0,59.25,98.8999999999999,0,117,185.0,43.3390083312988,156.0,3.59952860036575,111.796295166015,112.5,108,152.40625,154.0,128,162.735290527343,162.0,374,190.44937133789,186.0,316,183.842712402343,185.0,515,192.612075805664,201.0,580,188.599029541015,201.0,818,192.613845825195,204.0,852,191.845382690429,206.0,1106,192.950820922851,208.0,1220,45.6999999999999,0.25
531887_R3668692_SWAN,531887_R3668692_SWAN_0000.nii.gz,531887_R3668692_SWAN.nii.gz,1,52,0.468798398971557,0.46880105137825,1.39999711513519,113.75,119.0,26.3087253570556,73.55,90.75,137.25,148.899999999999,60,159,220.5,34.5080375671386,101.5,2.94134373195004,183.416671752929,187.0,36,208.977279663085,216.0,44,196.744186401367,193.0,172,215.933670043945,223.0,196,217.55435180664,224.5,184,214.023681640625,223.5,380,216.274505615234,222.0,408,216.025939941406,221.0,424,209.713485717773,221.0,712,211.128524780273,221.5,708,17.0,0.25
531887_R3668692_SWAN,531887_R3668692_SWAN_0000.nii.gz,531887_R3668692_SWAN.nii.gz,2,94,0.468798398971557,0.46880105137825,1.39999711513519,101.542556762695,104.5,38.1354446411132,35.65,72.25,130.5,157.049999999999,21,182,215.0,37.727439880371,110.5,2.92890268595964,178.311477661132,187.0,61,201.972595214843,207.0,73,205.371795654296,207.5,234,204.814514160156,211.5,248,197.472579956054,211.0,237,210.254821777343,223.0,467,203.621185302734,218.0,491,200.669982910156,219.0,503,202.807327270507,215.0,846,195.204681396484,211.0,811,14.7999999999999,0.25
531887_R3668692_SWAN,531887_R3668692_SWAN_0000.nii.gz,531887_R3668692_SWAN.nii.gz,3,166,0.468798398971557,0.46880105137825,1.39999711513519,60.6385536193847,60.0,36.9173851013183,3.25,30.0,90.0,122.75,0,150,201.0,35.9270668029785,141.0,3.92461763642531,146.837203979492,144.0,86,180.950973510742,183.0,102,183.449325561523,193.0,296,204.957962036132,205.0,333,208.693298339843,208.0,313,194.345458984375,195.5,550,192.109222412109,190.0,586,184.166671752929,189.5,624,181.086395263671,185.0,926,179.772354125976,191.0,962,38.6,0.25
531887_R3668692_SWAN,531887_R3668692_SWAN_0000.nii.gz,531887_R3668692_SWAN.nii.gz,4,57,0.468798398971557,0.46880105137825,1.39999711513519,157.122802734375,161.0,20.6364269256591,114.8,144.0,172.0,185.399999999999,106,189,228.0,13.5317764282226,67.0,4.95130852592723,203.36734008789,202.0,49,220.557373046875,221.0,61,222.40217590332,221.0,184,227.300918579101,224.0,216,227.755874633789,227.0,213,230.002517700195,231.0,397,230.112106323242,231.0,446,229.753219604492,232.0,466,229.584548950195,232.0,751,226.765258789062,234.0,754,13.1999999999999,0.25
531887_R3668692_SWAN,531887_R3668692_SWAN_0000.nii.gz,531887_R3668692_SWAN.nii.gz,5,262,0.468798398971557,0.46880105137825,1.39999711513519,61.5267181396484,56.0,44.8748588562011,0.0,24.0,95.75,142.0,0,181,214.0,48.401065826416,158.0,3.26439092408927,137.061950683593,147.0,113,170.511627197265,179.0,129,187.772155761718,198.0,395,198.832412719726,215.0,364,196.059524536132,219.0,336,202.582107543945,222.0,682,201.489135742187,224.0,644,199.686935424804,223.0,658,202.184860229492,224.0,1136,199.829269409179,224.0,1025,44.6,0.25
531887_R3668692_SWAN,531887_R3668692_SWAN_0000.nii.gz,531887_R3668692_SWAN.nii.gz,6,88,0.468798398971557,0.46880105137825,1.39999711513519,46.125,50.0,20.1831455230712,8.0,34.75,60.0,73.6499999999999,0,77,173.0,39.4356689453125,123.0,3.11900376713706,101.131149291992,100.0,61,141.726028442382,140.0,73,151.553100585937,145.0,226,168.283950805664,168.0,243,176.296615600585,183.0,236,170.850326538085,183.0,461,175.263809204101,189.0,489,180.515930175781,193.0,502,172.094161987304,190.0,839,175.834365844726,191.0,809,41.8,0.75
531887_R3668692_SWAN,531887_R3668692_SWAN_0000.nii.gz,531887_R3668692_SWAN.nii.gz,7,87,0.468798398971557,0.46880105137825,1.39999711513519,60.8505744934082,66.0,36.4488372802734,5.0,33.0,87.0,116.0,0,134,197.0,51.7527046203613,131.0,2.53126867399428,143.771926879882,142.0,57,180.463775634765,185.0,69,178.566375732421,179.0,226,191.411529541015,197.0,243,191.587982177734,201.0,233,191.526992797851,209.0,463,193.846160888671,218.0,481,195.418518066406,218.0,497,195.42512512207,224.0,828,197.216918945312,226.0,816,31.8,0.25
531887_R3668692_SWAN,531887_R3668692_SWAN_0000.nii.gz,531887_R3668692_SWAN.nii.gz,8,141,0.468798398971557,0.46880105137825,1.39999711513519,51.0354614257812,52.0,38.0677642822265,0.0,16.0,80.0,112.0,0,122,211.0,41.4687004089355,159.0,3.83421709462925,135.199996948242,139.0,85,176.732666015625,183.0,101,192.10791015625,197.0,278,202.189834594726,211.0,295,202.96907043457,212.0,291,206.737518310546,213.0,541,202.125,207.0,560,201.336776733398,204.0,582,198.487487792968,195.0,919,198.51365661621,198.0,915,45.9999999999999,0.25
531887_R3668692_SWAN,531887_R3668692_SWAN_0000.nii.gz,531887_R3668692_SWAN.nii.gz,9,495,0.468798398971557,0.46880105137825,1.39999711513519,49.8686866760253,50.0,32.9776344299316,0.0,22.0,74.5,106.0,0,126,210.0,33.3612518310546,160.0,4.79598310070194,132.575271606445,132.0,186,174.561904907226,172.0,210,192.269302368164,194.0,531,214.281311035156,215.0,551,217.976089477539,217.0,502,212.059631347656,212.0,805,210.888381958007,213.0,887,208.055252075195,212.0,905,203.122955322265,209.0,1285,203.631942749023,210.0,1277,54.1999999999999,0.25
531887_R3668692_SWAN,531887_R3668692_SWAN_0000.nii.gz,531887_R3668692_SWAN.nii.gz,10,94,0.468798398971557,0.46880105137825,1.39999711513519,113.893615722656,115.0,30.2325973510742,63.0,91.25,137.0,158.7,46,170,213.0,17.4420585632324,98.0,5.61860285268061,177.796615600585,175.0,59,203.140838623046,201.0,71,205.354705810546,206.0,234,214.66941833496,214.0,242,213.827163696289,214.0,243,216.419082641601,216.0,482,211.590637207031,211.0,491,210.352111816406,209.0,497,215.267440795898,216.0,860,212.64485168457,214.0,825,24.4,0.25
531887_R3668692_SWAN,531887_R3668692_SWAN_0000.nii.gz,531887_R3668692_SWAN.nii.gz,11,225,0.468798398971557,0.46880105137825,1.39999711513519,51.2000007629394,49.0,33.2587165832519,0.0,25.0,76.0,106.799999999999,0,124,207.0,26.8627262115478,158.0,5.88175596012583,135.173080444335,134.5,104,176.399993896484,178.5,120,183.363372802734,191.0,355,203.389831542968,206.0,354,204.345352172851,208.0,333,208.268447875976,210.0,637,205.133331298828,210.0,615,203.040435791015,207.0,643,208.74722290039,213.5,1080,204.63279724121,209.0,994,45.4,0.25
531887_R3668692_SWAN,531887_R3668692_SWAN_0000.nii.gz,531887_R3668692_SWAN.nii.gz,12,273,0.468798398971557,0.46880105137825,1.39999711513519,46.4725265502929,50.0,37.5598220825195,0.0,3.0,77.0,108.399999999999,0,135,195.0,43.6236534118652,145.0,3.32388483447288,118.400001525878,114.0,115,155.175567626953,151.0,131,177.64321899414,176.0,398,191.454788208007,192.0,365,192.167160034179,193.0,341,201.037414550781,209.0,695,198.372695922851,202.5,652,196.308624267578,201.0,661,202.676681518554,208.0,1132,199.759460449218,201.0,1031,51.8,0.75
531887_R3668692_SWAN,531887_R3668692_SWAN_0000.nii.gz,531887_R3668692_SWAN.nii.gz,13,70,0.468798398971557,0.46880105137825,1.39999711513519,108.057144165039,107.5,29.6011028289794,60.9,83.5,130.5,156.2,57,170,226.0,26.5465717315673,118.5,4.4638532311533,179.259994506835,182.0,50,209.82258605957,216.0,62,214.588546752929,220.0,192,223.523010253906,227.0,239,219.399993896484,224.0,235,226.985717773437,230.0,420,219.952270507812,227.0,461,214.851928710937,222.0,493,220.875823974609,225.0,757,213.481475830078,221.0,783,27.7999999999999,0.25
531887_R3668692_SWAN,531887_R3668692_SWAN_0000.nii.gz,531887_R3668692_SWAN.nii.gz,14,83,0.468798398971557,0.46880105137825,1.39999711513519,89.1325302124023,99.0,36.4723930358886,25.3,54.0,120.0,138.899999999999,15,147,214.0,26.3121662139892,115.0,4.37060176135777,166.928573608398,168.0,56,198.161758422851,196.0,68,199.856475830078,206.0,216,215.713073730468,215.0,237,218.873916625976,219.5,230,215.957305908203,218.0,445,217.258407592773,219.0,476,218.564147949218,222.0,491,214.234939575195,220.0,813,213.314147949218,218.0,799,30.1999999999999,0.25
540395_R3600296_SWAN,540395_R3600296_SWAN_0000.nii.gz,540395_R3600296_SWAN.nii.gz,1,134,0.468800157308578,0.468800157308578,1.39998400211334,45.8805961608886,45.0,29.5028591156005,0.0,23.0,65.0,99.35,0,109,153.0,22.6238784790039,108.0,4.77371729609622,117.62857055664,118.0,70,146.0,147.0,82,137.98924255371,145.0,279,154.595825195312,157.0,287,156.166671752929,156.0,270,150.808120727539,152.0,542,147.408752441406,148.5,526,147.992797851562,148.0,555,146.190322875976,148.0,909,142.457855224609,144.0,878,22.9999999999999,0.25
561150_R3542171_SWAN,561150_R3542171_SWAN_0000.nii.gz,561150_R3542171_SWAN.nii.gz,1,73,0.468798667192459,0.468800812959671,0.999964356422424,102.438354492187,104.0,34.7838668823242,33.6,79.0,134.0,151.599999999999,14,159,243.0,16.6355037689209,139.0,8.35562312574418,177.425918579101,174.0,54,202.87156677246,201.0,109,228.2197265625,228.0,223,238.335998535156,243.0,250,242.002792358398,249.0,359,240.415954589843,248.0,464,240.054382324218,244.0,662,236.215789794921,240.0,709,233.663497924804,236.0,948,230.249481201171,234.0,970,46.8,0.25
561150_R3542171_SWAN,561150_R3542171_SWAN_0000.nii.gz,561150_R3542171_SWAN.nii.gz,2,98,0.468798667192459,0.468800812959671,0.999964356422424,28.7448978424072,7.0,35.9470481872558,0.0,0.0,60.75,96.4999999999999,0,118,183.0,25.8350143432617,176.0,6.81245992982791,128.716659545898,129.0,60,140.029190063476,138.0,137,172.324111938476,173.0,253,176.827590942382,178.0,290,181.372756958007,185.0,389,179.551177978515,187.0,508,182.126403808593,190.0,712,181.84162902832,192.0,764,184.24168395996,195.0,1022,184.645065307617,193.0,1034,36.3999999999999,0.25
561150_R3542171_SWAN,561150_R3542171_SWAN_0000.nii.gz,561150_R3542171_SWAN.nii.gz,3,157,0.468798667192459,0.468800812959671,0.999964356422424,35.4585990905761,24.0,36.6646881103515,0.0,0.0,68.0,95.5999999999999,0,121,203.0,29.2822170257568,179.0,6.1129251191107,142.068969726562,143.0,87,167.142013549804,174.0,169,200.911666870117,203.0,317,198.494323730468,203.5,352,202.350875854492,205.0,456,194.961349487304,201.0,595,196.827590942382,203.0,812,193.44482421875,201.0,861,192.828170776367,200.0,1129,190.801574707031,196.0,1139,42.1,0.25
561150_R3542171_SWAN,561150_R3542171_SWAN_0000.nii.gz,561150_R3542171_SWAN.nii.gz,4,49,0.468798667192459,0.468800812959671,0.999964356422424,88.1428604125976,88.0,37.3630828857421,26.8,61.0,111.0,148.799999999999,16,181,231.0,17.7876777648925,143.0,8.03927313559941,179.613632202148,176.0,44,213.287353515625,215.0,87,233.673080444335,235.0,208,228.01333618164,228.0,225,230.44953918457,231.0,327,228.263793945312,230.0,417,230.839736938476,232.0,624,230.669708251953,232.0,657,226.324584960937,228.0,915,225.370208740234,229.0,913,35.1999999999999,0.25
561150_R3542171_SWAN,561150_R3542171_SWAN_0000.nii.gz,561150_R3542171_SWAN.nii.gz,5,341,0.468798667192459,0.468800812959671,0.999964356422424,54.897361755371,54.0,41.8613624572753,0.0,15.0,90.0,127.0,0,146,237.0,18.742036819458,183.0,9.76414686209607,157.315505981445,160.0,187,196.610763549804,200.0,316,231.922546386718,234.0,581,235.982421875,239.0,569,236.10774230957,240.0,724,232.505554199218,236.0,900,229.11863708496,233.0,1180,227.077484130859,232.0,1226,224.505508422851,229.0,1541,222.433654785156,227.0,1545,54.2,0.25
561150_R3542171_SWAN,561150_R3542171_SWAN_0000.nii.gz,561150_R3542171_SWAN.nii.gz,6,594,0.468798667192459,0.468800812959671,0.999964356422424,20.3518524169921,6.0,26.5745086669921,0.0,0.0,36.0,76.0,0,111,191.0,29.3771743774414,185.0,6.29740619785613,103.678733825683,101.0,221,136.412567138671,138.0,366,174.527221679687,178.0,643,186.453247070312,187.0,631,195.123413085937,195.0,786,195.739654541015,196.0,991,195.041534423828,196.0,1228,195.61619567871,198.0,1334,193.367156982421,196.0,1626,192.479354858398,196.0,1671,59.6,0.25
561150_R3542171_SWAN,561150_R3542171_SWAN_0000.nii.gz,561150_R3542171_SWAN.nii.gz,7,84,0.468798667192459,0.468800812959671,0.999964356422424,69.5714263916015,61.0,45.2670097351074,8.3,35.5,103.25,149.549999999999,0,173,146.0,53.6878852844238,85.0,1.58322495940551,129.546875,141.5,64,137.392150878906,150.0,102,135.611602783203,152.0,224,129.0859375,147.0,256,121.839332580566,144.0,361,125.348098754882,143.0,474,128.041122436523,145.0,681,132.831939697265,150.0,714,131.773376464843,149.0,984,137.15542602539,155.0,978,3.70000000000002,0.25
574622_R3540113_SWAN,574622_R3540113_SWAN_0000.nii.gz,574622_R3540113_SWAN.nii.gz,1,124,0.468799233436584,0.468797296285629,1.00000727176666,92.2983856201171,92.0,43.2641906738281,16.6,63.75,128.0,157.85,0,170,228.0,16.9939136505126,136.0,8.00286519026163,187.895523071289,187.0,67,216.708862304687,216.0,79,217.634292602539,223.0,350,225.635986328125,229.0,239,230.713134765625,232.0,495,223.812225341796,228.0,458,226.356201171875,229.0,831,222.31396484375,226.0,723,222.356887817382,225.0,1146,220.534530639648,226.0,999,26.6,0.25
574622_R3540113_SWAN,574622_R3540113_SWAN_0000.nii.gz,574622_R3540113_SWAN.nii.gz,2,158,0.468799233436584,0.468797296285629,1.00000727176666,6.86075925827026,0.0,13.3982191085815,0.0,0.0,7.5,33.15,0,78,112.0,65.6811065673828,112.0,1.70520878610804,50.3181800842285,47.0,88,86.1509399414062,75.5,106,105.183418273925,93.0,398,140.709899902343,115.0,293,134.872177124023,113.0,532,146.239486694335,129.0,547,148.020690917968,133.0,870,154.371810913085,142.0,823,155.663040161132,145.0,1196,159.971359252929,150.0,1117,44.2999999999999,0.75
574622_R3540113_SWAN,574622_R3540113_SWAN_0000.nii.gz,574622_R3540113_SWAN.nii.gz,3,43,0.468799233436584,0.468797296285629,1.00000727176666,10.6976747512817,0.0,17.7993144989013,0.0,0.0,17.5,48.0999999999999,0,72,136.0,58.4566001892089,136.0,2.32651231101027,72.5142822265625,57.0,35,111.325584411621,83.0,43,108.928573608398,89.0,224,147.043746948242,127.0,160,140.160659790039,130.0,361,162.610794067382,168.0,352,160.0,164.0,632,166.582901000976,179.0,585,162.767471313476,174.0,916,168.035751342773,181.0,839,43.2,0.75
574622_R3540113_SWAN,574622_R3540113_SWAN_0000.nii.gz,574622_R3540113_SWAN.nii.gz,4,75,0.468799233436584,0.468797296285629,1.00000727176666,30.1866664886474,20.0,28.6829528808593,0.0,3.5,50.5,82.3,0,96,157.0,36.9198265075683,137.0,3.71074333114527,119.25,119.5,56,154.294113159179,167.5,68,147.794876098632,156.0,273,152.231887817382,160.0,207,152.958831787109,160.0,413,139.87319946289,149.0,418,147.358566284179,158.0,700,136.766052246093,147.0,654,146.635101318359,157.0,1003,142.152755737304,148.0,923,22.0,0.25
574622_R3540113_SWAN,574622_R3540113_SWAN_0000.nii.gz,574622_R3540113_SWAN.nii.gz,5,74,0.468799233436584,0.468797296285629,1.00000727176666,39.3108100891113,31.5,37.7305259704589,0.0,0.0,73.75,102.399999999999,0,123,191.0,43.0699615478515,159.5,3.70327704664403,134.867919921875,142.0,53,175.015380859375,180.0,65,168.050537109375,173.0,277,182.665069580078,192.0,209,180.797561645507,196.0,410,184.07730102539,198.0,414,189.743698120117,203.0,714,189.784851074218,201.0,660,192.066864013671,203.0,1017,191.495132446289,204.0,925,28.6,0.25
574622_R3540113_SWAN,574622_R3540113_SWAN_0000.nii.gz,574622_R3540113_SWAN.nii.gz,6,149,0.468799233436584,0.468797296285629,1.00000727176666,44.939598083496,33.0,44.6661338806152,0.0,2.0,73.0,136.2,0,161,162.0,59.842975616455,129.0,2.15564147121936,121.294120788574,132.5,102,160.482452392578,178.0,114,159.095245361328,169.0,441,169.532196044921,174.0,295,156.489868164062,146.0,592,166.016357421875,162.0,550,156.076675415039,146.0,952,160.023956298828,148.0,835,156.600006103515,138.0,1290,158.568283081054,137.0,1135,23.1,0.25
574622_R3540113_SWAN,574622_R3540113_SWAN_0000.nii.gz,574622_R3540113_SWAN.nii.gz,7,576,0.468799233436584,0.468797296285629,1.00000727176666,30.8784713745117,25.5,30.6758232116699,0.0,0.0,53.0,87.25,0,128,197.0,37.3103065490722,171.5,4.59658512251662,110.279472351074,111.0,229,155.578536987304,155.0,261,175.812072753906,179.0,729,200.33332824707,201.0,582,195.200241088867,201.0,814,200.68830871582,201.0,924,198.284942626953,200.0,1295,197.641723632812,199.0,1256,196.821807861328,198.0,1678,195.546432495117,196.0,1583,58.8,0.75
576277_R3637395_SWAN,576277_R3637395_SWAN_0000.nii.gz,576277_R3637395_SWAN.nii.gz,1,72,0.468800008296966,0.468800008296966,0.999962091445922,95.8611145019531,97.0,30.6105937957763,42.2,79.75,117.5,144.8,36,160,204.0,19.7031078338623,107.0,5.43061535785267,169.185180664062,167.0,54,183.100006103515,187.0,110,202.484588623046,205.0,227,204.273086547851,204.0,249,205.130187988281,205.0,361,202.53091430664,202.0,469,202.220031738281,207.0,659,199.714691162109,207.0,715,200.043014526367,207.0,953,198.567489624023,206.0,978,25.8,0.25
617977_R3570602_SWAN,617977_R3570602_SWAN_0000.nii.gz,617977_R3570602_SWAN.nii.gz,1,1115,0.468798369169235,0.468797653913497,0.999990046024322,10.5506725311279,0.0,28.4065589904785,0.0,0.0,0.0,69.5999999999999,0,215,126.0,51.0748672485351,126.0,2.4669667644337,64.484016418457,53.0,219,71.75537109375,63.0,605,111.255783081054,102.0,821,120.334930419921,114.0,1042,144.241241455078,133.0,999,152.782821655273,140.0,1432,163.821334838867,156.0,1556,163.860961914062,161.0,1798,170.819931030273,169.0,2027,168.485961914062,173.0,2173,44.4,0.75
617977_R3570602_SWAN,617977_R3570602_SWAN_0000.nii.gz,617977_R3570602_SWAN.nii.gz,2,289,0.468798369169235,0.468797653913497,0.999990046024322,11.2837371826171,0.0,16.1967506408691,0.0,0.0,21.0,46.0,0,62,138.0,20.2242851257324,138.0,6.8234797493245,69.4045791625976,69.0,131,97.4900436401367,100.0,251,126.312942504882,128.0,425,131.107986450195,135.0,463,140.220672607421,142.0,571,141.61717224121,143.0,734,145.511886596679,147.0,967,150.764755249023,151.0,1033,154.457214355468,153.0,1332,160.96565246582,156.0,1339,45.2,0.25
617977_R3570602_SWAN,617977_R3570602_SWAN_0000.nii.gz,617977_R3570602_SWAN.nii.gz,3,234,0.468798369169235,0.468797653913497,0.999990046024322,17.6410255432128,0.0,23.4128551483154,0.0,0.0,33.0,65.35,0,85,149.0,28.1734714508056,149.0,5.28866314043593,90.935188293457,93.5,108,110.649787902832,116.0,237,141.72117614746,143.0,373,145.893371582031,146.0,422,153.390060424804,152.0,523,149.93228149414,156.0,694,153.404327392578,156.0,878,158.204620361328,159.0,953,163.92805480957,168.0,1237,168.005493164062,173.0,1273,36.8999999999999,0.25
617977_R3570602_SWAN,617977_R3570602_SWAN_0000.nii.gz,617977_R3570602_SWAN.nii.gz,4,205,0.468798369169235,0.468797653913497,0.999990046024322,42.7902450561523,27.0,44.7639846801757,0.0,0.0,75.0,130.0,0,159,217.0,31.9621562957763,190.0,5.94453009495819,141.862380981445,147.0,109,173.353591918945,175.0,181,205.870376586914,208.5,378,206.65217590332,213.0,391,213.276428222656,218.5,492,210.931671142578,223.0,644,209.336776733398,223.0,870,208.692977905273,222.0,925,205.537109375,220.0,1199,206.410064697265,220.0,1212,46.2999999999999,0.25
617977_R3570602_SWAN,617977_R3570602_SWAN_0000.nii.gz,617977_R3570602_SWAN.nii.gz,5,112,0.468798369169235,0.468797653913497,0.999990046024322,53.9375,50.5,49.1121673583984,0.0,0.0,99.25,128.899999999999,0,150,212.0,31.5720424652099,161.5,5.11528515071398,164.631576538085,161.0,76,186.108688354492,196.5,138,207.92805480957,208.0,278,206.10595703125,207.0,302,205.469436645507,210.0,409,207.133834838867,215.0,538,206.467025756835,218.0,743,207.700119018554,221.0,797,204.785781860351,219.0,1041,205.033554077148,217.0,1073,29.9,0.25
660322_R3515056_SWAN,660322_R3515056_SWAN_0000.nii.gz,660322_R3515056_SWAN.nii.gz,1,126,0.468800127506256,0.468800127506256,1.000004529953,10.6666669845581,2.0,15.0959892272949,0.0,0.0,14.0,44.0,0,60,146.0,50.01216506958,144.0,2.87929946243395,43.3600006103515,40.0,75,67.7826080322265,73.0,92,99.8243637084961,104.0,353,131.492950439453,140.0,284,145.344833374023,151.0,493,159.6875,167.0,528,170.146377563476,176.0,854,177.190231323242,185.0,799,185.64826965332,195.0,1160,188.00373840332,198.0,1070,66.2,1.25
660322_R3515056_SWAN,660322_R3515056_SWAN_0000.nii.gz,660322_R3515056_SWAN.nii.gz,2,39,0.468800127506256,0.468800127506256,1.000004529953,59.538459777832,60.0,14.561710357666,36.0,50.5,67.0,83.3,27,89,160.0,23.2586975097656,100.0,4.29946689654539,107.272727966308,108.0,33,134.780487060546,143.0,41,136.646224975585,145.0,212,151.759490966796,156.5,158,157.660873413085,162.0,345,161.181030273437,165.0,348,168.454544067382,171.0,616,170.824645996093,174.0,576,175.1240234375,177.0,895,176.76463317871,180.0,820,29.4999999999999,0.75
660322_R3515056_SWAN,660322_R3515056_SWAN_0000.nii.gz,660322_R3515056_SWAN.nii.gz,3,99,0.468800127506256,0.468800127506256,1.000004529953,52.4646453857421,51.0,40.9738311767578,0.0,10.5,84.5,116.699999999999,0,137,180.0,45.77339553833,129.0,2.81823095015918,134.18032836914,140.0,61,165.123291015625,176.0,73,162.099044799804,180.0,313,163.129470825195,176.0,224,173.0,187.0,454,158.066360473632,172.0,437,164.070037841796,181.0,771,156.10791015625,169.0,695,159.748382568359,176.0,1077,157.986557006835,173.0,967,22.3999999999999,0.25
660322_R3515056_SWAN,660322_R3515056_SWAN_0000.nii.gz,660322_R3515056_SWAN.nii.gz,4,49,0.468800127506256,0.468800127506256,1.000004529953,29.4081630706787,30.0,18.9509773254394,0.0,12.0,41.0,61.0,0,67,136.0,29.3730392456054,106.0,3.60875151916255,94.0,98.0,35,122.976745605468,123.0,43,121.652542114257,129.5,236,131.573959350585,139.0,169,135.517608642578,140.0,369,121.813186645507,134.0,364,123.851905822753,134.0,655,111.89614868164,125.0,597,110.242813110351,120.0,939,102.963272094726,112.0,844,25.8999999999999,0.25
660322_R3515056_SWAN,660322_R3515056_SWAN_0000.nii.gz,660322_R3515056_SWAN.nii.gz,5,37,0.468800127506256,0.468800127506256,1.000004529953,71.6216201782226,70.0,31.5006237030029,17.8,54.0,103.0,113.399999999999,8,128,172.0,33.3350601196289,102.0,3.05984148922949,149.0,151.0,33,176.560974121093,178.0,41,161.509811401367,171.0,204,170.960525512695,177.5,152,160.0,170.0,341,160.93894958496,171.0,344,157.561462402343,167.0,602,160.868881225585,165.0,572,158.970428466796,160.0,879,159.634475708007,164.0,818,14.4999999999999,0.25
660322_R3515056_SWAN,660322_R3515056_SWAN_0000.nii.gz,660322_R3515056_SWAN.nii.gz,6,73,0.468800127506256,0.468800127506256,1.000004529953,90.4246597290039,93.0,18.6164741516113,59.2,78.0,106.0,114.399999999999,44,123,164.0,13.1835765838623,71.0,5.38548849383629,133.851852416992,136.0,54,154.409088134765,154.0,66,162.380950927734,163.0,273,164.33494567871,163.0,206,170.74510192871,170.0,408,161.470870971679,162.5,412,164.738403320312,164.0,711,159.903030395507,159.0,660,159.996032714843,160.0,1008,155.384201049804,158.0,924,18.0,0.25
660322_R3515056_SWAN,660322_R3515056_SWAN_0000.nii.gz,660322_R3515056_SWAN.nii.gz,7,70,0.468800127506256,0.468800127506256,1.000004529953,43.5285720825195,39.5,23.2143573760986,14.25,29.0,56.0,88.1999999999999,2,103,155.5,34.1253204345703,116.0,3.39923548036452,105.813957214355,105.0,43,136.666671752929,143.0,51,135.564910888671,139.0,285,147.617492675781,155.0,183,159.983795166015,170.0,432,143.25129699707,153.0,386,154.880661010742,167.0,729,142.147567749023,156.0,637,149.151748657226,160.0,1028,142.701110839843,156.0,900,29.1999999999999,0.25
660322_R3515056_SWAN,660322_R3515056_SWAN_0000.nii.gz,660322_R3515056_SWAN.nii.gz,8,74,0.468800127506256,0.468800127506256,1.000004529953,22.8108100891113,22.5,15.2746706008911,0.0,12.0,34.75,48.0,0,50,94.0,12.6045970916748,71.5,5.6725335589842,61.9454536437988,63.0,55,80.8656692504882,82.0,67,89.2126846313476,90.0,268,93.9710159301757,92.0,207,98.5586013793945,98.0,401,95.2615737915039,93.0,432,96.4935607910156,95.0,699,94.9359130859375,95.0,671,91.9556427001953,93.0,992,90.0691146850586,91.0,926,19.0,0.25
660322_R3515056_SWAN,660322_R3515056_SWAN_0000.nii.gz,660322_R3515056_SWAN.nii.gz,9,69,0.468800127506256,0.468800127506256,1.000004529953,57.463768005371,63.0,28.8462085723876,13.0,32.0,76.0,103.999999999999,3,118,153.5,38.2308120727539,90.5,2.36720056659473,123.433959960937,125.0,53,147.569229125976,148.0,65,145.632568359375,150.0,264,149.103454589843,154.0,203,155.608474731445,166.0,401,148.268112182617,148.0,414,155.004302978515,163.0,697,155.877090454101,164.0,659,157.250762939453,167.0,989,159.182205200195,167.0,922,17.7999999999999,0.25
660322_R3515056_SWAN,660322_R3515056_SWAN_0000.nii.gz,660322_R3515056_SWAN.nii.gz,10,72,0.468800127506256,0.468800127506256,1.000004529953,17.2083339691162,17.0,11.285361289978,0.0,8.0,26.0,34.0,0,40,84.0,16.7034759521484,67.0,4.0111411655837,51.0,49.0,53,72.3538436889648,73.0,65,73.3494415283203,73.0,269,81.9903869628906,83.0,208,83.7313461303711,87.0,402,83.8325271606445,86.0,412,85.0554733276367,86.0,703,83.8844985961914,85.0,658,85.5619964599609,86.0,1000,86.5686264038086,87.0,918,20.4,0.75
660322_R3515056_SWAN,660322_R3515056_SWAN_0000.nii.gz,660322_R3515056_SWAN.nii.gz,11,170,0.468800127506256,0.468800127506256,1.000004529953,12.2941179275512,5.0,15.746389389038,0.0,0.0,20.75,46.0,0,62,91.0,20.0350799560546,86.0,4.29247101527091,51.902172088623,53.0,92,73.1944427490234,72.5,108,87.6081390380859,89.0,393,90.0202713012695,90.0,296,95.6098480224609,96.0,528,89.2078170776367,89.0,563,91.2741775512695,90.0,879,88.6029052734375,88.0,826,89.1761245727539,88.0,1198,86.4176559448242,86.0,1099,25.5,0.25
670090_R3525129_SWAN,670090_R3525129_SWAN_0000.nii.gz,670090_R3525129_SWAN.nii.gz,1,47,0.468800067901611,0.468800157308578,1.00000250339508,77.1914901733398,79.0,34.8880500793457,23.7,48.0,105.0,124.1,13,162,179.0,22.9107131958007,100.0,4.36477027778989,158.199996948242,158.0,35,180.511627197265,182.0,43,167.555557250976,173.5,234,180.398803710937,179.5,168,179.092636108398,181.0,367,178.191009521484,179.0,356,174.15396118164,176.0,656,169.821548461914,172.5,594,169.695831298828,175.0,937,172.451416015625,179.0,844,11.1999999999999,0.25
670090_R3525129_SWAN,670090_R3525129_SWAN_0000.nii.gz,670090_R3525129_SWAN.nii.gz,2,69,0.468800067901611,0.468800157308578,1.00000250339508,83.2173919677734,84.0,35.8134727478027,26.8,52.0,114.0,137.399999999999,19,153,213.0,27.1141471862792,129.0,4.75766392775497,161.425918579101,161.5,54,192.878784179687,196.5,66,197.384613037109,205.0,273,213.450241088867,216.0,211,214.819305419921,217.0,404,211.945114135742,215.0,419,212.923614501953,216.0,707,211.461196899414,213.0,670,209.990036010742,209.0,1003,206.550048828125,206.0,929,34.3999999999999,0.25
670090_R3525129_SWAN,670090_R3525129_SWAN_0000.nii.gz,670090_R3525129_SWAN.nii.gz,3,131,0.468800067901611,0.468800157308578,1.00000250339508,3.68702292442321,0.0,8.20731735229492,0.0,0.0,1.5,18.5,0,43,92.0,30.9811286926269,92.0,2.96954965433182,31.5396823883056,32.0,63,50.7957000732421,50.0,93,68.8684921264648,64.0,365,89.9357147216796,87.5,280,99.3814468383789,102.0,485,98.5802688598632,99.0,517,105.132926940917,113.0,820,102.101890563964,107.0,795,107.263954162597,112.0,1129,107.026145935058,110.0,1071,36.1,0.75
670090_R3525129_SWAN,670090_R3525129_SWAN_0000.nii.gz,670090_R3525129_SWAN.nii.gz,4,74,0.468800067901611,0.468800157308578,1.00000250339508,61.3108100891113,64.5,31.6599006652832,6.25,39.0,83.0,106.0,0,113,154.0,19.2026309967041,89.5,4.6608196561899,131.611114501953,129.5,54,156.166671752929,150.0,66,156.736465454101,157.0,277,158.129806518554,157.0,208,159.632598876953,155.0,411,152.490341186523,150.0,414,154.701263427734,151.0,713,152.15525817871,151.0,657,152.356506347656,150.0,1021,150.843811035156,148.0,922,17.9,0.25
670090_R3525129_SWAN,670090_R3525129_SWAN_0000.nii.gz,670090_R3525129_SWAN.nii.gz,5,107,0.468800067901611,0.468800157308578,1.00000250339508,42.5981292724609,38.0,20.7822971343994,14.0,27.0,59.5,77.6999999999999,0,83,110.0,27.5008106231689,72.0,2.61810464377152,78.1904754638671,79.0,63,94.0933303833007,97.0,75,103.975608825683,106.0,328,107.459228515625,110.0,233,106.794815063476,111.0,463,109.130531311035,113.0,452,105.970962524414,113.5,792,111.132019042968,114.0,712,107.845314025878,112.0,1099,110.707565307617,114.0,978,20.4,0.25
670090_R3525129_SWAN,670090_R3525129_SWAN_0000.nii.gz,670090_R3525129_SWAN.nii.gz,6,97,0.468800067901611,0.468800157308578,1.00000250339508,37.4123725891113,38.0,16.1511878967285,9.8,27.0,48.0,67.3999999999999,0,75,110.0,34.6908798217773,72.0,2.07547344921479,82.066665649414,85.5,60,101.569442749023,104.0,72,101.883117675781,106.5,308,106.786666870117,109.0,225,109.20945739746,111.0,444,106.47427368164,113.0,447,107.496696472167,107.0,757,104.239540100097,108.0,693,106.380020141601,108.0,1071,103.442008972167,108.0,957,14.5999999999999,0.25
670090_R3525129_SWAN,670090_R3525129_SWAN_0000.nii.gz,670090_R3525129_SWAN.nii.gz,7,141,0.468800067901611,0.468800157308578,1.00000250339508,6.99290800094604,1.0,9.56166744232177,0.0,0.0,12.0,26.0,0,37,64.0,20.719331741333,63.0,3.04063860680995,37.6588249206543,41.0,85,52.7029685974121,54.0,101,56.0193901062011,58.0,361,60.9673919677734,66.0,276,62.8320007324218,69.0,500,60.7339820861816,66.0,515,63.4165687561035,68.0,845,63.3047370910644,67.0,781,65.2642517089843,69.0,1158,65.6397018432617,68.0,1063,15.7999999999999,0.25
670090_R3525129_SWAN,670090_R3525129_SWAN_0000.nii.gz,670090_R3525129_SWAN.nii.gz,8,152,0.468800067901611,0.468800157308578,1.00000250339508,31.098684310913,21.0,32.490436553955,0.0,0.0,54.0,94.4499999999999,0,123,200.0,37.0720863342285,179.0,4.82843070622464,136.65168762207,145.0,89,179.485717773437,185.0,105,176.825393676757,187.0,378,199.743682861328,204.0,277,195.963745117187,198.5,524,206.251922607421,206.0,520,200.51724243164,200.0,870,206.593627929687,209.0,785,203.36929321289,203.0,1205,208.380508422851,210.0,1067,35.8,0.25
693527_R3531149_SWAN,693527_R3531149_SWAN_0000.nii.gz,693527_R3531149_SWAN.nii.gz,1,113,0.468799531459808,0.468797892332077,0.99997466802597,9.06194686889648,0.0,17.1836929321289,0.0,0.0,8.0,50.1999999999999,0,67,131.0,31.6455821990966,131.0,4.13959835454502,69.9253768920898,68.0,67,92.0322570800781,86.0,155,120.513206481933,120.0,265,128.253295898437,131.0,304,132.298080444335,131.0,416,132.990585327148,136.0,531,136.672103881835,141.0,735,138.305831909179,143.0,788,138.810012817382,142.0,1058,139.086135864257,142.0,1068,44.6,0.25
693527_R3531149_SWAN,693527_R3531149_SWAN_0000.nii.gz,693527_R3531149_SWAN.nii.gz,2,80,0.468799531459808,0.468797892332077,0.99997466802597,11.4750003814697,0.0,19.2119598388671,0.0,0.0,14.25,55.05,0,69,142.0,35.5354995727539,142.0,3.99600404404826,76.6909103393554,72.0,55,90.1779632568359,87.5,118,125.470336914062,122.0,236,137.477279663085,133.0,264,146.601623535156,144.0,369,157.081024169921,150.0,469,161.898223876953,152.0,678,167.497924804687,158.0,721,170.315628051757,162.0,979,174.219406127929,169.0,989,43.4999999999999,0.25
693527_R3531149_SWAN,693527_R3531149_SWAN_0000.nii.gz,693527_R3531149_SWAN.nii.gz,3,196,0.468799531459808,0.468797892332077,0.99997466802597,31.6479587554931,21.5,34.5044136047363,0.0,0.0,60.0,94.25,0,112,192.0,35.1576614379882,170.5,4.84958307880434,118.709091186523,122.5,110,151.360214233398,156.5,186,182.567489624023,188.0,363,188.356018066406,191.0,382,190.816696166992,195.0,491,189.177474975585,192.0,648,188.46728515625,193.0,871,191.90022277832,200.0,922,189.954513549804,197.0,1187,192.224777221679,203.0,1219,47.4,0.25
693527_R3531149_SWAN,693527_R3531149_SWAN_0000.nii.gz,693527_R3531149_SWAN.nii.gz,4,428,0.468799531459808,0.468797892332077,0.99997466802597,20.2803745269775,9.0,25.0115089416503,0.0,0.0,36.25,72.6499999999999,0,104,189.0,38.6752395629882,180.0,4.65414053109725,92.402847290039,91.0,211,120.98412322998,123.0,315,158.523727416992,161.0,590,179.219009399414,189.0,589,184.941421508789,194.0,717,193.41145324707,203.0,943,196.207809448242,207.0,1179,199.072631835937,211.0,1253,200.434143066406,214.0,1564,201.710662841796,213.5,1576,66.4,0.75
693527_R3531149_SWAN,693527_R3531149_SWAN_0000.nii.gz,693527_R3531149_SWAN.nii.gz,5,151,0.468799531459808,0.468797892332077,0.99997466802597,86.8079452514648,81.0,60.0909576416015,0.0,35.0,128.5,200.0,0,211,208.0,32.893569946289,127.0,3.86093696146008,181.014923095703,190.0,67,167.904495239257,178.5,178,195.750823974609,204.0,305,198.475402832031,208.5,366,200.300003051757,208.0,440,200.059127807617,209.0,575,197.231521606445,206.0,812,197.67771911621,206.0,844,195.671890258789,204.0,1149,195.423828125,205.0,1116,16.2,0.25
700409_R3581454_SWAN,700409_R3581454_SWAN_0000.nii.gz,700409_R3581454_SWAN.nii.gz,1,85,0.468797802925109,0.468801945447921,0.999984860420227,84.0117645263671,87.0,42.7365379333496,15.2,47.0,120.0,147.0,5,167,209.0,31.1565742492675,122.0,3.9157064901918,162.947372436523,164.0,57,172.487808227539,182.0,123,202.444900512695,200.0,245,206.490768432617,201.0,271,211.221633911132,213.0,379,212.158767700195,218.0,485,213.148468017578,217.0,687,212.254776000976,219.0,734,209.674346923828,219.0,998,209.210998535156,216.0,1000,25.7999999999999,0.25
700409_R3581454_SWAN,700409_R3581454_SWAN_0000.nii.gz,700409_R3581454_SWAN.nii.gz,2,76,0.468797802925109,0.468801945447921,0.999984860420227,118.184211730957,127.5,35.2572174072265,60.75,88.0,144.0,167.0,57,189,226.0,15.2420148849487,98.5,6.46240019731691,194.425918579101,197.0,54,209.741073608398,215.0,112,223.776321411132,224.0,228,227.764709472656,228.0,255,229.501388549804,228.0,359,226.61653137207,225.0,472,224.691268920898,225.0,664,220.57666015625,222.0,711,214.618255615234,221.0,964,210.915374755859,219.0,969,20.4,0.25
700409_R3581454_SWAN,700409_R3581454_SWAN_0000.nii.gz,700409_R3581454_SWAN.nii.gz,3,93,0.468797802925109,0.468801945447921,0.999984860420227,137.50537109375,145.0,37.3422470092773,72.2,101.0,171.0,186.399999999999,66,194,224.0,13.5797748565673,79.0,5.81747494597043,205.464782714843,206.0,71,225.258071899414,223.0,124,229.786819458007,229.0,258,228.37857055664,227.0,280,226.308486938476,226.0,389,221.32307434082,221.0,520,219.47720336914,219.0,702,216.70832824707,217.0,768,213.543731689453,215.0,1006,213.176635742187,215.0,1036,13.7999999999999,0.25
700409_R3581454_SWAN,700409_R3581454_SWAN_0000.nii.gz,700409_R3581454_SWAN.nii.gz,4,394,0.468797802925109,0.468801945447921,0.999984860420227,30.9771575927734,15.0,35.1589126586914,0.0,0.0,59.75,96.0,0,132,202.0,36.7611770629882,187.0,5.08688825930643,118.79881286621,120.0,169,159.046432495117,161.5,280,198.021270751953,201.0,517,194.531372070312,203.0,510,197.348831176757,205.0,645,190.425979614257,200.0,770,185.410675048828,194.0,974,184.586166381835,192.0,998,182.50732421875,190.0,1228,180.848831176757,191.0,1204,57.6999999999999,0.25
701505_R3534601_SWAN,701505_R3534601_SWAN_0000.nii.gz,701505_R3534601_SWAN.nii.gz,1,88,0.46880030632019,0.468800008296966,0.999931097030639,40.3522720336914,42.0,30.2790203094482,0.0,12.0,63.0,88.9499999999999,0,108,146.0,45.0919494628906,104.0,2.30639839791333,114.172416687011,111.0,58,115.751998901367,116.0,125,146.401641845703,140.0,244,142.781814575195,136.0,275,152.248016357421,154.0,379,147.52049255371,151.5,488,154.374282836914,156.0,692,152.283981323242,152.0,743,157.680038452148,168.0,997,158.810943603515,174.0,1005,19.7999999999999,0.25
701505_R3534601_SWAN,701505_R3534601_SWAN_0000.nii.gz,701505_R3534601_SWAN.nii.gz,2,53,0.46880030632019,0.468800008296966,0.999931097030639,32.8679237365722,30.0,27.2694702148437,0.0,7.0,51.0,76.6,0,97,139.0,45.6871910095214,109.0,2.38578904921696,100.135131835937,98.0,37,97.1938781738281,94.0,98,134.632125854492,137.0,193,137.09375,138.0,224,145.61538696289,141.0,325,146.538650512695,140.0,414,149.411010742187,142.0,618,149.770645141601,140.0,654,154.298019409179,146.0,906,155.137817382812,144.0,907,32.5999999999999,0.25
701505_R3534601_SWAN,701505_R3534601_SWAN_0000.nii.gz,701505_R3534601_SWAN.nii.gz,3,54,0.46880030632019,0.468800008296966,0.999931097030639,108.888885498046,111.5,35.7334098815918,47.65,85.25,137.5,162.399999999999,37,168,223.0,21.1967163085937,111.5,5.2602487279973,199.77082824707,199.5,48,211.610519409179,226.0,95,228.185363769531,230.0,205,223.240005493164,223.0,225,218.913940429687,221.0,337,221.284042358398,222.0,426,217.418685913085,221.0,621,218.892913818359,223.0,663,217.85464477539,222.0,915,219.19285583496,222.0,923,14.8999999999999,0.25
701505_R3534601_SWAN,701505_R3534601_SWAN_0000.nii.gz,701505_R3534601_SWAN.nii.gz,4,40,0.46880030632019,0.468800008296966,0.999931097030639,96.6500015258789,96.5,36.2660675048828,34.55,70.25,122.25,151.1,23,162,206.0,19.0191383361816,109.5,5.75735861764511,180.303024291992,178.0,33,175.222229003906,180.0,81,207.70620727539,208.0,177,206.676773071289,209.0,198,203.707794189453,203.5,308,204.044158935546,207.0,385,197.267578125,199.0,583,196.229034423828,202.0,620,188.085174560546,196.0,857,184.941101074218,197.0,866,24.1999999999999,0.25
701505_R3534601_SWAN,701505_R3534601_SWAN_0000.nii.gz,701505_R3534601_SWAN.nii.gz,5,240,0.46880030632019,0.468800008296966,0.999931097030639,29.220832824707,20.0,31.814260482788,0.0,0.0,53.25,86.0499999999999,0,120,201.0,26.6443920135498,181.0,6.79317433507035,125.803741455078,126.0,107,158.558029174804,159.5,224,195.20539855957,197.0,370,195.350967407226,200.0,416,204.424423217773,208.0,516,198.408569335937,199.5,700,198.987670898437,200.0,892,196.169601440429,196.0,967,191.088333129882,192.0,1234,189.173294067382,191.0,1258,51.8999999999999,0.25
701505_R3534601_SWAN,701505_R3534601_SWAN_0000.nii.gz,701505_R3534601_SWAN.nii.gz,6,2912,0.46880030632019,0.468800008296966,0.999931097030639,18.3046016693115,0.0,34.354263305664,0.0,0.0,23.0,98.0,0,212,172.0,37.5109519958496,172.0,4.58532750699131,90.9948272705078,91.0,580,111.78352355957,113.0,1141,151.928482055664,155.0,1678,162.273727416992,169.0,1644,173.069534301757,177.0,1697,176.374267578125,182.0,2239,176.625930786132,180.0,2537,174.893524169921,181.0,2686,171.724563598632,180.0,3057,171.212921142578,180.0,3095,55.1999999999999,0.25
701505_R3534601_SWAN,701505_R3534601_SWAN_0000.nii.gz,701505_R3534601_SWAN.nii.gz,7,1824,0.46880030632019,0.468800008296966,0.999931097030639,23.2461624145507,0.0,36.1078910827636,0.0,0.0,39.0,99.8499999999999,0,205,215.0,40.1893501281738,215.0,5.34967595430907,120.564514160156,118.0,620,161.390625,161.5,896,203.54734802246,206.0,1489,209.588516235351,216.0,1429,213.271560668945,218.0,1565,206.304901123046,215.0,2040,205.53205871582,214.0,2355,202.114654541015,211.0,2477,201.53840637207,211.0,2864,201.846755981445,211.0,2917,67.7,0.25
701505_R3534601_SWAN,701505_R3534601_SWAN_0000.nii.gz,701505_R3534601_SWAN.nii.gz,8,182,0.46880030632019,0.468800008296966,0.999931097030639,30.6648349761962,19.0,33.7510757446289,0.0,0.0,56.75,96.7499999999999,0,117,188.0,51.4506759643554,169.0,3.28469931312625,115.927085876464,122.0,96,144.308898925781,151.0,191,176.014282226562,184.0,350,177.30207824707,190.0,384,176.241806030273,188.0,488,172.327194213867,191.0,651,169.019699096679,186.0,863,165.468612670898,185.0,924,162.551177978515,181.0,1192,159.538269042968,179.0,1202,47.3999999999999,0.25
701505_R3534601_SWAN,701505_R3534601_SWAN_0000.nii.gz,701505_R3534601_SWAN.nii.gz,9,41,0.46880030632019,0.468800008296966,0.999931097030639,6.39024400711059,0.0,12.1090126037597,0.0,0.0,9.0,29.0,0,58,154.0,61.0102081298828,154.0,2.52416775356927,57.3235282897949,56.0,34,96.5180740356445,97.0,83,126.362068176269,122.0,174,148.819091796875,149.0,199,160.867736816406,164.5,310,153.420516967773,170.0,390,161.792098999023,181.0,582,153.498382568359,170.0,618,157.821136474609,174.0,861,150.723373413085,167.0,864,60.8,0.75
701505_R3534601_SWAN,701505_R3534601_SWAN_0000.nii.gz,701505_R3534601_SWAN.nii.gz,10,413,0.46880030632019,0.468800008296966,0.999931097030639,26.6803874969482,16.0,31.3108978271484,0.0,0.0,44.0,90.7999999999999,0,135,196.0,45.570026397705,180.0,3.94996479547935,117.408164978027,118.0,196,145.693817138671,145.0,356,184.35432434082,189.0,635,187.207336425781,196.0,627,190.463348388671,201.0,805,185.955856323242,195.0,974,185.547439575195,192.0,1286,183.935089111328,190.0,1325,181.407974243164,188.0,1679,178.483367919921,188.0,1653,55.6,0.25
701505_R3534601_SWAN,701505_R3534601_SWAN_0000.nii.gz,701505_R3534601_SWAN.nii.gz,11,70,0.46880030632019,0.468800008296966,0.999931097030639,72.2857131958007,65.5,48.3517303466796,0.9,31.25,115.75,148.55,0,167,237.0,53.4271697998046,171.5,3.20997725768784,188.901962280273,189.0,51,197.240737915039,200.0,108,221.446350097656,226.0,233,211.859375,237.0,256,219.428573608398,237.0,357,212.232971191406,238.0,455,213.531433105468,235.0,668,211.27668762207,233.0,712,210.290328979492,229.0,961,203.64175415039,225.0,977,33.9999999999999,0.25
701505_R3534601_SWAN,701505_R3534601_SWAN_0000.nii.gz,701505_R3534601_SWAN.nii.gz,12,142,0.46880030632019,0.468800008296966,0.999931097030639,50.2746467590332,54.0,36.3035240173339,0.0,14.0,79.75,108.949999999999,0,145,193.0,38.6767425537109,139.0,3.59389107826153,145.720932006835,141.0,86,168.815948486328,174.0,163,194.76431274414,197.0,297,188.661682128906,196.0,334,189.755096435546,194.0,441,179.169815063476,190.0,583,172.478759765625,185.0,777,163.420989990234,180.0,848,160.465621948242,176.0,1091,151.605148315429,165.0,1127,37.5999999999999,0.25
701505_R3534601_SWAN,701505_R3534601_SWAN_0000.nii.gz,701505_R3534601_SWAN.nii.gz,13,69,0.46880030632019,0.468800008296966,0.999931097030639,37.9420280456543,33.0,32.1269607543945,0.0,7.0,63.0,93.7999999999999,0,103,213.0,45.4194908142089,180.0,3.96305631730439,136.722229003906,138.0,54,172.834869384765,180.0,109,206.658126831054,211.0,234,208.01953125,217.0,256,206.991775512695,218.0,365,198.744186401367,207.0,473,200.394073486328,212.0,675,195.282333374023,209.0,719,197.731124877929,214.0,967,194.011260986328,213.0,977,53.5999999999999,0.25
701505_R3534601_SWAN,701505_R3534601_SWAN_0000.nii.gz,701505_R3534601_SWAN.nii.gz,14,480,0.46880030632019,0.468800008296966,0.999931097030639,20.252082824707,7.0,26.1936893463134,0.0,0.0,35.25,79.0499999999999,0,100,185.0,38.6388893127441,178.0,4.60675767771851,101.037559509277,100.0,213,143.40835571289,141.0,311,178.633728027343,179.0,587,189.150512695312,187.0,578,183.07583618164,185.0,712,178.067291259765,186.0,951,170.757919311523,182.0,1169,167.184310913085,181.0,1237,166.161270141601,182.0,1544,169.366027832031,185.0,1560,59.8,0.25
701505_R3534601_SWAN,701505_R3534601_SWAN_0000.nii.gz,701505_R3534601_SWAN.nii.gz,15,78,0.46880030632019,0.468800008296966,0.999931097030639,25.3076915740966,17.5,27.2454681396484,0.0,0.0,47.0,73.1499999999999,0,99,206.5,58.3961791992187,189.0,3.23651311766863,114.236366271972,116.0,55,148.59292602539,152.0,113,192.577590942382,191.0,232,199.658920288085,203.5,258,202.517913818359,217.0,363,187.706008911132,210.0,483,188.191329956054,211.0,669,180.267959594726,205.0,724,183.919784545898,204.0,960,179.161911010742,203.0,982,60.3,0.25
701505_R3534601_SWAN,701505_R3534601_SWAN_0000.nii.gz,701505_R3534601_SWAN.nii.gz,16,241,0.46880030632019,0.468800008296966,0.999931097030639,23.4356842041015,4.0,29.2335891723632,0.0,0.0,45.0,83.0,0,120,219.0,53.2807884216308,215.0,4.03522557321457,114.354835510253,119.0,124,155.33494567871,156.5,206,197.899261474609,208.0,407,205.335754394531,219.0,414,210.501846313476,225.0,542,201.095245361328,219.0,693,202.540130615234,216.0,922,196.839309692382,212.0,977,199.085983276367,211.0,1256,197.17837524414,210.0,1267,70.3,0.25
701505_R3534601_SWAN,701505_R3534601_SWAN_0000.nii.gz,701505_R3534601_SWAN.nii.gz,17,61,0.46880030632019,0.468800008296966,0.999931097030639,106.786888122558,109.0,38.1167831420898,49.0,73.0,133.0,168.0,44,202,199.0,16.7007484436035,90.0,5.38898003906349,163.324325561523,165.0,37,162.094345092773,170.5,106,189.521530151367,191.0,209,197.944229125976,201.0,251,196.860946655273,198.0,338,199.5869140625,201.0,443,193.96630859375,197.0,653,188.887741088867,197.0,677,178.75210571289,192.5,948,179.841796875,191.0,866,25.6999999999999,0.25
722199_R3679936_SWAN,722199_R3679936_SWAN_0000.nii.gz,722199_R3679936_SWAN.nii.gz,1,192,0.468800008296966,0.468800008296966,1.00000715255737,72.9583358764648,77.5,59.2874221801757,0.0,3.75,123.25,162.45,0,188,236.0,9.95528984069824,158.5,15.9211838666952,195.69725036621,196.0,109,229.829452514648,231.0,129,235.937805175781,237.0,418,236.469512939453,237.0,328,237.33821105957,237.0,547,234.197952270507,235.0,586,234.241561889648,236.0,919,234.305297851562,236.0,868,232.543640136718,235.0,1249,232.209838867187,235.0,1158,25.8,0.25
744114_R3556455_SWAN,744114_R3556455_SWAN_0000.nii.gz,744114_R3556455_SWAN.nii.gz,1,165,0.468799799680709,0.468800008296966,1.00000703334808,36.0969696044921,33.0,29.3220825195312,0.0,5.0,59.0,84.7999999999999,0,106,165.0,20.7406921386718,132.0,6.36430062784069,119.879119873046,125.0,91,150.17756652832,154.0,107,152.125305175781,158.0,415,162.775085449218,165.0,289,163.983932495117,166.5,560,162.178237915039,166.0,533,158.524841308593,163.5,926,155.772552490234,160.0,809,151.148971557617,160.0,1262,153.440505981445,159.0,1101,24.8,0.25
744114_R3556455_SWAN,744114_R3556455_SWAN_0000.nii.gz,744114_R3556455_SWAN.nii.gz,2,58,0.468799799680709,0.468800008296966,1.00000703334808,76.2413787841796,81.0,30.3595180511474,22.25,55.25,100.5,117.0,9,127,163.0,13.0173959732055,82.0,6.2992629377477,143.816329956054,146.0,49,167.098358154296,168.0,61,162.44578552246,166.0,249,164.831634521484,164.5,196,163.128952026367,164.5,380,160.622787475585,161.0,395,159.586929321289,160.0,673,158.636367797851,159.5,638,157.054977416992,158.0,964,157.924438476562,160.0,900,10.6999999999999,0.25
744114_R3556455_SWAN,744114_R3556455_SWAN_0000.nii.gz,744114_R3556455_SWAN.nii.gz,3,106,0.468799799680709,0.468800008296966,1.00000703334808,16.5849056243896,9.0,18.149206161499,0.0,0.0,33.0,49.0,0,60,96.0,14.2273435592651,87.0,6.11498553033421,69.640625,71.5,64,91.7236862182617,91.5,76,89.2615356445312,96.0,325,96.9159317016601,98.0,226,97.4628448486328,97.0,471,92.6689224243164,93.0,444,93.8754730224609,93.0,787,91.5358200073242,92.0,698,90.8255004882812,91.0,1106,90.6783142089843,92.0,973,16.8,0.25
764508_R3557894_SWAN,764508_R3557894_SWAN_0000.nii.gz,764508_R3557894_SWAN.nii.gz,1,205,0.468797832727432,0.468801826238632,0.999970436096191,11.7268295288085,0.0,18.3700046539306,0.0,0.0,18.0,51.7999999999999,0,76,142.0,48.5518760681152,142.0,2.92470675697027,79.0446395874023,81.0,112,105.047119140625,106.0,191,146.199462890625,138.0,371,147.47117614746,137.0,399,153.292251586914,143.0,503,154.92626953125,146.0,651,158.724060058593,145.0,877,159.659866333007,144.0,932,162.03042602539,148.0,1216,163.94480895996,155.0,1232,39.9999999999999,0.25
764508_R3557894_SWAN,764508_R3557894_SWAN_0000.nii.gz,764508_R3557894_SWAN.nii.gz,2,58,0.468797832727432,0.468801826238632,0.999970436096191,91.6896514892578,95.0,42.0058288574218,22.4,63.25,120.25,156.049999999999,0,175,185.0,26.8293876647949,90.0,3.35453052915167,161.73469543457,158.0,49,169.020202636718,175.0,99,181.888885498046,181.0,216,182.902130126953,182.0,235,186.98550415039,187.0,345,189.820053100585,190.0,439,192.369735717773,191.0,641,194.917282104492,195.0,677,197.82746887207,205.0,939,201.485107421875,209.0,940,15.6,0.25
764508_R3557894_SWAN,764508_R3557894_SWAN_0000.nii.gz,764508_R3557894_SWAN.nii.gz,3,172,0.468797832727432,0.468801826238632,0.999970436096191,11.3546514511108,0.0,16.6617107391357,0.0,0.0,19.75,45.4499999999999,0,64,140.0,26.8977451324462,140.0,5.20489726222888,72.6813201904296,73.0,91,100.631866455078,100.0,182,127.953704833984,127.0,324,136.456283569335,134.0,366,145.421401977539,143.0,458,148.632263183593,145.0,620,155.338668823242,151.0,812,161.510681152343,156.0,889,164.786895751953,162.0,1145,169.761993408203,169.5,1168,41.9999999999999,0.25
764508_R3557894_SWAN,764508_R3557894_SWAN_0000.nii.gz,764508_R3557894_SWAN.nii.gz,4,228,0.468797832727432,0.468801826238632,0.999970436096191,29.2938594818115,16.5,33.0326347351074,0.0,0.0,55.0,90.6499999999999,0,125,210.0,41.7886924743652,193.5,4.63043920598138,126.527557373046,125.0,127,163.17707824707,170.0,192,198.936431884765,208.0,409,203.437057495117,212.0,421,198.650665283203,211.0,521,197.878051757812,210.0,697,192.052459716796,206.0,915,188.690185546875,205.0,978,187.790145874023,203.0,1239,184.820922851562,200.0,1262,59.8,0.25
764508_R3557894_SWAN,764508_R3557894_SWAN_0000.nii.gz,764508_R3557894_SWAN.nii.gz,5,201,0.468797832727432,0.468801826238632,0.999970436096191,50.0348243713378,50.0,45.8904609680175,0.0,0.0,93.0,119.0,0,141,224.0,21.2987575531005,174.0,8.16949061775999,156.261260986328,154.0,111,195.223403930664,197.0,188,224.084701538085,224.0,366,222.506301879882,224.0,397,224.024337768554,226.0,493,219.730422973632,222.5,664,218.308486938476,219.0,872,217.716278076171,217.0,934,217.164031982421,216.0,1201,214.456115722656,214.0,1219,47.3999999999999,0.25
764508_R3557894_SWAN,764508_R3557894_SWAN_0000.nii.gz,764508_R3557894_SWAN.nii.gz,6,118,0.468797832727432,0.468801826238632,0.999970436096191,76.4915237426757,85.5,46.2904930114746,0.0,36.75,110.0,142.149999999999,0,158,200.0,12.6208963394165,114.5,9.072255798695,164.987014770507,167.0,77,188.940002441406,190.5,150,199.29719543457,199.0,286,199.063095092773,200.0,317,198.520095825195,199.0,423,199.538177490234,200.0,537,198.256607055664,199.0,756,197.473220825195,199.0,803,195.253707885742,196.0,1080,195.212844848632,196.0,1090,21.4999999999999,0.25
764508_R3557894_SWAN,764508_R3557894_SWAN_0000.nii.gz,764508_R3557894_SWAN.nii.gz,7,125,0.468797832727432,0.468801826238632,0.999970436096191,79.5759963989257,93.0,47.0572853088378,0.0,34.0,117.0,145.399999999999,0,170,222.0,52.0382041931152,129.0,2.47894795756743,160.382720947265,161.0,81,196.744827270507,210.0,145,203.06802368164,218.5,294,202.19937133789,227.0,316,211.016357421875,226.0,428,206.353683471679,220.0,557,212.368423461914,223.0,760,210.554336547851,223.0,819,212.840774536132,225.0,1074,213.114959716796,227.0,1096,41.3,0.25
800416_R3621501_SWAN,800416_R3621501_SWAN_0000.nii.gz,800416_R3621501_SWAN.nii.gz,1,102,0.468800008296966,0.468800008296966,1.00001156330108,97.6078414916992,103.5,40.0573501586914,27.25,65.25,126.75,154.849999999999,0,172,236.0,18.7766609191894,132.5,7.05663272986876,191.93650817871,188.0,63,224.080001831054,222.0,75,223.665618896484,225.0,320,233.832595825195,235.0,227,237.501083374023,241.0,463,231.015869140625,238.0,441,234.319229125976,238.0,780,231.569595336914,235.0,704,232.521133422851,234.0,1088,231.040939331054,234.0,977,28.7999999999999,0.25
825318_R3598560_SWAN,825318_R3598560_SWAN_0000.nii.gz,825318_R3598560_SWAN.nii.gz,1,102,0.468799948692321,0.468799948692321,1.39997732639312,63.0588226318359,66.0,28.6472206115722,14.05,42.25,86.5,99.0,5,113,150.0,17.2464942932128,84.0,4.87055505727079,121.424659729003,120.0,73,141.842697143554,142.0,89,146.121948242187,146.0,246,150.366302490234,151.0,273,148.860382080078,150.0,265,150.295684814453,152.0,487,147.875244140625,148.0,521,147.346008300781,146.0,552,144.412445068359,144.0,868,143.884796142578,145.0,868,19.3999999999999,0.25
825318_R3598560_SWAN,825318_R3598560_SWAN_0000.nii.gz,825318_R3598560_SWAN.nii.gz,2,87,0.468799948692321,0.468799948692321,1.39997732639312,65.2988510131836,69.0,37.6942062377929,0.0,35.5,95.0,117.8,0,135,178.0,20.8547210693359,109.0,5.22663427804219,135.753616333007,134.0,69,160.447052001953,158.0,85,167.738204956054,168.0,233,173.85823059082,176.0,261,174.918914794921,175.0,259,182.233901977539,184.0,466,183.299026489257,183.0,515,183.757003784179,184.0,535,186.880279541015,187.5,852,185.769226074218,187.0,845,27.1999999999999,0.25
825318_R3598560_SWAN,825318_R3598560_SWAN_0000.nii.gz,825318_R3598560_SWAN.nii.gz,3,170,0.468799948692321,0.468799948692321,1.39997732639312,55.3764724731445,56.0,37.3903045654296,0.0,24.0,87.75,110.549999999999,0,137,186.0,27.9328708648681,130.0,4.65401500006589,143.032608032226,139.5,92,178.694442749023,178.5,108,179.557693481445,177.0,312,188.070068359375,190.0,314,188.314193725585,190.0,296,184.911666870117,184.0,566,183.243560791015,184.0,583,181.574295043945,184.0,599,179.34700012207,182.0,1000,176.31623840332,180.0,936,30.0,0.25
825318_R3598560_SWAN,825318_R3598560_SWAN_0000.nii.gz,825318_R3598560_SWAN.nii.gz,4,145,0.468799948692321,0.468799948692321,1.39997732639312,55.965518951416,52.0,35.1036720275878,0.0,30.0,86.0,115.399999999999,0,136,200.0,24.2581958770751,148.0,6.10103079181848,147.918914794921,149.0,74,181.511627197265,187.5,86,179.118240356445,183.0,296,196.901412963867,197.5,284,198.128784179687,201.0,264,203.396774291992,209.0,557,201.70523071289,204.0,536,200.5908203125,203.0,545,202.173538208007,206.0,945,200.533630371093,203.0,877,28.1999999999999,0.25
825318_R3598560_SWAN,825318_R3598560_SWAN_0000.nii.gz,825318_R3598560_SWAN.nii.gz,5,79,0.468799948692321,0.468799948692321,1.39997732639312,167.126586914062,173.0,52.5955123901367,85.7,127.5,207.0,250.299999999999,56,255,255.0,9.69117164611816,82.0,8.46130921980371,233.173080444335,243.0,52,247.65625,255.0,64,245.081451416015,255.0,221,250.965118408203,255.0,258,252.119338989257,255.0,243,252.415588378906,255.0,462,251.493728637695,255.0,478,251.153106689453,255.0,516,250.91975402832,255.0,810,250.182037353515,255.0,846,7.2,0.25
837097_R3676923_SWAN,837097_R3676923_SWAN_0000.nii.gz,837097_R3676923_SWAN.nii.gz,1,148,0.468801975250244,0.468799442052841,1.00000417232513,26.3445949554443,24.5,25.0622787475585,0.0,0.0,45.25,72.3,0,88,164.0,30.5578479766845,139.5,4.5651120493314,87.7752838134765,87.0,89,122.933334350585,122.0,105,143.540100097656,141.0,374,162.258071899414,160.0,279,175.75048828125,172.0,517,182.214141845703,180.0,523,186.898132324218,185.0,854,189.560852050781,192.0,797,188.906616210937,195.0,1178,191.22541809082,199.0,1078,47.6,0.75
837097_R3676923_SWAN,837097_R3676923_SWAN_0000.nii.gz,837097_R3676923_SWAN.nii.gz,2,121,0.468801975250244,0.468799442052841,1.00000417232513,48.595043182373,51.0,36.9439125061035,0.0,2.0,79.0,106.0,0,116,214.0,26.3103370666503,163.0,6.19528360990138,142.468353271484,144.0,79,185.347366333007,180.0,95,199.810089111328,201.0,337,208.011489868164,211.0,261,208.976791381835,216.0,474,211.242919921875,218.0,494,207.328369140625,218.0,807,210.164886474609,218.0,752,205.51463317871,218.0,1127,205.202713012695,218.0,1031,44.3999999999999,0.25
837097_R3676923_SWAN,837097_R3676923_SWAN_0000.nii.gz,837097_R3676923_SWAN.nii.gz,3,41,0.468801975250244,0.468799442052841,1.00000417232513,36.7073173522949,34.0,30.7009544372558,0.0,3.0,70.0,84.0,0,92,178.0,35.3807411193847,144.0,4.07001084330321,128.121215820312,126.0,33,163.829269409179,162.0,41,153.587158203125,159.0,218,179.132080078125,179.0,159,176.977081298828,178.0,349,190.872833251953,196.0,346,189.859649658203,189.0,627,200.191055297851,213.0,581,196.790237426757,207.0,901,202.936141967773,216.0,830,31.2,0.25
837097_R3676923_SWAN,837097_R3676923_SWAN_0000.nii.gz,837097_R3676923_SWAN.nii.gz,4,51,0.468801975250244,0.468799442052841,1.00000417232513,30.3333339691162,15.0,35.8502693176269,0.0,0.0,53.0,100.0,0,123,199.0,44.7984313964843,184.0,4.10728666750683,127.857139587402,130.0,35,163.81394958496,165.0,43,163.661163330078,165.0,242,184.413787841796,197.0,174,195.270782470703,202.0,373,196.712707519531,206.0,362,204.035614013671,211.0,674,204.830001831054,217.0,600,210.494247436523,224.0,955,207.116744995117,225.0,848,40.1999999999999,0.25
853707_R3652484_SWAN,853707_R3652484_SWAN_0000.nii.gz,853707_R3652484_SWAN.nii.gz,1,67,0.468800008296966,0.468800008296966,1.39999973773956,20.1791038513183,20.0,16.1253719329834,0.0,5.5,33.0,47.7999999999999,0,55,149.0,37.4836921691894,129.0,3.44149662252413,57.849998474121,51.5,40,95.3199996948242,91.5,50,108.034828186035,100.0,201,132.244232177734,137.0,217,150.801986694335,154.0,202,157.491882324218,159.0,431,164.259765625,166.0,435,170.200439453125,171.0,449,175.762512207031,176.0,779,176.8876953125,177.0,748,52.9999999999999,0.75
853707_R3652484_SWAN,853707_R3652484_SWAN_0000.nii.gz,853707_R3652484_SWAN.nii.gz,2,117,0.468800008296966,0.468800008296966,1.39999973773956,87.1196594238281,86.0,37.3852996826171,28.6,56.0,117.0,143.999999999999,0,159,217.0,28.7173118591308,131.0,4.56170830482337,171.223876953125,175.0,67,198.202529907226,207.0,79,192.164123535156,195.0,262,205.876403808593,214.0,267,209.028106689453,219.0,249,212.576232910156,221.0,505,214.105270385742,223.0,513,215.657791137695,224.0,526,216.515762329101,226.0,888,214.941802978515,225.0,842,20.9999999999999,0.25
853707_R3652484_SWAN,853707_R3652484_SWAN_0000.nii.gz,853707_R3652484_SWAN.nii.gz,3,132,0.468800008296966,0.468800008296966,1.39999973773956,82.5530319213867,89.5,36.3199806213378,24.55,46.25,112.25,132.349999999999,9,147,201.0,20.259328842163,111.5,5.50363740421398,159.439025878906,159.0,82,187.112243652343,188.0,98,197.158081054687,198.0,272,198.508468627929,203.0,295,195.18684387207,200.0,289,199.768798828125,203.0,532,194.098358154296,199.0,549,192.448455810546,197.0,582,194.896514892578,198.0,918,191.135314941406,196.0,909,28.3999999999999,0.25
853707_R3652484_SWAN,853707_R3652484_SWAN_0000.nii.gz,853707_R3652484_SWAN.nii.gz,4,309,0.468800008296966,0.468800008296966,1.39999973773956,57.5922317504882,59.0,27.9252700805664,3.4,38.0,79.0,97.5999999999999,0,115,190.0,27.8468570709228,131.0,4.70430108742101,119.4921875,117.5,128,154.443664550781,153.5,142,164.268524169921,170.0,432,184.044891357421,184.0,401,191.370071411132,193.0,381,190.746673583984,196.0,750,190.547302246093,197.0,687,190.632995605468,194.0,703,187.922119140625,193.0,1207,184.299163818359,191.0,1073,43.1999999999999,0.75
853707_R3652484_SWAN,853707_R3652484_SWAN_0000.nii.gz,853707_R3652484_SWAN.nii.gz,5,93,0.468800008296966,0.468800008296966,1.39999973773956,76.3118286132812,77.0,36.0769729614257,12.8,52.0,105.0,132.399999999999,9,141,211.0,40.9215126037597,134.0,3.27456126310659,158.362075805664,163.5,58,181.542861938476,190.0,70,183.521926879882,190.0,228,191.546188354492,209.0,249,191.280334472656,211.0,239,203.673858642578,217.0,463,198.599166870117,212.0,484,199.594863891601,212.0,506,205.412200927734,216.0,820,198.881851196289,208.0,821,27.3,0.25
853707_R3652484_SWAN,853707_R3652484_SWAN_0000.nii.gz,853707_R3652484_SWAN.nii.gz,6,42,0.468800008296966,0.468800008296966,1.39999973773956,49.0714302062988,46.0,27.8134880065917,6.05,27.5,69.75,86.85,0,122,158.0,46.0850715637207,112.0,2.4302880781066,116.941177368164,116.0,34,152.880950927734,154.0,42,144.205123901367,129.0,156,167.076919555664,171.0,182,167.275283813476,171.0,178,167.79833984375,178.0,362,169.131973266601,183.5,394,169.948272705078,184.5,406,172.768890380859,178.0,688,171.702346801757,186.5,682,27.9999999999999,0.25
853707_R3652484_SWAN,853707_R3652484_SWAN_0000.nii.gz,853707_R3652484_SWAN.nii.gz,7,175,0.468800008296966,0.468800008296966,1.39999973773956,56.8228569030761,59.0,43.5278282165527,0.0,11.0,93.0,124.599999999999,0,140,242.0,26.2182998657226,183.0,6.97985761613974,160.107528686523,154.0,93,204.944961547851,208.0,109,221.112182617187,229.5,312,235.10691833496,244.0,318,234.233764648437,243.5,308,237.128204345703,243.0,585,234.796234130859,241.0,584,232.517471313476,238.0,601,232.086166381835,238.0,998,228.037734985351,233.0,954,58.3,0.25
853707_R3652484_SWAN,853707_R3652484_SWAN_0000.nii.gz,853707_R3652484_SWAN.nii.gz,8,83,0.468800008296966,0.468800008296966,1.39999973773956,108.987953186035,112.0,40.6129188537597,41.1,79.0,145.0,163.0,23,167,219.0,25.7227993011474,107.0,4.15973389005242,190.438598632812,193.0,57,217.043472290039,219.0,69,204.903228759765,218.0,217,218.898300170898,225.0,236,217.698684692382,222.0,229,209.252792358398,216.0,447,208.934738159179,218.0,475,200.100204467773,217.0,489,200.476257324218,213.0,779,198.5146484375,216.0,717,19.0,0.25
886508_R3647922_SWAN,886508_R3647922_SWAN_0000.nii.gz,886508_R3647922_SWAN.nii.gz,1,49,0.468800008296966,0.468800008296966,1.39999973773956,108.795921325683,112.0,24.905517578125,65.4,101.0,123.0,150.799999999999,58,161,197.0,27.1808815002441,85.0,3.12719806380218,171.222229003906,171.5,36,195.727279663085,195.0,44,189.128662109375,196.0,171,201.0,201.5,192,194.188171386718,197.5,186,192.932464599609,194.0,385,191.395629882812,193.0,412,194.745193481445,199.0,416,194.80500793457,200.0,718,198.553665161132,203.0,708,18.1999999999999,0.25
886508_R3647922_SWAN,886508_R3647922_SWAN_0000.nii.gz,886508_R3647922_SWAN.nii.gz,2,162,0.468800008296966,0.468800008296966,1.39999973773956,35.2901229858398,33.0,25.6389179229736,0.0,15.0,56.0,76.0,0,97,173.0,39.1354866027832,140.0,3.57731593888099,111.64102935791,110.5,78,148.899993896484,153.0,90,151.749191284179,155.0,311,168.216491699218,173.0,291,169.062957763671,177.5,270,174.776428222656,183.0,577,171.601821899414,182.0,550,168.9404296875,183.0,554,167.458206176757,187.0,969,165.545150756835,188.0,886,37.9,0.25
929578_R3560425_SWAN,929578_R3560425_SWAN_0000.nii.gz,929578_R3560425_SWAN.nii.gz,1,606,0.468800216913223,0.468799829483032,1.40001916885375,10.3481845855712,0.0,16.1997413635253,0.0,0.0,19.0,46.0,0,72,110.0,21.6149063110351,110.0,5.08908058249788,57.6192665100097,58.0,218,81.9552841186523,84.0,246,93.493667602539,97.0,553,106.693069458007,109.0,606,110.433860778808,115.0,567,111.898864746093,117.0,880,111.10636138916,115.0,912,111.659576416015,116.0,987,113.678367614746,117.0,1396,112.297294616699,117.0,1369,33.2,0.25
946303_R3563980_SWAN,946303_R3563980_SWAN_0000.nii.gz,946303_R3563980_SWAN.nii.gz,1,162,0.468801945447921,0.468801885843277,1.20005178451538,53.3086433410644,38.0,51.7321319580078,0.0,7.25,89.25,151.649999999999,0,193,196.0,63.7316589355468,158.0,2.47914462982657,122.691177368164,130.0,68,144.636367797851,156.0,77,151.190139770507,175.0,284,183.995819091796,201.0,239,168.616897583007,205.0,355,184.456756591796,208.0,370,191.174026489257,216.0,385,182.706161499023,210.0,616,191.010345458984,210.0,580,181.795196533203,202.0,708,46.4,0.25
946303_R3563980_SWAN,946303_R3563980_SWAN_0000.nii.gz,946303_R3563980_SWAN.nii.gz,2,141,0.468801945447921,0.468801885843277,1.20005178451538,34.9007110595703,21.0,37.9247703552246,0.0,0.0,64.0,107.0,0,129,188.0,54.6984825134277,167.0,3.05310115246805,109.689651489257,114.0,87,147.281555175781,148.0,103,158.601303100585,170.5,306,172.156356811523,193.0,307,170.126190185546,191.0,420,171.226165771484,191.0,535,170.89875793457,189.0,563,169.413024902343,186.0,891,171.165924072265,188.0,904,169.356170654296,186.0,1095,51.9,0.25
946500_R3573697_SWAN,946500_R3573697_SWAN_0000.nii.gz,946500_R3573697_SWAN.nii.gz,1,106,0.468798279762268,0.468797802925109,1.2000069618225,37.4622650146484,40.0,30.0396499633789,0.0,1.0,61.0,87.75,0,104,156.0,32.4338836669921,116.0,3.5765066308742,118.079368591308,114.0,63,151.493331909179,149.0,75,145.928573608398,149.0,266,157.5625,156.0,256,163.424728393554,160.5,372,157.843139648437,160.0,459,157.22444152832,159.0,499,167.182495117187,171.0,800,160.053359985351,167.0,787,166.987686157226,177.0,974,25.2,0.25
946500_R3573697_SWAN,946500_R3573697_SWAN_0000.nii.gz,946500_R3573697_SWAN.nii.gz,2,119,0.468798279762268,0.468797802925109,1.2000069618225,44.8487396240234,33.0,42.7320442199707,0.0,3.0,82.0,122.199999999999,0,143,176.0,45.3416633605957,143.0,3.15383224613401,138.384613037109,139.5,78,179.372344970703,181.0,94,157.341384887695,164.5,290,167.976196289062,177.5,294,170.232498168945,179.0,400,164.568313598632,177.0,505,163.833923339843,174.5,572,166.622970581054,178.0,862,162.371200561523,172.0,889,166.361083984375,176.0,1069,19.4999999999999,0.25
946500_R3573697_SWAN,946500_R3573697_SWAN_0000.nii.gz,946500_R3573697_SWAN.nii.gz,3,282,0.468798279762268,0.468797802925109,1.2000069618225,37.5815620422363,36.0,33.8731803894043,0.0,0.0,61.0,102.949999999999,0,117,178.0,24.0423431396484,142.0,5.90624629118725,121.257575988769,118.0,132,159.144729614257,159.0,152,170.014999389648,175.0,400,179.644226074218,180.0,416,180.259323120117,179.0,536,175.191589355468,178.0,642,170.153945922851,174.0,734,171.249755859375,176.0,1057,163.791427612304,169.0,1074,162.634780883789,168.0,1265,40.3999999999999,0.25
946500_R3573697_SWAN,946500_R3573697_SWAN_0000.nii.gz,946500_R3573697_SWAN.nii.gz,4,148,0.468798279762268,0.468797802925109,1.2000069618225,25.2094593048095,17.5,25.6981582641601,0.0,0.0,41.0,78.65,0,89,138.0,38.1530265808105,120.5,3.15833397239858,100.108108520507,105.5,74,133.720932006835,144.5,86,116.707550048828,118.5,318,139.79719543457,146.0,286,132.131942749023,132.0,432,139.118347167968,146.0,507,144.372009277343,154.0,543,142.547042846679,151.0,914,148.163803100585,156.0,873,149.026290893554,154.0,1103,19.1,0.25
946500_R3573697_SWAN,946500_R3573697_SWAN_0000.nii.gz,946500_R3573697_SWAN.nii.gz,5,54,0.468798279762268,0.468797802925109,1.2000069618225,85.5925903320312,87.5,29.8089714050292,33.6,64.75,111.5,126.049999999999,16,138,173.0,15.5842761993408,85.5,5.48629906877654,152.92105102539,153.0,38,175.934783935546,176.0,46,163.190719604492,172.0,194,176.592971801757,175.0,199,173.780410766601,173.0,296,171.450134277343,170.0,371,167.771759033203,168.0,425,168.32844543457,168.0,682,163.782363891601,165.0,703,161.220962524414,164.0,878,12.4,0.25
946500_R3573697_SWAN,946500_R3573697_SWAN_0000.nii.gz,946500_R3573697_SWAN.nii.gz,6,243,0.468798279762268,0.468797802925109,1.2000069618225,22.5061721801757,11.0,25.8314189910888,0.0,0.0,40.0,75.0,0,85,119.0,20.892967224121,108.0,5.16920353348916,86.284553527832,87.0,123,111.503494262695,113.0,143,112.657432556152,118.0,397,116.749336242675,119.0,375,117.666015625,120.0,512,115.419715881347,118.0,629,115.449043273925,118.0,677,118.25601196289,122.0,1039,117.765899658203,121.0,1038,119.743202209472,122.0,1250,20.2,0.25
946500_R3573697_SWAN,946500_R3573697_SWAN_0000.nii.gz,946500_R3573697_SWAN.nii.gz,7,110,0.468798279762268,0.468797802925109,1.2000069618225,74.7636337280273,67.5,41.4956588745117,12.9,43.25,104.75,148.1,0,159,225.0,35.7152214050293,157.5,4.40988446393395,188.96824645996,191.0,63,228.093338012695,229.0,75,209.820510864257,227.0,273,225.080764770507,230.0,260,215.476196289062,224.5,378,216.028076171875,217.0,463,215.906188964843,219.0,501,211.624542236328,218.0,823,216.167083740234,223.0,814,213.015655517578,222.0,1022,23.0,0.25
946500_R3573697_SWAN,946500_R3573697_SWAN_0000.nii.gz,946500_R3573697_SWAN.nii.gz,8,40,0.468798279762268,0.468797802925109,1.2000069618225,42.625,34.0,26.3720378875732,8.9,21.75,58.25,90.1,7,98,128.0,17.4040184020996,94.0,5.40105151742771,97.2580642700195,98.0,31,124.692306518554,126.0,39,116.267440795898,124.0,172,130.853256225585,131.0,184,125.591758728027,127.0,267,129.60285949707,129.0,350,130.468200683593,132.0,393,129.995361328125,131.0,647,129.829116821289,131.0,673,129.063858032226,129.0,830,19.3999999999999,0.25
953409_R3605795_SWAN,953409_R3605795_SWAN_0000.nii.gz,953409_R3605795_SWAN.nii.gz,1,95,0.468800038099288,0.468800067901611,1.39996969699859,114.210525512695,119.0,36.3587074279785,59.0,80.0,141.5,169.2,44,186,224.0,23.0226993560791,105.0,4.5607162903022,185.724639892578,192.0,69,213.258819580078,218.0,85,217.191299438476,223.0,230,221.922790527343,225.0,272,218.923080444335,223.0,273,221.052856445312,224.0,473,220.247589111328,222.0,517,220.112930297851,223.0,549,218.108596801757,221.0,838,217.049819946289,220.0,863,20.8,0.25
953409_R3605795_SWAN,953409_R3605795_SWAN_0000.nii.gz,953409_R3605795_SWAN.nii.gz,2,154,0.468800038099288,0.468800067901611,1.39996969699859,85.5584411621093,90.0,36.6044120788574,20.3,59.0,114.0,139.35,0,149,212.0,15.7916383743286,122.0,7.72560750873874,162.71875,163.0,96,191.75,196.0,116,202.72508239746,210.0,291,210.847946166992,214.0,342,210.634445190429,213.0,331,209.822647094726,212.0,530,207.914932250976,211.0,623,206.13914489746,210.0,654,202.908126831054,206.0,947,200.92268371582,206.0,983,33.3999999999999,0.25
953409_R3605795_SWAN,953409_R3605795_SWAN_0000.nii.gz,953409_R3605795_SWAN.nii.gz,3,368,0.468800038099288,0.468800067901611,1.39996969699859,28.2581520080566,22.5,26.5655708312988,0.0,0.0,49.25,76.0,0,97,142.0,26.2607479095459,119.5,4.55051776939533,92.2439041137695,94.0,164,120.567710876464,121.0,192,134.641021728515,136.0,429,138.980041503906,142.0,501,138.517456054687,144.0,487,139.511306762695,145.0,708,138.653839111328,144.0,806,138.876434326171,144.0,874,140.134811401367,144.0,1172,141.482177734375,146.0,1234,31.8,0.25
953409_R3605795_SWAN,953409_R3605795_SWAN_0000.nii.gz,953409_R3605795_SWAN.nii.gz,4,38,0.468800038099288,0.468800067901611,1.39996969699859,82.9473648071289,89.0,18.1585826873779,51.7,67.25,98.0,104.899999999999,48,114,141.0,15.9587392807006,52.0,3.25840275258365,123.794868469238,125.0,39,141.313720703125,142.0,51,139.449661254882,142.0,149,141.25,141.0,188,136.686279296875,138.0,204,137.125,141.0,352,134.189315795898,140.0,412,131.79263305664,137.0,434,136.770034790039,140.0,674,134.285095214843,137.5,698,9.60000000000001,0.25
953409_R3605795_SWAN,953409_R3605795_SWAN_0000.nii.gz,953409_R3605795_SWAN.nii.gz,5,141,0.468800038099288,0.468800067901611,1.39996969699859,70.6595764160156,69.0,41.4533538818359,4.0,38.0,106.0,131.0,0,144,207.0,15.5531215667724,138.0,8.87281690736744,154.510864257812,156.0,92,184.8125,186.0,112,198.579544067382,201.0,264,205.387878417968,207.0,330,204.550903320312,207.0,334,208.264083862304,210.0,515,208.714035034179,212.0,577,208.079559326171,211.0,641,208.819671630859,212.0,915,206.091476440429,211.0,951,33.5999999999999,0.25
953409_R3605795_SWAN,953409_R3605795_SWAN_0000.nii.gz,953409_R3605795_SWAN.nii.gz,6,140,0.468800038099288,0.468800067901611,1.39996969699859,35.9714279174804,36.5,29.2462329864501,0.0,0.75,62.25,82.0,0,93,149.0,28.9254550933837,112.5,3.8893078652281,109.0,110.0,84,135.58999633789,137.0,100,138.274368286132,145.0,277,139.575759887695,147.0,297,138.574462890625,149.0,282,144.758041381835,154.0,529,141.225631713867,149.0,554,140.395553588867,147.5,584,141.167556762695,148.0,931,138.915481567382,146.0,911,23.7999999999999,0.25
953409_R3605795_SWAN,953409_R3605795_SWAN_0000.nii.gz,953409_R3605795_SWAN.nii.gz,7,63,0.468800038099288,0.468800067901611,1.39996969699859,35.8571434020996,35.0,24.1416835784912,0.0,18.5,57.5,71.8,0,78,117.0,18.3890171051025,82.0,4.45918340993042,85.368423461914,85.0,57,107.232879638671,110.0,73,114.430053710937,117.0,193,116.152839660644,117.0,229,115.236511230468,116.0,241,118.105262756347,118.0,418,114.743751525878,118.0,480,112.889549255371,117.0,507,113.415702819824,119.0,777,110.577209472656,117.0,816,20.5999999999999,0.25
953409_R3605795_SWAN,953409_R3605795_SWAN_0000.nii.gz,953409_R3605795_SWAN.nii.gz,8,47,0.468800038099288,0.468800067901611,1.39996969699859,19.085105895996,6.0,24.2985248565673,0.0,0.0,35.0,66.4999999999999,0,76,133.0,48.4980201721191,127.0,2.61866359800416,79.0606079101562,87.0,33,113.743591308593,122.0,39,105.227272033691,106.0,154,126.719299316406,138.0,171,126.237503051757,141.0,160,125.541786193847,137.0,347,123.574523925781,143.0,369,123.95767211914,147.0,378,131.762817382812,148.0,683,136.427673339843,151.0,636,27.4,0.25
953409_R3605795_SWAN,953409_R3605795_SWAN_0000.nii.gz,953409_R3605795_SWAN.nii.gz,9,105,0.468800038099288,0.468800067901611,1.39996969699859,48.6857147216796,53.0,32.1370010375976,0.0,20.0,77.0,94.8,0,113,164.0,27.6566181182861,111.0,4.01350590029691,126.138885498046,123.0,72,157.068176269531,156.0,88,160.100799560546,157.5,248,169.452896118164,165.0,276,167.368423461914,168.0,266,167.206893920898,167.0,493,168.992370605468,172.0,524,166.787765502929,172.5,556,167.469970703125,172.0,866,163.989807128906,173.0,883,25.4999999999999,0.25
953409_R3605795_SWAN,953409_R3605795_SWAN_0000.nii.gz,953409_R3605795_SWAN.nii.gz,10,134,0.468800038099288,0.468800067901611,1.39996969699859,22.134328842163,10.0,25.8952522277832,0.0,0.0,39.75,79.35,0,89,148.0,51.8860473632812,138.0,2.65967455631742,83.9156646728515,89.0,83,113.110000610351,119.5,100,119.29044342041,130.0,272,130.272720336914,152.0,264,131.987121582031,153.0,233,136.072525024414,151.0,455,130.516342163085,153.0,459,132.304718017578,154.0,466,139.830810546875,156.0,792,144.43879699707,159.0,768,39.8999999999999,0.25
953409_R3605795_SWAN,953409_R3605795_SWAN_0000.nii.gz,953409_R3605795_SWAN.nii.gz,11,68,0.468800038099288,0.468800067901611,1.39996969699859,56.2941169738769,59.5,22.4545669555664,16.75,41.0,73.25,90.0,9,96,138.5,14.0943212509155,79.0,5.60509432086829,108.288459777832,108.5,52,130.078125,126.0,64,132.183670043945,129.0,196,139.82958984375,137.0,223,140.129470825195,139.0,224,143.009552001953,143.0,419,140.890594482421,139.0,457,141.016906738281,140.0,473,142.883575439453,142.0,773,140.662780761718,140.0,771,17.6999999999999,0.25
953409_R3605795_SWAN,953409_R3605795_SWAN_0000.nii.gz,953409_R3605795_SWAN.nii.gz,12,399,0.468800038099288,0.468800067901611,1.39996969699859,22.711778640747,15.0,25.4920444488525,0.0,0.0,41.0,72.0,0,118,150.0,31.1897945404052,135.0,4.3283388681869,94.4838714599609,95.0,186,127.207550048828,126.0,212,134.179275512695,139.0,502,147.126815795898,152.0,552,148.563568115234,155.0,527,143.220428466796,151.0,803,143.981872558593,152.0,883,142.634826660156,150.0,942,142.342407226562,150.0,1250,145.738937377929,151.0,1310,36.8,0.25
953409_R3605795_SWAN,953409_R3605795_SWAN_0000.nii.gz,953409_R3605795_SWAN.nii.gz,13,252,0.468800038099288,0.468800067901611,1.39996969699859,28.7063484191894,30.0,21.0202350616455,0.0,8.75,42.0,64.4499999999999,0,88,90.0,22.1880798339843,60.0,2.7041546834576,60.8828811645507,61.0,111,77.5669326782226,80.0,127,84.0721130371093,84.5,416,87.7379837036132,91.0,416,84.8320007324218,93.0,375,88.229133605957,93.0,707,82.9955978393554,91.0,681,79.8723373413086,91.0,705,86.438003540039,97.0,1121,82.0101470947265,91.0,1084,18.9,0.25
953409_R3605795_SWAN,953409_R3605795_SWAN_0000.nii.gz,953409_R3605795_SWAN.nii.gz,14,35,0.468800038099288,0.468800067901611,1.39996969699859,45.5428581237793,45.0,14.6255025863647,26.0,34.0,54.5,68.9999999999999,15,79,102.0,17.3333091735839,57.0,3.28846612202984,79.931037902832,78.0,29,95.7567596435546,95.0,37,93.8680572509765,94.0,144,104.726257324218,104.0,179,104.005783081054,103.0,173,99.6220932006836,103.0,344,102.177085876464,104.0,384,102.907264709472,105.0,399,98.5015411376953,103.0,650,100.954612731933,104.0,683,15.4,0.25
953409_R3605795_SWAN,953409_R3605795_SWAN_0000.nii.gz,953409_R3605795_SWAN.nii.gz,15,104,0.468800038099288,0.468800067901611,1.39996969699859,19.7403850555419,9.0,22.528184890747,0.0,0.0,34.25,61.6999999999999,0,78,126.0,34.4084091186523,117.0,3.4003315758233,82.8000030517578,84.5,70,110.511627197265,120.0,86,105.786956787109,118.0,230,118.11636352539,122.0,275,123.483268737792,128.0,269,119.925926208496,129.0,459,128.313201904296,132.0,530,131.276779174804,133.0,560,126.341232299804,131.0,844,123.745002746582,131.0,851,22.1,0.25
953409_R3605795_SWAN,953409_R3605795_SWAN_0000.nii.gz,953409_R3605795_SWAN.nii.gz,16,806,0.468800038099288,0.468800067901611,1.39996969699859,7.32754325866699,0.0,12.2733306884765,0.0,0.0,11.0,35.0,0,54,101.0,15.7812070846557,101.0,6.40001740413148,53.0471000671386,52.0,276,78.8636398315429,80.5,308,87.3244247436523,92.0,786,100.985427856445,102.0,755,103.282012939453,104.0,695,101.541137695312,102.0,1179,102.88468170166,103.0,1136,103.359764099121,103.0,1173,101.947303771972,102.0,1727,102.338592529296,102.0,1648,32.3,0.25
953409_R3605795_SWAN,953409_R3605795_SWAN_0000.nii.gz,953409_R3605795_SWAN.nii.gz,17,125,0.468800038099288,0.468800067901611,1.39996969699859,25.3759994506835,18.0,25.8298015594482,0.0,0.0,41.0,77.0,0,93,149.0,29.6603965759277,131.0,4.4166638050389,91.0,90.0,79,122.35789489746,125.0,95,136.741928100585,142.0,248,143.430038452148,150.0,293,137.524826049804,150.0,282,137.371429443359,151.0,490,132.919769287109,148.0,536,129.718688964843,145.0,583,130.86734008789,145.0,882,128.608596801757,143.0,884,39.4,0.25
953409_R3605795_SWAN,953409_R3605795_SWAN_0000.nii.gz,953409_R3605795_SWAN.nii.gz,18,95,0.468800038099288,0.468800067901611,1.39996969699859,30.6315784454345,32.0,26.0974082946777,0.0,1.0,54.5,68.0,0,81,146.0,30.4249935150146,114.0,3.74691945106714,97.8000030517578,96.0,60,128.666671752929,128.5,72,128.411254882812,137.0,231,140.475997924804,145.0,250,138.772155761718,148.0,237,142.636169433593,150.0,470,142.153213500976,149.0,483,140.699600219726,147.5,506,138.084030151367,146.0,833,141.089126586914,146.0,819,31.1,0.25
953409_R3605795_SWAN,953409_R3605795_SWAN_0000.nii.gz,953409_R3605795_SWAN.nii.gz,19,50,0.468800038099288,0.468800067901611,1.39996969699859,56.2999992370605,59.5,20.2664756774902,22.45,43.0,73.75,86.1,18,91,147.0,20.082799911499,87.5,4.3569621957892,104.431816101074,102.0,44,131.321426391601,131.5,56,132.216369628906,136.0,171,142.707321166992,147.0,205,142.711532592773,148.0,208,143.300521850585,148.0,386,146.566131591796,150.0,431,147.96467590332,151.0,453,150.972305297851,155.0,722,151.03855895996,154.0,752,27.8999999999999,0.75
953409_R3605795_SWAN,953409_R3605795_SWAN_0000.nii.gz,953409_R3605795_SWAN.nii.gz,20,90,0.468800038099288,0.468800067901611,1.39996969699859,15.0777778625488,5.0,20.3782157897949,0.0,0.0,23.5,63.6499999999999,0,82,84.0,17.6048278808593,79.0,4.48740541711809,57.1454544067382,56.0,55,76.5714263916015,82.5,70,74.9274826049804,78.0,262,83.6819763183593,85.0,283,80.9809188842773,83.0,262,84.6744155883789,86.0,516,84.5285186767578,85.0,526,85.5711669921875,85.0,541,89.2128143310546,89.0,874,87.5904006958007,87.5,896,16.5,0.25
953409_R3605795_SWAN,953409_R3605795_SWAN_0000.nii.gz,953409_R3605795_SWAN.nii.gz,21,173,0.468800038099288,0.468800067901611,1.39996969699859,13.2947978973388,3.0,16.4836502075195,0.0,0.0,26.0,46.4,0,63,103.0,14.3161745071411,100.0,6.98510624818931,61.1978034973144,59.0,91,84.9158859252929,88.0,107,94.0430450439453,96.0,302,102.262687683105,103.0,335,101.703468322753,104.0,317,104.119430541992,106.0,561,102.111114501953,104.0,585,99.7815017700195,103.0,627,100.459686279296,103.0,955,98.7174606323242,101.0,945,27.9999999999999,0.25
953409_R3605795_SWAN,953409_R3605795_SWAN_0000.nii.gz,953409_R3605795_SWAN.nii.gz,22,217,0.468800038099288,0.468800067901611,1.39996969699859,10.0046081542968,0.0,14.2024526596069,0.0,0.0,21.0,40.0,0,56,111.0,16.9401416778564,111.0,6.55248356895947,59.7413787841796,60.0,116,89.9852905273437,94.0,136,100.045593261718,106.0,329,112.667518615722,112.0,391,114.265960693359,113.0,376,111.450660705566,112.0,608,113.481369018554,112.0,644,112.922004699707,113.0,718,112.981727600097,113.0,1040,113.061042785644,112.0,1032,33.6,0.25
953409_R3605795_SWAN,953409_R3605795_SWAN_0000.nii.gz,953409_R3605795_SWAN.nii.gz,23,68,0.468800038099288,0.468800067901611,1.39996969699859,20.0,17.0,17.5482521057128,0.0,0.75,36.25,46.3,0,56,98.0,11.5974512100219,81.0,6.98429323246504,68.8431396484375,71.0,51,92.2539672851562,93.0,63,90.7821807861328,95.0,202,100.36521911621,100.0,230,100.022621154785,101.0,221,97.5368194580078,97.0,421,97.7559432983398,98.0,463,98.5156555175781,100.0,479,98.1378860473632,98.0,776,98.3748397827148,98.0,779,17.8,0.25
953409_R3605795_SWAN,953409_R3605795_SWAN_0000.nii.gz,953409_R3605795_SWAN.nii.gz,24,117,0.468800038099288,0.468800067901611,1.39996969699859,8.91452980041503,2.0,11.8094358444213,0.0,0.0,18.0,36.0,0,46,89.0,16.5081176757812,87.0,5.27013447012411,53.2911376953125,51.0,79,78.8210525512695,79.0,95,82.54296875,82.0,256,89.1361999511718,90.0,279,89.9166641235351,91.0,288,89.7342529296875,91.0,508,88.345588684082,91.0,544,90.3953094482421,94.0,554,90.6728897094726,95.0,911,91.1337051391601,95.0,890,24.0,0.25
953409_R3605795_SWAN,953409_R3605795_SWAN_0000.nii.gz,953409_R3605795_SWAN.nii.gz,25,320,0.468800038099288,0.468800067901611,1.39996969699859,5.97499990463256,0.0,9.93884468078613,0.0,0.0,8.0,30.0,0,37,98.0,18.4010181427001,98.0,5.32579225997216,43.2700729370117,43.0,137,70.1225814819336,71.0,155,79.1622772216796,86.0,456,94.9679641723632,98.0,437,98.9685974121093,100.0,414,100.165809631347,101.0,778,103.172088623046,103.0,738,102.616401672363,104.0,756,104.453491210937,105.0,1204,101.10302734375,104.0,1155,36.0,0.75
953409_R3605795_SWAN,953409_R3605795_SWAN_0000.nii.gz,953409_R3605795_SWAN.nii.gz,26,73,0.468800038099288,0.468800067901611,1.39996969699859,79.3698654174804,76.0,36.3297309875488,24.2,50.0,104.0,133.399999999999,11,153,214.0,24.8905239105224,138.0,5.54427863776947,157.934432983398,158.0,61,195.597396850585,197.0,77,203.00975036621,210.0,205,212.803283691406,215.0,244,215.2509765625,216.0,255,212.53775024414,216.0,437,216.961151123046,218.0,489,218.98095703125,221.0,525,217.847518920898,221.0,787,220.107620239257,223.0,827,36.8,0.25
953409_R3605795_SWAN,953409_R3605795_SWAN_0000.nii.gz,953409_R3605795_SWAN.nii.gz,27,124,0.468800038099288,0.468800067901611,1.39996969699859,16.8145160675048,11.0,19.8394222259521,0.0,0.0,28.0,59.5499999999999,0,90,98.0,12.1639766693115,87.0,7.15226626663072,55.5696220397949,55.0,79,79.410530090332,81.0,95,90.5166015625,92.0,271,95.6847152709961,97.0,314,97.6612396240234,99.0,307,101.393257141113,102.0,534,100.347442626953,101.0,567,100.109268188476,102.0,604,102.148391723632,104.0,903,101.596794128417,104.0,935,27.3999999999999,0.25
953409_R3605795_SWAN,953409_R3605795_SWAN_0000.nii.gz,953409_R3605795_SWAN.nii.gz,28,115,0.468800038099288,0.468800067901611,1.39996969699859,13.3826084136962,12.0,13.9599323272705,0.0,0.0,22.0,39.5999999999999,0,47,106.0,10.0800876617431,94.0,9.32531572684204,61.9466667175293,62.0,75,91.0439529418945,92.0,91,99.8811492919921,103.0,244,106.530464172363,107.0,279,106.62897491455,106.0,283,108.254066467285,107.5,492,108.41682434082,108.0,523,108.021507263183,109.0,558,110.22639465332,110.0,879,108.279464721679,111.0,891,29.2,0.25
953409_R3605795_SWAN,953409_R3605795_SWAN_0000.nii.gz,953409_R3605795_SWAN.nii.gz,29,71,0.468800038099288,0.468800067901611,1.39996969699859,13.6478872299194,5.0,16.2238712310791,0.0,0.0,26.5,49.0,0,51,105.0,13.7064733505249,100.0,7.29582274321281,63.9038467407226,66.0,52,91.375,93.5,64,96.5177688598632,100.0,197,106.28318786621,108.0,226,103.726493835449,104.0,234,103.773895263671,106.0,429,100.868995666503,103.0,458,98.4303512573242,102.0,481,97.6808242797851,103.0,777,93.5900802612304,101.0,766,26.5,0.25
953409_R3605795_SWAN,953409_R3605795_SWAN_0000.nii.gz,953409_R3605795_SWAN.nii.gz,30,227,0.468800038099288,0.468800067901611,1.39996969699859,9.51982402801513,0.0,14.1475324630737,0.0,0.0,17.5,41.0,0,52,109.0,13.9620189666748,109.0,7.80689384967648,64.7766952514648,66.0,103,92.4453811645507,96.0,119,94.6068344116211,101.0,351,108.994415283203,110.0,358,109.594032287597,110.0,335,108.995170593261,110.0,621,110.124206542968,111.0,628,109.269233703613,110.0,650,111.515441894531,113.0,1036,110.081298828125,112.0,984,27.4,0.25
953409_R3605795_SWAN,953409_R3605795_SWAN_0000.nii.gz,953409_R3605795_SWAN.nii.gz,31,34,0.468800038099288,0.468800067901611,1.39996969699859,30.2941169738769,29.5,15.7377958297729,2.0,21.0,42.75,54.05,0,57,111.0,20.2932090759277,81.5,4.01612183144937,71.0,73.0,31,94.3333358764648,95.0,39,93.5177307128906,97.0,141,110.976875305175,114.0,173,112.105262756347,114.0,171,104.920120239257,110.0,338,104.608924865722,107.0,381,103.136711120605,107.0,395,96.6894989013671,108.0,657,93.3388519287109,102.0,664,24.9999999999999,0.25
953409_R3605795_SWAN,953409_R3605795_SWAN_0000.nii.gz,953409_R3605795_SWAN.nii.gz,32,35,0.468800038099288,0.468800067901611,1.39996969699859,115.599998474121,113.0,27.2671432495117,74.4,94.0,135.5,162.2,72,168,220.0,25.7268333435058,107.0,4.15908163166959,188.548385620117,188.0,31,224.153839111328,223.0,39,207.236114501953,217.0,144,221.114288330078,222.0,175,218.497116088867,225.0,173,211.572677612304,215.5,344,211.296096801757,218.0,385,215.393936157226,219.0,396,212.165664672851,218.5,664,212.357559204101,217.0,674,19.1999999999999,0.25
957486_R3637163_SWAN,957486_R3637163_SWAN_0000.nii.gz,957486_R3637163_SWAN.nii.gz,1,45,0.468800008296966,0.468800008296966,1.39999890327453,99.4444427490234,107.0,30.9519729614257,54.4,75.0,124.0,148.2,36,160,212.0,29.9379844665527,105.0,3.50725013293089,175.787872314453,173.0,33,203.829269409179,203.0,41,193.318756103515,193.5,160,209.61375427246,211.0,189,206.737426757812,212.0,179,208.943084716796,215.0,369,209.441619873046,219.0,394,205.166259765625,219.0,415,206.740463256835,219.0,682,201.786331176757,216.0,702,20.9,0.25
957486_R3637163_SWAN,957486_R3637163_SWAN_0000.nii.gz,957486_R3637163_SWAN.nii.gz,2,104,0.468800008296966,0.468800008296966,1.39999890327453,21.884614944458,0.0,30.9053497314453,0.0,0.0,46.5,84.4999999999999,0,115,156.0,65.197998046875,156.0,2.39271150454407,103.714286804199,108.0,63,144.066665649414,141.0,75,131.013458251953,116.0,223,138.282257080078,147.5,248,145.119659423828,156.0,234,157.22248840332,185.0,427,146.290618896484,167.0,437,145.139694213867,155.0,451,154.3037109375,172.5,754,146.733703613281,150.0,706,18.7,0.25
957486_R3637163_SWAN,957486_R3637163_SWAN_0000.nii.gz,957486_R3637163_SWAN.nii.gz,3,198,0.468800008296966,0.468800008296966,1.39999890327453,45.3080825805664,46.5,31.2125492095947,0.0,16.0,73.75,91.0,0,105,196.0,35.9962768554687,149.5,4.15320730530738,116.165290832519,117.0,121,150.585708618164,158.0,140,174.668594360351,177.0,347,194.315139770507,201.0,403,194.409545898437,201.5,398,194.485092163085,199.0,637,192.02781677246,193.0,683,188.129959106445,189.0,731,188.207809448242,191.0,1049,185.536682128906,187.0,1077,54.1999999999999,0.75
957486_R3637163_SWAN,957486_R3637163_SWAN_0000.nii.gz,957486_R3637163_SWAN.nii.gz,4,169,0.468800008296966,0.468800008296966,1.39999890327453,41.982250213623,38.0,40.9672203063964,0.0,0.0,75.0,113.399999999999,0,144,162.0,38.6650695800781,124.0,3.20702901473349,129.32258605957,127.0,93,161.266052246093,162.0,109,161.022506713867,160.0,311,166.120132446289,168.0,308,163.210006713867,162.0,300,167.236206054687,159.5,580,163.494842529296,157.0,582,163.347457885742,157.0,590,165.798187255859,159.0,996,167.988220214843,167.5,934,24.1999999999999,0.25
964617_R3600371_SWAN,964617_R3600371_SWAN_0000.nii.gz,964617_R3600371_SWAN.nii.gz,1,156,0.468800008296966,0.468800008296966,0.999999701976776,47.2371788024902,35.5,44.9215965270996,0.0,3.75,83.0,130.75,0,173,213.0,30.146198272705,177.5,5.88797295082848,140.35789489746,147.0,95,177.430374145507,184.0,158,206.105712890625,213.5,350,215.057464599609,216.0,348,204.813018798828,211.0,476,209.204315185546,213.0,602,203.114501953125,209.0,821,203.345458984375,213.0,880,201.111404418945,214.0,1140,199.259201049804,213.0,1169,47.3,0.25
976199_R3560332_SWAN,976199_R3560332_SWAN_0000.nii.gz,976199_R3560332_SWAN.nii.gz,1,87,0.468799978494644,0.468799829483032,1.00000238418579,41.9770126342773,45.0,28.1187858581542,0.0,17.0,63.5,85.7,0,89,146.0,42.4146461486816,101.0,2.38125292018118,107.955223083496,107.0,67,138.891571044921,141.0,83,135.895263671875,149.0,296,135.756195068359,149.0,242,131.476303100585,148.0,422,120.38279724121,126.0,465,123.703170776367,137.0,694,123.930114746093,135.0,601,124.423568725585,144.0,857,124.719131469726,140.0,737,26.8,0.25
976199_R3560332_SWAN,976199_R3560332_SWAN_0000.nii.gz,976199_R3560332_SWAN.nii.gz,2,43,0.468799978494644,0.468799829483032,1.00000238418579,55.139533996582,58.0,19.483543395996,16.2,47.5,66.5,84.0,8,91,126.0,29.0008563995361,68.0,2.34475834310491,98.1860427856445,96.0,43,123.490905761718,129.0,55,122.552993774414,126.0,217,121.142860412597,129.0,182,118.74486541748,127.0,341,116.606300354003,124.0,381,114.139869689941,118.0,622,114.34634399414,118.0,615,112.452117919921,115.0,898,113.240463256835,114.0,865,19.1999999999999,0.25
976199_R3560332_SWAN,976199_R3560332_SWAN_0000.nii.gz,976199_R3560332_SWAN.nii.gz,3,69,0.468799978494644,0.468799829483032,1.00000238418579,67.6811599731445,69.0,31.7241230010986,9.4,53.0,93.0,112.6,3,120,167.0,18.890998840332,98.0,5.18765581578308,135.426223754882,134.0,61,161.480514526367,157.0,77,164.621215820312,161.0,264,169.986953735351,170.0,230,171.090667724609,168.0,386,167.773544311523,166.5,446,166.53515625,168.0,697,163.204055786132,166.0,691,158.655548095703,163.0,990,155.548217773437,162.0,954,22.3999999999999,0.25
976199_R3560332_SWAN,976199_R3560332_SWAN_0000.nii.gz,976199_R3560332_SWAN.nii.gz,4,67,0.468799978494644,0.468799829483032,1.00000238418579,56.7164192199707,66.0,30.1061820983886,6.9,29.5,81.0,96.6999999999999,0,108,154.0,40.8120079040527,88.0,2.15622814263106,116.63793182373,118.5,58,141.013519287109,135.0,74,141.544769287109,144.0,268,152.982604980468,153.0,230,148.031005859375,155.0,387,152.091735839843,159.5,436,153.733612060546,163.0,702,159.309036254882,168.0,686,159.714141845703,172.0,997,163.820755004882,171.0,954,22.5,0.25
976199_R3560332_SWAN,976199_R3560332_SWAN_0000.nii.gz,976199_R3560332_SWAN.nii.gz,5,136,0.468799978494644,0.468799829483032,1.00000238418579,24.8382358551025,20.0,24.114990234375,0.0,0.0,45.0,65.25,0,80,126.0,25.8547935485839,106.0,4.09982001213099,84.8809509277343,77.5,84,112.809997558593,104.0,100,120.165733337402,114.0,356,127.903701782226,121.0,270,132.4228515625,133.0,499,131.259475708007,128.0,501,131.963134765625,130.0,841,132.061599731445,131.0,763,130.787124633789,133.0,1165,130.260543823242,132.0,1044,28.0999999999999,0.25
976199_R3560332_SWAN,976199_R3560332_SWAN_0000.nii.gz,976199_R3560332_SWAN.nii.gz,6,202,0.468799978494644,0.468799829483032,1.00000238418579,49.1237640380859,54.0,31.6823577880859,0.0,24.25,75.0,97.9499999999999,0,114,157.0,20.0900211334228,103.0,5.12692342710598,122.738464355468,121.0,130,154.227584838867,156.0,145,151.365570068359,157.0,517,158.0673828125,160.0,371,152.328811645507,157.0,663,147.863906860351,154.0,654,143.795257568359,152.0,1055,140.355743408203,151.0,967,137.047897338867,147.0,1399,135.131256103515,147.0,1280,23.5999999999999,0.25
976199_R3560332_SWAN,976199_R3560332_SWAN_0000.nii.gz,976199_R3560332_SWAN.nii.gz,7,73,0.468799978494644,0.468799829483032,1.00000238418579,35.287670135498,36.0,24.953369140625,0.0,14.0,52.0,77.9999999999999,0,91,114.0,35.4818000793457,78.0,2.1983101146383,90.016128540039,91.5,62,111.589744567871,119.5,78,112.014762878417,120.0,271,109.5864944458,117.0,237,115.152229309082,114.0,381,108.593551635742,103.0,465,110.886329650878,102.0,695,108.099861145019,100.0,701,109.612701416015,101.0,976,108.631469726562,102.0,947,15.4,0.25
976199_R3560332_SWAN,976199_R3560332_SWAN_0000.nii.gz,976199_R3560332_SWAN.nii.gz,8,83,0.468799978494644,0.468799829483032,1.00000238418579,41.216869354248,42.0,29.305227279663,0.0,17.0,69.0,85.8999999999999,0,95,144.5,41.4179534912109,102.5,2.47477220287455,102.046875,105.5,64,131.274993896484,126.5,80,138.62368774414,137.0,287,147.160491943359,146.0,243,145.450256347656,148.0,402,144.818176269531,147.0,462,148.294113159179,150.0,731,150.37954711914,158.5,714,148.83332824707,160.0,1020,150.015304565429,163.0,980,26.4,0.25
976199_R3560332_SWAN,976199_R3560332_SWAN_0000.nii.gz,976199_R3560332_SWAN.nii.gz,9,187,0.468799978494644,0.468799829483032,1.00000238418579,32.3262023925781,20.0,32.729248046875,0.0,0.0,59.5,91.6999999999999,0,110,159.0,18.0040302276611,139.0,7.72049359184269,106.247703552246,109.0,109,135.317825317382,140.0,129,152.878646850585,156.0,412,160.147232055664,161.0,326,157.332107543945,160.0,545,152.188034057617,158.0,585,144.492767333984,154.0,899,143.912643432617,154.0,870,140.943908691406,152.0,1230,144.729232788085,154.0,1156,34.4,0.25
976199_R3560332_SWAN,976199_R3560332_SWAN_0000.nii.gz,976199_R3560332_SWAN.nii.gz,10,37,0.468799978494644,0.468799829483032,1.00000238418579,61.5945930480957,62.0,18.0696239471435,35.6,51.0,71.0,85.5999999999999,21,108,115.0,19.9616203308105,53.0,2.65509508354865,110.119049072265,108.5,42,128.888885498046,124.0,54,120.635925292968,118.0,206,119.39655303955,118.5,174,115.242515563964,114.0,334,112.137466430664,112.0,371,110.864234924316,110.0,604,112.602645874023,110.5,604,115.653411865234,111.5,880,120.644523620605,117.0,858,4.8,0.25
976199_R3560332_SWAN,976199_R3560332_SWAN_0000.nii.gz,976199_R3560332_SWAN.nii.gz,11,41,0.468799978494644,0.468799829483032,1.00000238418579,59.6097564697265,64.0,22.5776462554931,26.0,47.0,76.0,92.0,10,109,131.0,17.5415897369384,67.0,3.81949418523417,103.699996948242,98.0,40,121.384613037109,123.0,52,127.188941955566,129.0,217,128.978729248046,128.0,188,133.9033203125,135.0,331,130.69920349121,130.0,379,135.159942626953,134.0,619,132.85481262207,135.0,613,134.60757446289,138.0,897,131.16162109375,134.0,860,19.1999999999999,0.25
976199_R3560332_SWAN,976199_R3560332_SWAN_0000.nii.gz,976199_R3560332_SWAN.nii.gz,12,100,0.468799978494644,0.468799829483032,1.00000238418579,41.5499992370605,43.0,31.6326961517334,0.0,13.5,65.0,98.05,0,116,163.0,15.976655960083,120.0,7.51095850720043,118.82608795166,123.0,69,154.823532104492,158.0,85,160.706451416015,159.5,310,168.311279296875,166.0,257,166.361495971679,166.0,426,163.40657043457,161.0,487,163.435363769531,162.0,758,161.245223999023,162.0,734,158.669815063476,161.0,1060,156.322006225585,160.0,1000,26.1,0.25
976199_R3560332_SWAN,976199_R3560332_SWAN_0000.nii.gz,976199_R3560332_SWAN.nii.gz,13,112,0.468799978494644,0.468799829483032,1.00000238418579,41.0357131958007,45.0,34.2657470703125,0.0,2.0,73.25,96.0,0,111,162.0,24.4041576385498,117.0,4.79426504831217,127.599998474121,128.0,75,157.890106201171,160.0,91,158.27586364746,161.0,319,160.003875732421,165.0,258,156.794189453125,162.0,447,153.747482299804,160.0,495,149.205093383789,158.0,785,149.042785644531,158.0,748,141.89012145996,153.0,1083,143.550643920898,155.0,1017,22.3999999999999,0.25
976199_R3560332_SWAN,976199_R3560332_SWAN_0000.nii.gz,976199_R3560332_SWAN.nii.gz,14,40,0.468799978494644,0.468799829483032,1.00000238418579,61.5,62.5,24.100830078125,23.4,47.5,76.0,100.199999999999,10,107,154.0,29.7713031768798,91.5,3.07342945172309,120.707313537597,124.0,41,145.075469970703,154.0,53,142.599060058593,142.5,212,142.065933227539,156.5,182,144.378784179687,159.0,330,137.763778686523,154.0,381,140.57307434082,155.0,609,137.541732788085,152.0,611,137.49380493164,149.0,887,135.212371826171,145.0,857,17.2,0.25
976199_R3560332_SWAN,976199_R3560332_SWAN_0000.nii.gz,976199_R3560332_SWAN.nii.gz,15,105,0.468799978494644,0.468799829483032,1.00000238418579,61.4571418762207,61.0,36.2501945495605,0.0,33.0,94.0,109.0,0,119,162.0,29.0921173095703,101.0,3.4717308102829,133.926834106445,134.5,82,157.009811401367,156.5,102,158.216873168945,158.0,332,163.219863891601,164.5,282,158.287307739257,163.0,449,159.331390380859,164.0,516,155.558227539062,161.5,790,156.80744934082,165.0,779,153.234451293945,160.0,1109,156.316085815429,162.0,1063,18.3,0.25
976199_R3560332_SWAN,976199_R3560332_SWAN_0000.nii.gz,976199_R3560332_SWAN.nii.gz,16,236,0.468799978494644,0.468799829483032,1.00000238418579,17.8686447143554,17.0,16.9866523742675,0.0,0.0,30.25,47.25,0,72,96.0,20.3095607757568,79.0,3.88979362342,67.5140838623046,65.0,142,88.4242401123046,89.0,165,90.0271682739257,92.0,589,95.1302185058593,98.0,407,94.5999984741211,98.0,735,89.46630859375,96.0,742,88.0934524536132,95.0,1145,81.8862762451171,93.0,1064,83.641372680664,95.0,1489,79.4400253295898,93.0,1384,20.3999999999999,0.25
976199_R3560332_SWAN,976199_R3560332_SWAN_0000.nii.gz,976199_R3560332_SWAN.nii.gz,17,67,0.468799978494644,0.468799829483032,1.00000238418579,19.656717300415,10.0,21.8041172027587,0.0,0.0,36.0,63.0,0,71,120.0,32.9036216735839,110.0,3.34309703324577,83.8113174438476,83.0,53,116.261535644531,109.0,65,113.007751464843,109.0,258,134.175872802734,119.0,199,128.176925659179,119.0,390,140.065734863281,132.0,426,136.967651367187,131.0,680,145.848709106445,146.0,661,143.488174438476,142.0,973,151.681564331054,159.0,917,21.5999999999999,0.25
976199_R3560332_SWAN,976199_R3560332_SWAN_0000.nii.gz,976199_R3560332_SWAN.nii.gz,18,110,0.468799978494644,0.468799829483032,1.00000238418579,32.0272712707519,28.0,27.2014236450195,0.0,5.0,55.75,79.55,0,88,126.0,22.7709693908691,98.0,4.30372542854046,94.905403137207,95.0,74,120.666664123535,123.5,90,121.688270568847,127.0,324,125.299613952636,128.0,257,120.688049316406,126.0,452,115.640083312988,122.0,489,115.992347717285,123.0,784,113.138069152832,122.0,746,113.815254211425,122.0,1088,105.536727905273,113.0,1021,20.4999999999999,0.25
976199_R3560332_SWAN,976199_R3560332_SWAN_0000.nii.gz,976199_R3560332_SWAN.nii.gz,19,104,0.468799978494644,0.468799829483032,1.00000238418579,56.894229888916,52.0,29.5100765228271,7.0,39.0,76.25,111.699999999999,4,123,139.0,31.8795700073242,87.0,2.72902049745376,122.49397277832,123.0,83,144.64077758789,145.0,103,137.45832824707,141.0,312,141.218978881835,145.0,274,126.48387145996,133.0,434,136.656661987304,141.0,533,128.141540527343,131.0,756,132.94529724121,136.0,786,126.021865844726,125.5,1052,129.224319458007,134.0,1061,12.4,0.25
976199_R3560332_SWAN,976199_R3560332_SWAN_0000.nii.gz,976199_R3560332_SWAN.nii.gz,20,217,0.468799978494644,0.468799829483032,1.00000238418579,42.1797218322753,44.0,35.1491889953613,0.0,3.0,72.0,95.3999999999999,0,122,168.0,12.381531715393,124.0,10.0149159934582,128.278259277343,130.0,115,156.081481933593,156.0,135,161.666671752929,166.0,453,168.548110961914,169.0,343,169.313552856445,170.0,590,167.185745239257,169.0,603,166.232040405273,168.0,974,161.130187988281,166.0,891,159.285385131835,166.0,1307,154.345932006835,162.0,1191,25.3999999999999,0.25
976199_R3560332_SWAN,976199_R3560332_SWAN_0000.nii.gz,976199_R3560332_SWAN.nii.gz,21,67,0.468799978494644,0.468799829483032,1.00000238418579,66.6567153930664,72.0,39.0684661865234,0.0,38.5,93.5,125.499999999999,0,139,191.0,18.2566719055175,119.0,6.51816500925535,149.076919555664,150.0,65,179.882354736328,185.0,85,186.918518066406,190.0,270,189.153228759765,190.0,248,186.353729248046,191.0,376,188.332641601562,191.0,484,188.456390380859,192.0,688,192.995941162109,194.0,738,191.627212524414,195.0,963,194.16616821289,196.0,1011,24.9999999999999,0.25
976199_R3560332_SWAN,976199_R3560332_SWAN_0000.nii.gz,976199_R3560332_SWAN.nii.gz,22,169,0.468799978494644,0.468799829483032,1.00000238418579,16.1183433532714,8.0,17.6191864013671,0.0,0.0,33.0,47.0,0,55,93.0,19.0895252227783,85.0,4.45270372144064,61.1523818969726,61.0,105,82.1760025024414,85.0,125,89.7127914428711,92.0,383,90.0483856201171,93.0,310,92.653694152832,95.0,514,87.9025192260742,93.0,595,91.5005722045898,96.0,875,91.6537551879882,95.0,852,95.1741333007812,98.0,1183,96.3184204101562,98.0,1140,20.6,0.25
976199_R3560332_SWAN,976199_R3560332_SWAN_0000.nii.gz,976199_R3560332_SWAN.nii.gz,23,80,0.468799978494644,0.468799829483032,1.00000238418579,88.4000015258789,93.5,46.9961700439453,1.9,58.25,125.0,154.05,0,174,198.0,28.6438159942626,104.5,3.64825692292295,188.343276977539,189.0,67,207.638549804687,204.0,83,198.952224731445,203.0,293,192.279159545898,200.0,240,195.625595092773,201.0,422,185.7353515625,195.0,461,190.300949096679,198.0,741,184.78660583496,194.0,717,190.869476318359,195.0,1042,185.973739624023,191.0,990,6.4,0.25
976199_R3560332_SWAN,976199_R3560332_SWAN_0000.nii.gz,976199_R3560332_SWAN.nii.gz,24,25,0.468799978494644,0.468799829483032,1.00000238418579,79.8000030517578,89.0,26.8879165649414,29.6,79.0,100.0,110.799999999999,20,113,174.0,23.8064785003662,85.0,3.57045667206481,131.166671752929,133.0,30,158.33332824707,161.0,42,172.054946899414,174.0,182,174.111114501953,177.0,171,169.816543579101,171.0,278,170.070816040039,174.0,353,163.201782226562,169.5,560,163.079177856445,169.0,581,155.667495727539,166.0,803,152.892028808593,162.0,815,28.9999999999999,0.25
976199_R3560332_SWAN,976199_R3560332_SWAN_0000.nii.gz,976199_R3560332_SWAN.nii.gz,25,47,0.468799978494644,0.468799829483032,1.00000238418579,5.44680833816528,1.0,7.84642076492309,0.0,0.0,7.5,20.6999999999999,0,27,64.0,16.2047100067138,63.0,3.88775855747483,32.6944427490234,32.0,36,49.0454559326171,53.0,44,50.8008651733398,54.0,231,60.8109741210937,65.0,164,62.8319778442382,66.0,369,62.4657516479492,67.0,365,64.5241088867187,67.0,643,63.4958114624023,67.0,597,65.8696136474609,68.0,928,65.6887588500976,68.0,845,20.0,0.75
976199_R3560332_SWAN,976199_R3560332_SWAN_0000.nii.gz,976199_R3560332_SWAN.nii.gz,26,252,0.468799978494644,0.468799829483032,1.00000238418579,36.1507949829101,32.0,35.1242866516113,0.0,0.0,60.5,99.3499999999999,0,136,196.0,55.0729789733886,164.0,2.97786687876907,125.455284118652,124.0,123,164.111892700195,168.0,143,177.207901000976,186.0,481,180.094802856445,199.0,327,185.441696166992,201.0,566,166.851272583007,195.0,511,171.167694091796,194.0,811,165.51626586914,183.0,707,172.6689453125,188.0,1027,172.961196899414,191.0,902,48.6,0.25
976199_R3560332_SWAN,976199_R3560332_SWAN_0000.nii.gz,976199_R3560332_SWAN.nii.gz,27,88,0.468799978494644,0.468799829483032,1.00000238418579,107.204544067382,115.0,45.259895324707,27.85,76.5,143.5,170.0,2,180,203.0,14.5200443267822,88.0,6.06058755879167,176.960525512695,179.5,76,200.20832824707,203.0,96,204.638442993164,206.0,307,199.378677368164,202.0,272,200.385345458984,203.0,423,195.785568237304,199.0,499,196.773391723632,199.0,759,195.879791259765,198.0,757,195.748138427734,197.0,1072,194.916015625,197.0,1036,14.0999999999999,0.25
976199_R3560332_SWAN,976199_R3560332_SWAN_0000.nii.gz,976199_R3560332_SWAN.nii.gz,28,47,0.468799978494644,0.468799829483032,1.00000238418579,105.340423583984,107.0,23.6213722229003,64.9,89.5,123.0,139.7,55,145,169.0,29.9833183288574,62.0,2.0678164878211,153.607849121093,153.0,51,170.44775390625,170.0,67,168.165939331054,170.0,229,160.711624145507,170.0,215,161.855026245117,169.0,338,154.936325073242,166.0,424,159.961059570312,167.0,642,161.735031127929,169.0,668,164.65054321289,172.0,910,167.87173461914,174.0,920,10.2,0.25
976199_R3560332_SWAN,976199_R3560332_SWAN_0000.nii.gz,976199_R3560332_SWAN.nii.gz,29,57,0.468799978494644,0.468799829483032,1.00000238418579,66.6666641235351,70.0,25.5303974151611,20.2,44.0,86.0,104.399999999999,15,113,156.0,16.6775875091552,86.0,5.15662112117773,130.877548217773,133.0,49,153.114761352539,155.0,61,147.75,153.0,248,153.979385375976,157.0,194,152.240112304687,156.0,379,154.291137695312,158.0,395,152.140716552734,157.0,668,155.81932067871,161.0,642,151.793716430664,159.0,955,157.794708251953,163.0,906,13.9999999999999,0.25
976199_R3560332_SWAN,976199_R3560332_SWAN_0000.nii.gz,976199_R3560332_SWAN.nii.gz,30,41,0.468799978494644,0.468799829483032,1.00000238418579,86.8780517578125,88.0,40.2420692443847,29.0,53.0,112.0,152.0,25,155,232.0,26.043586730957,144.0,5.52919233005769,182.153839111328,187.0,39,219.431365966796,233.0,51,222.968032836914,230.0,219,229.923919677734,234.0,184,231.635543823242,236.0,332,220.715042114257,227.0,379,225.328460693359,232.0,615,216.887435913085,224.0,613,210.603607177734,224.0,888,195.874252319335,215.0,843,27.5999999999999,0.25
976199_R3560332_SWAN,976199_R3560332_SWAN_0000.nii.gz,976199_R3560332_SWAN.nii.gz,31,74,0.468799978494644,0.468799829483032,1.00000238418579,75.6756744384765,71.5,35.9199981689453,17.95,48.25,107.75,127.35,4,144,194.0,23.9425640106201,122.5,5.11641108887348,161.537033081054,163.0,54,192.545455932617,190.5,66,185.257247924804,190.0,276,191.644226074218,196.0,208,192.060974121093,196.0,410,191.494033813476,193.0,419,194.797760009765,198.0,712,197.255981445312,198.0,668,193.82241821289,196.0,1008,195.237686157226,198.0,934,19.6999999999999,0.25
976199_R3560332_SWAN,976199_R3560332_SWAN_0000.nii.gz,976199_R3560332_SWAN.nii.gz,32,61,0.468799978494644,0.468799829483032,1.00000238418579,66.1311492919921,69.0,31.2538394927978,12.0,41.0,90.0,120.0,7,124,189.0,24.7586021423339,120.0,4.84680028824469,153.50942993164,154.0,53,187.415390014648,192.0,65,177.003997802734,184.0,250,184.91145324707,192.0,192,183.076339721679,190.0,393,182.268661499023,189.5,402,183.390029907226,188.0,682,184.391311645507,188.0,644,183.854782104492,188.0,971,183.379119873046,188.0,910,21.2,0.25
979125_R3672970_SWAN,979125_R3672970_SWAN_0000.nii.gz,979125_R3672970_SWAN.nii.gz,1,320,0.468800008296966,0.468800008296966,1.00001776218414,47.7062492370605,45.0,40.75093460083,0.0,3.75,83.25,115.05,0,153,216.0,22.7150821685791,171.0,7.52803792347877,148.707687377929,147.0,130,195.720001220703,201.0,150,204.48306274414,209.0,561,219.077316284179,219.0,388,215.785614013671,219.0,681,215.658325195312,215.0,679,211.911849975585,214.0,1089,213.121643066406,217.0,970,209.554260253906,213.0,1456,209.486694335937,217.0,1278,44.8,0.25
985918_R3670890_SWAN,985918_R3670890_SWAN_0000.nii.gz,985918_R3670890_SWAN.nii.gz,1,144,0.468801170587539,0.468799918889999,1.4000060558319,99.8958358764648,99.5,54.0535659790039,7.15,60.75,147.0,182.85,0,197,216.0,11.5829887390136,116.5,10.0578531694161,192.904251098632,194.5,94,216.745620727539,218.0,114,217.30271911621,219.0,294,216.11897277832,217.0,311,213.629623413085,215.0,324,215.805755615234,216.0,556,212.388885498046,215.0,594,210.663391113281,213.0,612,207.467010498046,211.0,970,206.451034545898,211.0,960,13.7,0.25
988318_R3657239_SWAN,988318_R3657239_SWAN_0000.nii.gz,988318_R3657239_SWAN.nii.gz,1,112,0.468800008296966,0.468800008296966,1.00000143051147,49.6428565979003,50.0,35.9011192321777,0.0,16.75,80.0,109.349999999999,0,130,177.0,36.2667922973632,127.0,3.50182610468236,135.844161987304,133.0,77,171.430114746093,172.0,93,165.387390136718,166.0,333,180.902725219726,178.0,257,177.997863769531,176.5,468,187.20849609375,185.0,494,184.622985839843,184.0,809,189.245376586914,187.0,758,186.97280883789,185.0,1103,191.159576416015,195.0,1034,25.8,0.25
988318_R3657239_SWAN,988318_R3657239_SWAN_0000.nii.gz,988318_R3657239_SWAN.nii.gz,2,43,0.468800008296966,0.468800008296966,1.00000143051147,47.279067993164,48.0,21.1564769744873,10.7,30.0,64.5,81.6999999999999,3,86,139.0,30.1764640808105,91.0,3.01559519221033,101.390243530273,100.0,41,129.396224975585,127.0,53,131.457946777343,129.5,214,141.807479858398,136.0,187,147.885879516601,140.0,333,150.736846923828,146.0,380,163.863128662109,160.0,621,168.426010131835,167.0,615,174.298538208007,175.0,891,178.851501464843,186.0,862,22.0999999999999,0.25
988318_R3657239_SWAN,988318_R3657239_SWAN_0000.nii.gz,988318_R3657239_SWAN.nii.gz,3,229,0.468800008296966,0.468800008296966,1.00000143051147,67.7074203491211,69.0,50.6473121643066,0.0,15.0,113.0,145.6,0,160,226.0,24.0448894500732,157.0,6.52945401666306,174.335617065429,172.0,146,208.775283813476,208.5,178,217.53921508789,217.0,510,220.468536376953,222.0,429,223.296234130859,229.0,611,222.278289794921,228.0,751,225.209213256835,229.0,999,223.734710693359,228.0,1063,223.699844360351,227.0,1336,223.152084350585,227.0,1394,31.7,0.25
988318_R3657239_SWAN,988318_R3657239_SWAN_0000.nii.gz,988318_R3657239_SWAN.nii.gz,4,87,0.468800008296966,0.468800008296966,1.00000143051147,104.436782836914,119.0,49.6166191101074,14.5,63.5,142.5,166.0,4,181,237.0,14.8050327301025,118.0,7.97026269047516,198.261535644531,195.0,65,229.790130615234,232.0,81,234.111114501953,236.0,288,236.317077636718,237.0,246,235.185821533203,237.0,409,230.604293823242,236.0,465,228.418472290039,235.0,736,226.988815307617,235.0,715,226.330749511718,232.0,1031,225.13980102539,232.0,980,26.0,0.25
