mask_file,case_id,component_id,voxel_count,voxel_volume_mm3,volume_mm3,equivalent_diameter_mm,spacing_x_mm,spacing_y_mm,spacing_z_mm,bbox_x_mm,bbox_y_mm,bbox_z_mm,axis_major_mm,axis_intermediate_mm,axis_minor_mm,elongation_major_minor,elongation_major_intermediate,elongation_intermediate_minor,major_vec_x,major_vec_y,major_vec_z,intermediate_vec_x,intermediate_vec_y,intermediate_vec_z,minor_vec_x,minor_vec_y,minor_vec_z,major_align_z_abs,major_angle_to_z_deg,major_angle_xy_deg,shape_class,shape_subtype,center_i,center_j,center_k,center_x_mm,center_y_mm,center_z_mm
101850_R3654600_SWAN.nii.gz,101850_R3654600_SWAN,1,125,0.219776302576065,27.4720378220081,3.7436687810178,0.468800008296966,0.468800008296966,1.00001299381256,3.28160005807876,4.21920007467269,3.00003898143768,3.90562034004265,3.44942844768913,3.13489119343957,1.24585515063999,1.13225144375994,1.10033434490734,-0.385818412827927,0.922370023206459,-0.0194343153482394,-0.055345817018213,-0.0441677061002134,-0.997489876778923,0.920913129921343,0.383774353009631,-0.0680900367933043,0.0194343153482394,88.8864256471821,112.699084024622,spherical,near_spherical,191.216,177.064,91.056,31.3873891540318,60.7256453852653,40.158541356489
101850_R3654600_SWAN.nii.gz,101850_R3654600_SWAN,2,199,0.219776302576065,43.7354842126369,4.37131166932507,0.468800008296966,0.468800008296966,1.00001299381256,4.68800008296966,4.21920007467269,4.00005197525024,4.50749117219569,3.90329586529045,3.62278865342289,1.24420483870537,1.15479106062083,1.07742853329369,-0.899684140366673,-0.0900437908048452,-0.427154027617875,-0.418721945281588,-0.0987147666736913,0.902733253724576,0.123451934420979,-0.991033556736628,-0.0511087987499834,0.427154027617875,64.7129173017701,-174.284654111048,spherical,near_spherical,238.095477386934,289.608040201005,54.8090452261306,5.64642451356759,5.03085436645764,11.5919939794404
10186200_R3539548_SWAN.nii.gz,10186200_R3539548_SWAN,1,59,0.219780296087265,12.9670374691486,2.91483548409395,0.468800008296966,0.468798995018005,1.00003325939178,2.34400004148483,2.81279397010803,3.00009977817535,3.01865452786876,2.78875498617353,2.0944513953682,1.44126263065564,1.08243805670812,1.33149663551073,-0.0434280247112938,-0.204869469393675,0.977825397082745,-0.30370781078898,0.935135497994025,0.182436745359124,0.951774958871812,0.289050343196162,0.102831545562345,0.977825397082745,12.0884707593477,-101.96833476314,mildly_oval,oblate_like,220.271186440677,141.254237288135,98.0169491525423,16.0338630393399,115.31196469018,3.67426680432537
10186200_R3539548_SWAN.nii.gz,10186200_R3539548_SWAN,2,48,0.219780296087265,10.5494542121887,2.72109553518653,0.468800008296966,0.468798995018005,1.00003325939178,1.87520003318786,2.34399497509002,3.00009977817535,3.24314402971673,2.32837616780183,1.94826723024139,1.66462997445935,1.39287803859396,1.19510102703587,0.104066824253568,-0.382807993737598,0.9179477850185,0.210146947184604,0.91058447589722,0.355913153513572,0.972115402963438,-0.155865173100277,-0.175207565863043,0.9179477850185,23.3721175871613,-74.7916102488703,mildly_oval,prolate_like,243.333333333333,156.979166666666,50.0416666666666,5.2223283847173,116.339974033335,-44.8547753174789
10186200_R3539548_SWAN.nii.gz,10186200_R3539548_SWAN,3,77,0.219780296087265,16.9230827987194,3.18537293479034,0.468800008296966,0.468798995018005,1.00003325939178,2.81280004978179,3.28159296512603,4.00013303756713,4.09794811657736,2.74168912751525,2.0919210053915,1.95894018273908,1.49468007712868,1.31060834536729,4.02019318399313e-06,-0.335507432996376,0.942037558905174,-0.0929705893616143,0.937957332580062,0.33405465387126,0.99566885534177,0.087583130016433,0.0311885530112001,0.942037558905174,19.6033976307902,-89.9993134575285,stretched_oval,general_ellipsoid,244.532467532467,189.077922077922,94.4025974025974,4.66017426221401,93.8538875537259,-3.75931063284734
10186200_R3539548_SWAN.nii.gz,10186200_R3539548_SWAN,4,25,0.219780296087265,5.49450740218162,2.18932404476698,0.468800008296966,0.468798995018005,1.00003325939178,1.87520003318786,1.87519598007202,3.00009977817535,2.72044318729355,1.80709270058201,1.60820438663763,1.69160288946938,1.50542536440846,1.12367104305703,-0.193938225330104,0.0300952453873466,0.98055200828966,0.319037089613568,0.947131043714427,0.0340311839835833,0.927687070194854,-0.319432406367131,0.19328641327261,0.98055200828966,11.3183046627917,171.179221518414,mildly_oval,prolate_like,253.84,368.28,40.24,0.296802964210513,20.4654655838012,-71.6235899052023
10186200_R3539548_SWAN.nii.gz,10186200_R3539548_SWAN,5,46,0.219780296087265,10.1098936200141,2.68276514025554,0.468800008296966,0.468798995018005,1.00003325939178,2.81280004978179,2.34399497509002,2.00006651878356,2.63871960396757,2.48428435193387,2.00210990945453,1.31796940393071,1.06216488539787,1.24083315316625,-0.934107675005194,-0.318447461467794,-0.161350753890732,0.326558321664154,-0.944824737152716,-0.0258046239304376,-0.144230766649425,-0.0767947286538481,0.98655970706425,0.161350753890732,80.7146925013479,-161.175198588781,mildly_oval,oblate_like,287.804347826086,281.95652173913,41.5217391304347,-15.62568357846,60.1038134862547,-63.3693492312146
10186200_R3539548_SWAN.nii.gz,10186200_R3539548_SWAN,6,65,0.219780296087265,14.2857192456722,3.0104713338959,0.468800008296966,0.468798995018005,1.00003325939178,2.34400004148483,2.81279397010803,3.00009977817535,3.17487469291121,2.6916472551659,2.34509230022935,1.35383783938939,1.17952851615971,1.14777881233189,0.0237457439842542,-0.106226769029172,0.994058355019592,-0.307206083518229,0.945452341340417,0.10837108702654,0.951346709613285,0.30795412612197,0.0101830404314642,0.994058355019592,6.24893848567922,-77.3993589415062,mildly_oval,general_ellipsoid,295.16923076923,381.830769230769,82.1076923076923,-19.0783407633121,6.97467001080513,-31.4816659091757
10186200_R3539548_SWAN.nii.gz,10186200_R3539548_SWAN,7,121,0.219780296087265,26.593415826559,3.70332506041593,0.468800008296966,0.468798995018005,1.00003325939178,2.34400004148483,4.21919095516204,6.0001995563507,6.21173608638692,2.95742554429229,2.18987529457476,2.83657069504186,2.10038629657991,1.35049952461634,-0.019777176580138,0.313463745787308,0.949394198088185,-0.100682748537005,0.944128398653353,-0.31382248326608,0.994721995048642,0.101794139974975,-0.0128881974380812,0.949394198088185,18.3057068778011,93.6101424449115,elongated,general_ellipsoid,300.066115702479,208.95867768595,74.198347107438,-21.3740004606483,88.1647756823823,-25.2706274190717
10186200_R3539548_SWAN.nii.gz,10186200_R3539548_SWAN,8,64,0.219780296087265,14.0659389495849,2.99495316482597,0.468800008296966,0.468798995018005,1.00003325939178,2.81280004978179,2.81279397010803,3.00009977817535,3.09439399931395,2.6783158557561,2.33740175587163,1.32386056078752,1.1553506628666,1.14585173431485,-0.705349625810066,0.685735544226941,0.179579143425342,0.704724181535867,0.651034728489948,0.281988670443727,-0.0764573955101856,-0.325454368051498,0.942461522285127,0.179579143425342,79.6547529330284,135.807807928653,mildly_oval,general_ellipsoid,300.6875,217.609375,73.4375,-21.6653054244816,84.3017788575962,-26.7207175580551
10186200_R3539548_SWAN.nii.gz,10186200_R3539548_SWAN,9,18,0.219780296087265,3.95604532957077,1.96224943319409,0.468800008296966,0.468798995018005,1.00003325939178,1.87520003318786,2.34399497509002,2.00006651878356,2.07053185984945,1.83822104749396,1.55217867993133,1.33395200347748,1.12637806137199,1.18428443275311,-0.258732864466264,0.946164156414663,-0.194501141285105,-0.228427963859572,-0.255578369559218,-0.939414904257123,0.938550994976858,0.198628009428627,-0.282256875378386,0.194501141285105,78.7844168650721,105.293894973344,mildly_oval,general_ellipsoid,318.166666666666,343.888888888888,10.2777777777777,-29.859538902839,36.9047998703188,-99.1606777467661
10186200_R3539548_SWAN.nii.gz,10186200_R3539548_SWAN,10,64,0.219780296087265,14.0659389495849,2.99495316482597,0.468800008296966,0.468798995018005,1.00003325939178,2.34400004148483,2.81279397010803,3.00009977817535,3.13703123729961,2.7750807818728,2.23599169269842,1.40297088202228,1.13042879969156,1.24109619500589,0.0855269435200596,-0.182483485890624,0.979481964769807,-0.122665613987827,0.973676432393207,0.192112863044162,0.988755929983282,0.136579582585546,-0.0608911204006945,0.979481964769807,11.6265509061423,-64.8883032294409,mildly_oval,oblate_like,332.71875,156.390625,59.921875,-36.6815556902438,114.904668522533,-35.0751519264886
10186200_R3539548_SWAN.nii.gz,10186200_R3539548_SWAN,11,192,0.219780296087265,42.1978168487548,4.31946991506107,0.468800008296966,0.468798995018005,1.00003325939178,4.21920007467269,3.75039196014404,5.00016629695892,4.36482538618687,3.81634025763546,3.54594537340187,1.23093418723464,1.14372018518371,1.07625466716487,0.0580369375437891,-0.234250062237551,0.970442487848837,-0.227341247803104,0.943438831120991,0.241327845431032,0.972084189218128,0.234627535201561,-0.00149959907111473,0.970442487848837,13.9651992058159,-76.0848107306488,spherical,near_spherical,341.130208333333,380.40625,60.4270833333333,-40.6248474267,11.3783324810986,-52.7215765822523
10186200_R3539548_SWAN.nii.gz,10186200_R3539548_SWAN,12,85,0.219780296087265,18.6813251674175,3.29207473545772,0.468800008296966,0.468798995018005,1.00003325939178,2.81280004978179,2.81279397010803,4.00013303756713,3.8558084938947,2.77727690009521,2.44312028359346,1.57823113327166,1.38834139792201,1.13677452507997,0.0155681340216872,0.0670941760488471,0.997625182492607,-0.582512712753814,0.811547683977246,-0.0454895164995013,0.812672487957648,0.580421164475842,-0.0517174936093436,0.997625182492607,3.94946924400691,76.9365971486984,mildly_oval,prolate_like,341.270588235294,389.670588235294,81.635294117647,-40.690657525904,3.43625855340676,-32.5819585879059
10186200_R3539548_SWAN.nii.gz,10186200_R3539548_SWAN,13,89,0.219780296087265,19.5604463517665,3.34292561354054,0.468800008296966,0.468798995018005,1.00003325939178,2.81280004978179,3.28159296512603,4.00013303756713,3.45156085864373,2.94346549546667,2.6805648334354,1.28762446466188,1.17261808027292,1.09807659145268,0.25422317837981,0.16602583049353,0.952788538545358,0.0877802974198072,0.977128108295055,-0.193688614442397,0.963153775343977,-0.132876196471223,-0.233834816594928,0.952788538545358,17.6760400418344,33.147395605537,spherical,near_spherical,354.191011235955,366.359550561797,56.8988764044943,-46.7477519358141,18.4739754400896,-55.0591357991601
10186200_R3539548_SWAN.nii.gz,10186200_R3539548_SWAN,14,34,0.219780296087265,7.47253006696701,2.42562140426089,0.468800008296966,0.468798995018005,1.00003325939178,2.34400004148483,2.34399497509002,3.00009977817535,2.70472181221876,2.04194258124088,1.93377337627017,1.39867569044495,1.32458269741116,1.05593685707853,-0.0199138057426134,-0.232140481047882,0.972478399451475,-0.500398952565185,0.844392238219786,0.191318154668723,0.865565900791217,0.482817299910677,0.132977916566818,0.972478399451475,13.4733495714943,-94.9030249764099,mildly_oval,prolate_like,359.235294117647,351.588235294117,44.7058823529411,-49.1125117926036,27.4012776297681,-65.8727760827716
10186200_R3539548_SWAN.nii.gz,10186200_R3539548_SWAN,15,67,0.219780296087265,14.7252798378467,3.04103658438068,0.468800008296966,0.468798995018005,1.00003325939178,2.34400004148483,2.81279397010803,3.00009977817535,3.19881920057906,2.71578521061598,2.40740848869604,1.32873968651314,1.1778616320889,1.12809488849437,0.202148931472633,-0.602883473706829,0.771794873418876,-0.0537988726887779,0.780038753874889,0.623414167107812,0.977876009932695,0.167544201882659,-0.125249549354931,0.771794873418876,39.484658356839,-71.4635179118015,mildly_oval,general_ellipsoid,361.10447761194,371.164179104477,84.2089552238806,-49.9887850302369,11.5369119813193,-28.5479966513256
10186200_R3539548_SWAN.nii.gz,10186200_R3539548_SWAN,16,30,0.219780296087265,6.59340888261795,2.32650395688916,0.468800008296966,0.468798995018005,1.00003325939178,1.87520003318786,1.87519598007202,3.00009977817535,2.43749776479696,1.95435691584421,1.9389446235563,1.25712603402063,1.24721218782294,1.00794880477795,0.0,-0.328261879470604,0.944586755404937,1.0,0.0,0.0,0.0,0.944586755404936,0.328261879470604,0.944586755404937,19.1633125597968,-90.0,spherical,near_spherical,372.5,209.533333333333,69.6666666666666,-55.3310060203075,88.6823950866858,-29.7808534835775
10186200_R3539548_SWAN.nii.gz,10186200_R3539548_SWAN,17,45,0.219780296087265,9.89011332392692,2.66318221480771,0.468800008296966,0.468798995018005,1.00003325939178,2.34400004148483,2.81279397010803,3.00009977817535,3.07153199718329,2.28030984452614,1.99753947970802,1.53765771759978,1.34698010647827,1.14155933721993,-0.231872025989606,0.492819647617712,-0.838668086006274,-0.059411601172074,-0.86773048946135,-0.493471437172746,0.970930288542718,0.0645956080636962,-0.230481630958382,0.838668086006274,33.000261097957,115.197020916339,mildly_oval,prolate_like,393.688888888888,197.533333333333,53.2222222222222,-65.2643573072221,97.0645936720901,-45.0066121983859
10186200_R3539548_SWAN.nii.gz,10186200_R3539548_SWAN,18,38,0.219780296087265,8.35165125131607,2.51723972116491,0.468800008296966,0.468798995018005,1.00003325939178,2.34400004148483,2.34399497509002,2.00006651878356,2.45244431024338,2.35532228996941,1.93421605784322,1.26792676562618,1.04123512976868,1.21771416405039,-0.865535587508918,-0.4064269142049,-0.292686368260419,-0.492458653022001,0.797107558920484,0.349433848640316,-0.0912831957117386,-0.446583366149825,0.890073410039275,0.292686368260419,72.9811463868448,-154.846801076433,spherical,near_spherical,411.052631578947,174.28947368421,69.6052631578947,-73.4044800243879,104.966830106942,-26.9867738867668
10414774_R3634534_SWAN.nii.gz,10414774_R3634534_SWAN,1,161,0.219777792692184,35.3842246234416,4.07321205416798,0.468800008296966,0.468800008296966,1.00001978874206,3.28160005807876,3.75040006637573,5.00009894371032,4.5395545490297,3.34851631436536,3.26648764134225,1.38973571844414,1.35569133396624,1.02511219451281,-0.142630078615359,0.313366034136789,-0.938860154295386,0.908107456481819,-0.335871135621498,-0.250062847577254,0.393697229043203,0.888252390318036,0.23666470572943,0.938860154295386,20.1389930990986,114.472886458464,mildly_oval,prolate_like,234.91304347826,217.788819875776,98.5217391304347,9.31341072204898,41.1299789294091,40.9228411089991
10414774_R3634534_SWAN.nii.gz,10414774_R3634534_SWAN,2,179,0.219777792692184,39.340224891901,4.21967891072982,0.468800008296966,0.468800008296966,1.00001978874206,3.75040006637573,4.21920007467269,4.00007915496826,4.41338996608598,3.70031917756221,3.50814261610424,1.2580417756753,1.19270521117411,1.05478014507613,-0.294248470554881,0.275972848777324,0.915017390170176,-0.373634138188263,0.847991422762011,-0.375909666944564,0.879667760212017,0.452492578568741,0.146407301675103,0.915017390170176,23.7918031957195,136.835704219829,spherical,near_spherical,279.184357541899,253.061452513966,46.7486033519553,-12.6166760675068,30.5362954887681,-11.9126250655538
10414774_R3634534_SWAN.nii.gz,10414774_R3634534_SWAN,3,89,0.219777792692184,19.5602235496044,3.34291292102373,0.468800008296966,0.468800008296966,1.00001978874206,2.81280004978179,3.28160005807876,3.00005936622619,3.19435670989126,3.13740587888413,2.70461357069339,1.18107693627829,1.01815220382878,1.16002001649344,0.277765869468575,-0.383183954985374,0.880917804565291,-0.221831857696352,0.866634426892712,0.446917662478588,0.934685374160391,0.319554106163739,-0.155719056523413,0.880917804565291,28.246723417961,-54.0620535393995,spherical,near_spherical,279.483146067415,290.988764044943,74.9101123595505,-14.743180635516,10.877909994862,14.8882587049176
10414774_R3634534_SWAN.nii.gz,10414774_R3634534_SWAN,4,344,0.219777792692184,75.6035606861114,5.24623663516133,0.468800008296966,0.468800008296966,1.00001978874206,4.21920007467269,4.68800008296966,8.00015830993652,6.4741332612732,4.37393281440588,3.72428412581295,1.73835643107922,1.48016294167805,1.17443585576358,-0.0272595520821241,-0.0344846175088155,0.999033396826928,0.211424826748662,0.976596613692341,0.0394790673515658,0.977014052843959,-0.212296644532885,0.0193306819718772,0.999033396826928,2.51939769224279,-128.325820336318,mildly_oval,prolate_like,294.69476744186,305.665697674418,74.3255813953488,-22.5237104106196,4.80895558295252,13.8071056185648
10414774_R3634534_SWAN.nii.gz,10414774_R3634534_SWAN,5,73,0.219777792692184,16.0437788665294,3.12921940711479,0.468800008296966,0.468800008296966,1.00001978874206,2.81280004978179,2.81280004978179,3.00005936622619,3.14412002912083,2.80673198095203,2.51224626961102,1.25151744363327,1.12020672100453,1.11722008104985,0.00312296980251267,0.0449828110019106,0.998982879620055,-0.479643598278312,0.876641292575092,-0.037974501746629,0.877457842685474,0.479037149777173,-0.0243134416139773,0.998982879620055,2.58440531830465,86.0285644404984,spherical,near_spherical,356.397260273972,232.684931506849,30.0958904109589,-47.5521428243206,44.8529005571689,-27.8303730189441
10414774_R3634534_SWAN.nii.gz,10414774_R3634534_SWAN,6,54,0.219777792692184,11.8680008053779,2.83004265663139,0.468800008296966,0.468800008296966,1.00001978874206,2.34400004148483,2.81280004978179,3.00005936622619,3.24171134185563,2.69161770932697,1.8631922084314,1.73986952456439,1.20437286863675,1.44462696717319,-0.130849831076486,0.557264595006169,-0.819960055648971,-0.0325312686558457,-0.829039102368928,-0.558243569871577,0.990868325392882,0.0463717359598515,-0.126608150753312,0.819960055648971,34.9192046300224,103.214091191181,mildly_oval,general_ellipsoid,372.814814814814,196.5,75.074074074074,-53.8366408465878,59.2197720706462,18.258802830716
10425126_R3623203_SWAN.nii.gz,10425126_R3623203_SWAN,1,205,0.307682633399963,63.0749398469924,4.93877689321423,0.468800008296966,0.468800008296966,1.39999914169311,3.75040006637573,4.21920007467269,6.99999570846557,7.75589447006671,3.60175869252779,3.35763083357462,2.30993067865342,2.15336315732563,1.07270836820772,-0.117483490462958,0.129822275659224,-0.984552591897101,-0.144543561265164,-0.983095816573188,-0.11238226876638,0.982499256165328,-0.129107676684834,-0.134262502045882,0.984552591897101,10.0838433584082,132.143719732592,stretched_oval,prolate_like,297.975609756097,271.331707317073,29.2390243902439,-16.535268630837,18.654003001068,-18.226546926224
10849060_R3569815_SWAN.nii.gz,10849060_R3569815_SWAN,1,119,0.219774022698402,26.1531087011098,3.68277256215315,0.46880105137825,0.468800067901611,1.00000023841857,3.28160735964775,3.28160047531127,4.00000095367431,4.17893635119029,3.27665441293014,2.70489276856141,1.54495453563315,1.27536682986756,1.21138052162889,0.241861622420508,0.182742390246068,0.952947099479961,0.886971294760524,0.356570862823728,-0.293494705328699,-0.393427093463272,0.916221828266656,-0.0758464470937608,0.952947099479961,17.646095078347,37.0734499898317,mildly_oval,general_ellipsoid,224.016806722689,212.252100840336,81.2941176470588,14.0549512645131,48.7342973055915,31.3119056741198
10849060_R3569815_SWAN.nii.gz,10849060_R3569815_SWAN,2,254,0.219774022698402,55.8226017653942,4.7417335977898,0.46880105137825,0.468800067901611,1.00000023841857,3.750408411026,4.2192006111145,6.00000143051147,5.13340284524764,4.05903545353089,3.73263208733425,1.37527694268785,1.26468539238359,1.08744589837937,-0.0586926367729953,0.0687829372053763,0.99590365093117,0.315852864992344,0.947651501733791,-0.0468358723396767,0.946991099253187,-0.311810100559766,0.0773454531575516,0.99590365093117,5.18781490295413,130.474201795153,mildly_oval,prolate_like,260.417322834645,288.700787401574,76.3110236220472,-2.95170303929586,12.6329306565158,28.4938503838415
10849060_R3569815_SWAN.nii.gz,10849060_R3569815_SWAN,3,78,0.219774022698402,17.1423737704753,3.19907272164987,0.46880105137825,0.468800067901611,1.00000023841857,1.875204205513,3.28160047531127,5.00000119209289,4.74849063226377,2.60480919617572,1.95471073816357,2.42925489667331,1.82297061882126,1.33258038916945,0.0287873989742521,0.421555885120495,0.906345365399179,0.0875113839836418,0.902176765981437,-0.422396544252603,0.995747479702341,-0.0914752351379868,0.0109196164257354,0.906345365399179,24.9949048891368,86.0934248848653,stretched_oval,general_ellipsoid,270.576923076923,214.025641025641,66.3974358974359,-7.44142428878397,46.8542881943325,16.0341206866268
10849060_R3569815_SWAN.nii.gz,10849060_R3569815_SWAN,4,240,0.219774022698402,52.7457654476165,4.65296364167829,0.46880105137825,0.468800067901611,1.00000023841857,3.750408411026,5.15680074691772,5.00000119209289,5.40585457436062,3.98390285407251,3.42367354344912,1.57896321181212,1.35692429569022,1.16363397488505,0.108683930005209,0.756330384480685,0.645098560585839,-0.676567031031505,0.531731268344431,-0.509429986147297,0.728316453116251,0.381085564901271,-0.569498846657341,0.645098560585839,49.8269343948057,81.8226323145708,mildly_oval,prolate_like,318.5,151.75,97.2583333333333,-30.5346417431195,78.1529149372066,44.2577116484132
10849060_R3569815_SWAN.nii.gz,10849060_R3569815_SWAN,5,80,0.219774022698402,17.5819218158721,3.22618480010123,0.46880105137825,0.468800067901611,1.00000023841857,2.8128063082695,2.81280040740966,4.00000095367431,4.07097605791592,2.58899347680421,2.34202781418412,1.73822703268538,1.57241649868543,1.10544950026826,-0.286972793645435,0.00741381688612274,0.957910043285127,0.313432518770632,0.945655322491143,0.0865798314924969,0.905210843883584,-0.325086213739295,0.27370108102128,0.957910043285127,16.6825351592363,178.520117718786,mildly_oval,prolate_like,367.575,210.65,90.5375,-53.430754923803,50.1353232314797,38.9958122169831
10933112_R3596179_SWAN.nii.gz,10933112_R3596179_SWAN,1,220,0.219773411750793,48.3501505851745,4.51994416059949,0.468800008296966,0.468800008296966,0.99999988079071,3.28160005807876,3.28160005807876,6.99999916553497,6.37081551747748,3.43717990905611,3.07952710329065,2.06876423028389,1.85350074364509,1.11613887255068,-0.000840437363807679,-0.0936077418972193,0.995608800845965,0.800548018350538,-0.596699919992723,-0.0554263095984462,0.599268023492045,0.796986070228069,0.0754389811858305,0.995608800845965,5.37140931761221,-90.5144042479631,stretched_oval,prolate_like,171.054545454545,221.231818181818,88.0,36.1718167335726,33.7909888847138,23.1311329989715
11001769_R3513714_SWAN.nii.gz,11001769_R3513714_SWAN,1,75,0.219780251383781,16.4835188537836,3.15755144874601,0.468801468610763,0.468801409006118,1.00002491474151,2.34400734305381,2.81280845403671,4.00009965896606,4.21729594943947,2.55268958135961,2.15285977379519,1.95892737686531,1.65209901753633,1.18572032067818,0.112718419594387,-0.200634909098644,0.97315990008586,-0.0524602499203186,0.976833994857289,0.207468717327327,0.992241140077572,0.0744377575033475,-0.0995818266323305,0.97315990008586,13.3047244808327,-60.6723476329368,stretched_oval,prolate_like,131.68,204.226666666666,65.32,58.9441473204584,52.6646527020201,30.2765116768578
11001769_R3513714_SWAN.nii.gz,11001769_R3513714_SWAN,2,78,0.219780251383781,17.1428596079349,3.19910294334305,0.468801468610763,0.468801409006118,1.00002491474151,1.87520587444305,2.81280845403671,4.00009965896606,4.38774540606258,2.7318532954516,1.99898675461581,2.19498473210537,1.60614239914271,1.36661900792666,-0.018996026382575,-0.184166714244667,0.982711439002312,0.148201593915755,0.971512319292161,0.184932693227548,0.988774715768209,-0.149152387938939,-0.0088389269490166,0.982711439002312,10.6695165175725,-95.8889945119177,stretched_oval,general_ellipsoid,136.487179487179,213.435897435897,77.4615384615384,56.8707011904573,47.8703436303018,42.2705763734232
11001769_R3513714_SWAN.nii.gz,11001769_R3513714_SWAN,3,43,0.219780251383781,9.4505508095026,2.62312809930131,0.468801468610763,0.468801409006118,1.00002491474151,2.34400734305381,2.81280845403671,3.00007474422454,3.08277482143344,2.33038670914812,1.97001824156862,1.56484582547763,1.32285976800835,1.18292646229131,0.0610084824429267,-0.198216058130884,0.978257818455372,-0.268181067777121,0.940789688466902,0.207349166770141,0.961434802758842,0.275000284315131,-0.00423835707120712,0.978257818455372,11.9695885060947,-72.892273584699,mildly_oval,prolate_like,169.162790697674,245.465116279069,53.7209302325581,41.1883761413865,33.8060218050882,18.1870291585016
11001769_R3513714_SWAN.nii.gz,11001769_R3513714_SWAN,4,127,0.219780251383781,27.9120919257402,3.76355200464471,0.468801468610763,0.468801409006118,1.00002491474151,2.81280881166458,3.28160986304283,5.00012457370758,4.33020488614064,3.21729200666395,2.76444845164789,1.56639017217318,1.345916030367,1.16380973019993,0.045585639725007,0.102962931319554,0.993640067743318,-0.269354856359863,0.959100793673475,-0.087026598981382,0.961961491332277,0.263674614532748,-0.0714547888163365,0.993640067743318,6.46538390263245,66.1191900048326,mildly_oval,prolate_like,186.566929133858,208.070866141732,101.850393700787,33.763917122668,49.4184978315839,67.0907832946349
11001769_R3513714_SWAN.nii.gz,11001769_R3513714_SWAN,5,32,0.219780251383781,7.032968044281,2.37709574105239,0.468801468610763,0.468801409006118,1.00002491474151,2.34400734305381,1.87520563602447,3.00007474422454,3.00476895343482,1.94827694924205,1.65057695953947,1.8204355368399,1.54226992964413,1.18036116885191,-0.0845401688240156,0.280133053735945,-0.956231369522973,-0.986886634492013,-0.155973649636885,0.0415570845943091,0.137505383590008,-0.947205201011652,-0.289645605283837,0.956231369522973,17.0143755659135,106.7930668274,stretched_oval,prolate_like,226.875,244.625,65.09375,14.3070195775399,33.749524241534,29.9724348434829
11001769_R3513714_SWAN.nii.gz,11001769_R3513714_SWAN,6,103,0.219780251383781,22.6373658925294,3.50974655206056,0.468801468610763,0.468801409006118,1.00002491474151,2.81280881166458,3.28160986304283,4.00009965896606,3.30732603218387,3.17617285598961,2.98434356961593,1.10822562986925,1.04129283327477,1.06427855302141,-0.106270876400017,0.311341060271183,0.944337463525824,-0.266978860136403,0.905907533111961,-0.328715423567662,0.957825030508933,0.287051015744965,0.013150106096326,0.944337463525824,19.2067772511154,108.846449785012,spherical,near_spherical,251.543689320388,299.330097087378,54.9902912621359,2.57657435116922,8.52349380070796,19.0371635701389
11001769_R3513714_SWAN.nii.gz,11001769_R3513714_SWAN,7,160,0.219780251383781,35.164840221405,4.0647765401472,0.468801468610763,0.468801409006118,1.00002491474151,3.7504117488861,3.75041127204895,5.00012457370758,4.50315104817781,3.3964088561136,3.19632979487565,1.40885056836039,1.3258565852789,1.06259650101147,-0.274120603986721,0.340717667319686,0.899316054369199,-0.274950090576014,0.868336528021497,-0.412788228751512,0.921553222642184,0.360420789189249,0.144348580034589,0.899316054369199,25.9316892386915,128.818029231787,mildly_oval,prolate_like,319.275,368.26875,72.4625,-28.9289379618801,-24.4611129112707,35.6931900959694
11001769_R3513714_SWAN.nii.gz,11001769_R3513714_SWAN,8,65,0.219780251383781,14.2857163399457,3.01047112978515,0.468801468610763,0.468801409006118,1.00002491474151,2.34400734305381,2.81280845403671,3.00007474422454,3.26073284250299,2.68809143225972,2.286396675702,1.42614484929735,1.21302899275337,1.1756890048112,0.155267942809235,0.260563925330626,0.952889451485367,0.22339180363169,0.930339969269088,-0.290798286876953,0.962282686119815,-0.258019345004762,-0.0862441279006576,0.952889451485367,17.6569878560505,59.2096266854034,mildly_oval,prolate_like,395.984615384615,247.738461538461,105.123076923076,-64.3621274985538,30.7071008666341,71.1014944842013
11108876_R3680396_SWAN.nii.gz,11108876_R3680396_SWAN,1,125,0.307684272527694,38.4605340659618,4.18798929365477,0.468799650669097,0.468801110982894,1.40000438690185,3.28159755468368,3.28160777688026,5.60001754760742,5.51268414998555,3.23737757196237,2.94762220255962,1.87021394573514,1.70282397633464,1.09830139328952,-0.2447471318598,0.155898431068392,0.956971535959568,-0.44637642610665,0.858055722492997,-0.25394578813848,0.860724652640236,0.489322037402194,0.140417292560106,0.956971535959568,16.868840673308,147.503778147951,stretched_oval,prolate_like,188.072,209.088,62.576,33.7499279552102,62.3993996568322,26.0995313883721
11108876_R3680396_SWAN.nii.gz,11108876_R3680396_SWAN,2,119,0.307684272527694,36.6144284307956,4.11987980135527,0.468799650669097,0.468801110982894,1.40000438690185,3.28159755468368,3.28160777688026,5.60001754760742,5.48605129854526,3.24288000108882,2.87087843126778,1.91093124626757,1.69172195600925,1.12957761142702,-0.12631370594276,0.222322714427737,0.966756152470977,-0.421830320779267,0.870020844951216,-0.255191907829444,0.897832962283222,0.440041293516703,0.0161130952296697,0.966756152470977,14.8150733752004,119.603278270895,stretched_oval,prolate_like,240.764705882352,314.151260504201,53.3949579831932,7.15230426261155,12.7625484000108,20.613127032154
11108876_R3680396_SWAN.nii.gz,11108876_R3680396_SWAN,3,236,0.307684272527694,72.6134883165359,5.17614252457295,0.468799650669097,0.468801110982894,1.40000438690185,4.21919685602188,5.15681222081184,7.00002193450927,7.08649461689574,4.4637323806082,3.41721908555469,2.07376069238634,1.58757156851105,1.30624705904205,-0.240191850582065,-0.0454480291029968,0.969660946704886,-0.101725692161103,0.994581900574099,0.0214179038366588,0.965380628803119,0.0934950250070296,0.24351369947218,0.969660946704886,14.1495558756099,-169.285419736285,stretched_oval,general_ellipsoid,285.843220338983,303.165254237288,49.5677966101694,-13.4760337406058,17.8101644797282,13.4841846730402
11135106_R3579962_SWAN.nii.gz,11135106_R3579962_SWAN,1,142,0.219784080982208,31.2093394994735,3.90626754277904,0.468802332878112,0.468801766633987,1.00003969669342,4.21922099590301,2.34400883316993,4.00015878677368,4.2974798135736,4.18502436786269,2.48574799648978,1.72884774307059,1.02687091778352,1.68360766005746,-0.489820297037633,0.10799863593556,0.865108300298883,-0.869678770073785,-0.130087131255974,-0.476168221497968,-0.0611139386139718,0.985603182278572,-0.15764343814266,0.865108300298883,30.1049259689785,167.566010795083,mildly_oval,oblate_like,309.598591549295,312.915492957746,84.5915492957746,-28.7318883024313,7.35361469555383,22.9646334416613
11335159_R3522036_SWAN.nii.gz,11335159_R3522036_SWAN,1,142,0.219779729843139,31.2087216377258,3.90624176471328,0.468800008296966,0.468800157308578,1.00002825260162,3.28160005807876,3.28160110116004,5.00014126300811,4.26852924056281,3.34883186199976,3.00897202020237,1.41860050937785,1.27463229462164,1.11294882089815,0.25080697273281,-0.233050602422615,0.939565473577578,-0.508836229821811,0.793949767589015,0.332760360869609,0.823517791944611,0.561543572001143,-0.0805435478164941,0.939565473577578,20.0212890443047,-42.8983304150194,mildly_oval,prolate_like,113.823943661971,267.936619718309,77.6267605633802,66.4053331072061,15.2790322978521,43.1206939963387
11335159_R3522036_SWAN.nii.gz,11335159_R3522036_SWAN,2,173,0.219779729843139,38.0218932628631,4.17200709836059,0.468800008296966,0.468800157308578,1.00002825260162,3.75040006637573,3.28160110116004,5.00014126300811,4.94564541419683,3.33791988588938,3.22094429023096,1.53546443792798,1.4816549178139,1.03631717444266,0.0405160666379861,-0.112997331218508,0.992768881201299,-0.378517975977985,0.917793766684983,0.119911399356852,0.924706759035379,0.380639205773241,0.00558612769280665,0.992768881201299,6.89449449330024,-70.2743123044998,mildly_oval,prolate_like,121.705202312138,287.953757225433,76.1387283236994,62.7105989866174,6.10425470020039,40.6512867026246
11335159_R3522036_SWAN.nii.gz,11335159_R3522036_SWAN,3,148,0.219779729843139,32.5274000167846,3.96050205311992,0.468800008296966,0.468800157308578,1.00002825260162,3.28160005807876,4.2192014157772,4.00011301040649,4.43493310190855,3.63201042372341,2.98676024736919,1.4848641118131,1.22106838486493,1.21603681678921,0.0741722052831105,-0.204893482921851,0.975969848212327,-0.169157694347032,0.961898509281091,0.214795093719594,0.982794056965464,0.181024635060995,-0.0366868245341217,0.975969848212327,12.5860491805299,-70.0995549967008,mildly_oval,general_ellipsoid,130.29054054054,261.905405405405,62.277027027027,58.6857923539103,19.7095128526357,28.1543037226876
11335159_R3522036_SWAN.nii.gz,11335159_R3522036_SWAN,4,49,0.219779729843139,10.7692067623138,2.73985995131998,0.468800008296966,0.468800157308578,1.00002825260162,1.87520003318786,2.34400078654289,3.00008475780487,3.24390840372574,2.29144976584442,1.98554616750387,1.63376125764117,1.41565765572448,1.15406521558001,0.0414850669643164,-0.290411381594103,0.956002206409362,-0.114503610921392,0.949139937211181,0.293295589255476,0.992556251456273,0.121633091843292,-0.00612198200851765,0.956002206409362,17.0591903302714,-81.8703371725955,mildly_oval,prolate_like,131.530612244897,200.795918367346,78.0204081632653,58.1044467286187,46.5375695724268,46.8315395347926
11335159_R3522036_SWAN.nii.gz,11335159_R3522036_SWAN,5,143,0.219779729843139,31.4285013675689,3.91538990530078,0.468800008296966,0.468800157308578,1.00002825260162,3.28160005807876,3.28160110116004,5.00014126300811,5.06700603861535,3.20053955386147,2.77047791220353,1.8289285095167,1.58317244743998,1.15523012826183,0.218324489789997,-0.111051853483924,0.969536952877878,0.25651467368229,0.965098158926355,0.0527803545140444,0.941559684429832,-0.237177211120177,-0.239190993103104,0.969536952877878,14.1785887292715,-26.9603942999124,stretched_oval,prolate_like,133.258741258741,277.097902097902,58.7832167832167,57.2942998325908,12.9954483509063,23.9287734223412
11335159_R3522036_SWAN.nii.gz,11335159_R3522036_SWAN,6,69,0.219779729843139,15.1648013591766,3.07099682808939,0.468800008296966,0.468800157308578,1.00002825260162,2.34400004148483,2.81280094385147,4.00011301040649,3.89107096343153,2.45729718144501,2.21863533266178,1.75381276325535,1.58347593966774,1.10757146308352,0.124672880001443,0.046671297992364,0.991099623113566,0.132278269323076,0.989194389606085,-0.0632211913580905,0.983340801785951,-0.138982910875951,-0.117152114907969,0.991099623113566,7.65005347838231,20.5233896606835,mildly_oval,prolate_like,136.072463768115,321.898550724637,74.4202898550724,55.9752266968506,-9.53910144278104,37.2641794862954
11335159_R3522036_SWAN.nii.gz,11335159_R3522036_SWAN,7,267,0.219779729843139,58.6811878681182,4.82132888911824,0.468800008296966,0.468800157308578,1.00002825260162,4.21920007467269,4.2192014157772,6.00016951560974,5.07715962139094,4.19923053420994,3.89674191130522,1.30292427288065,1.2090690377746,1.07762603472073,0.196536539752564,-0.0239220280792442,0.980204634305849,0.191654475316237,0.981355673984521,-0.0144776803958009,0.961583044065018,-0.190705998099066,-0.197457012171491,0.980204634305849,11.4192722518134,-6.93978856420099,mildly_oval,prolate_like,149.131086142322,288.767790262172,97.5767790262172,49.8533444194758,3.46386487034153,61.9301475681615
11335159_R3522036_SWAN.nii.gz,11335159_R3522036_SWAN,8,42,0.219779729843139,9.23074865341186,2.60263201512774,0.468800008296966,0.468800157308578,1.00002825260162,1.87520003318786,2.81280094385147,3.00008475780487,3.09490462388987,2.55590001907742,1.65485001635176,1.87020249165106,1.21088641996528,1.54449043346664,-0.0611865204078321,-0.114628790300086,0.991522289287901,-0.137989255724575,0.984816136764045,0.105338227029495,0.9885419439887,0.130374143155299,0.0760750141081931,0.991522289287901,7.46593532173548,-118.092394173808,stretched_oval,general_ellipsoid,153.785714285714,271.666666666666,81.8095238095238,47.6712547072342,13.0990143389928,47.0958395174571
11335159_R3522036_SWAN.nii.gz,11335159_R3522036_SWAN,9,48,0.219779729843139,10.5494270324707,2.72109319829872,0.468800008296966,0.468800157308578,1.00002825260162,2.34400004148483,2.81280094385147,3.00008475780487,3.14048770339986,2.47508845605256,2.00628514062039,1.56532470874441,1.2688385725044,1.2336673416657,0.00958408670957877,-0.515621059519264,0.856763134280516,0.0781033702591831,0.854570944767435,0.51342805135038,0.996899196928205,-0.0619953493378573,-0.0484620245592032,0.856763134280516,31.0449324656044,-88.9351395140794,mildly_oval,general_ellipsoid,162.145833333333,163.333333333333,78.25,43.7520308283468,63.9778874280552,48.9119774550199
11335159_R3522036_SWAN.nii.gz,11335159_R3522036_SWAN,10,183,0.219779729843139,40.2196905612945,4.25089163759712,0.468800008296966,0.468800157308578,1.00002825260162,3.75040006637573,3.75040125846862,4.00011301040649,4.17780003109821,3.7595141582924,3.54024314284767,1.18008844661943,1.11126061911036,1.06193671072782,0.0902671824656657,-0.326652698286625,0.94082402736738,-0.844667985535271,0.475369493148031,0.24608908792543,0.527624705620857,0.81689770454216,0.23300281185482,0.94082402736738,19.8095953163404,-74.5523988171113,spherical,near_spherical,165.398907103825,170.590163934426,62.6448087431694,42.2269898177496,62.2406091198243,33.0345966151503
11335159_R3522036_SWAN.nii.gz,11335159_R3522036_SWAN,11,46,0.219779729843139,10.1098675727844,2.68276283628603,0.468800008296966,0.468800157308578,1.00002825260162,2.34400004148483,2.81280094385147,3.00008475780487,2.87960222516275,2.36371165728583,2.10283195327724,1.36939246175849,1.21825444160532,1.12406112794796,-0.255682005258921,0.101953641480515,-0.961369942933333,-3.57132483584267e-09,-0.994423651966018,-0.105458998717827,0.966760938488299,0.0269639648314078,-0.25425623377568,0.961369942933333,15.9774836433133,158.260272818472,mildly_oval,prolate_like,168.217391304347,263.5,79.1739130434782,40.9056844011597,17.1841563595377,44.8786053061485
11335159_R3522036_SWAN.nii.gz,11335159_R3522036_SWAN,12,145,0.219779729843139,31.8680608272552,3.93355902819425,0.468800008296966,0.468800157308578,1.00002825260162,3.28160005807876,3.28160110116004,5.00014126300811,4.50929433703975,3.3922895761134,2.94671318317048,1.53027935083523,1.32927753833035,1.15121132096864,0.146405131378508,-0.256292501868008,0.955447377406143,-0.502049111966813,0.812969540586753,0.29500375463966,0.852356865801745,0.522871570812948,0.00964851057025705,0.955447377406143,17.1672216575461,-60.2631626074083,mildly_oval,prolate_like,172.275862068965,188.337931034482,97.1586206896551,39.0030732730339,50.3269547271317,66.4794803734483
11335159_R3522036_SWAN.nii.gz,11335159_R3522036_SWAN,13,49,0.219779729843139,10.7692067623138,2.73985995131998,0.468800008296966,0.468800157308578,1.00002825260162,2.34400004148483,2.34400078654289,4.00011301040649,3.38359835086772,2.2952142865698,1.95506078373839,1.73068703490524,1.47419714606452,1.17398615207297,-0.248383061772748,0.185128112204749,-0.950806729412397,-0.219735827884288,-0.966747048022366,-0.130829320429506,0.943409784011381,-0.176430516667457,-0.280802870747527,0.950806729412397,18.0462562834015,143.301618781415,mildly_oval,prolate_like,171.734693877551,230.081632653061,112.326530612244,39.2567729256591,29.2669895704911,79.4994593347821
11335159_R3522036_SWAN.nii.gz,11335159_R3522036_SWAN,14,123,0.219779729843139,27.0329067707061,3.72361445974918,0.468800008296966,0.468800157308578,1.00002825260162,2.81280004978179,3.28160110116004,4.00011301040649,4.47803973666365,3.2468163010262,2.67722724035923,1.67264088350706,1.3792094536572,1.21275334871855,0.140910600077034,-0.0633903239353864,0.987990824662505,-0.096806252048436,0.992283502169021,0.0774725815209209,0.985278007645692,0.10656039674545,-0.133686684060856,0.987990824662505,8.88852728140405,-24.2211695147297,mildly_oval,general_ellipsoid,172.861788617886,320.195121951219,94.6260162601626,38.7283909020385,-10.8759225809234,57.4420146346092
11335159_R3522036_SWAN.nii.gz,11335159_R3522036_SWAN,15,57,0.219779729843139,12.5274446010589,2.88151768607733,0.468800008296966,0.468800157308578,1.00002825260162,2.34400004148483,2.81280094385147,3.00008475780487,3.19162440352696,2.67995716590875,2.09774491442814,1.52145495935907,1.19092366255962,1.27754196779417,-0.132574385817124,-0.460471878261875,-0.877718452326936,0.0869498338459805,-0.887524076171942,0.452482862227174,0.987351891991588,0.0163298360408362,-0.157700912602022,0.877718452326936,28.631645378941,-106.061630404764,mildly_oval,oblate_like,181.561403508771,168.140350877193,103.771929824561,34.6500113690108,59.045330356349,74.0546489357948
11335159_R3522036_SWAN.nii.gz,11335159_R3522036_SWAN,16,87,0.219779729843139,19.1208364963531,3.31769217527163,0.468800008296966,0.468800157308578,1.00002825260162,2.34400004148483,2.81280094385147,5.00014126300811,4.64590672159362,2.44282892807662,2.32503019477583,1.99821349934836,1.90185512714211,1.0506654638574,0.0372314251020482,-0.0483818404307591,0.998134769708681,-0.427216991424843,0.902178243440572,0.0596662324970231,0.903382235392514,0.428641592217806,-0.0129198373909293,0.998134769708681,3.500026948032,-52.4205286876659,stretched_oval,prolate_like,185.908045977011,169.942528735632,88.1264367816092,32.6123053438362,59.8551848638674,58.4068635393833
11335159_R3522036_SWAN.nii.gz,11335159_R3522036_SWAN,17,298,0.219779729843139,65.4943594932556,5.00113324574302,0.468800008296966,0.468800157308578,1.00002825260162,4.21920007467269,4.68800157308578,7.00019776821136,5.63819738133417,4.54966740528,3.6901083556339,1.52792190308612,1.23925484636325,1.23293599179378,0.24770882777266,-0.0699345976627796,0.966307139937007,-0.0477046383303276,0.995301062993798,0.0842618625784349,0.96765934301554,0.0669697398319532,-0.243208654906796,0.966307139937007,14.9153537311972,-15.7657432847224,mildly_oval,general_ellipsoid,188.120805369127,184.644295302013,62.6073825503355,31.574963722453,55.6927174757291,32.3025531774799
11335159_R3522036_SWAN.nii.gz,11335159_R3522036_SWAN,18,76,0.219779729843139,16.7032594680786,3.17152058861017,0.468800008296966,0.468800157308578,1.00002825260162,2.34400004148483,2.81280094385147,4.00011301040649,3.86207752853043,2.67300857921762,2.28113046159286,1.69305420867232,1.44484292289883,1.17179119047453,0.236079791892829,0.0085801279036215,0.971695792552893,0.423219222267955,0.899231227577427,-0.110764115364583,0.874729570646119,-0.437389506909744,-0.208659046011682,0.971695792552893,13.6644718518712,2.08145233565132,mildly_oval,prolate_like,187.973684210526,356.947368421052,80.7763157894736,31.6439341228259,-26.5486870853132,41.8521550713401
11335159_R3522036_SWAN.nii.gz,11335159_R3522036_SWAN,19,70,0.219779729843139,15.3845810890197,3.08576146288645,0.468800008296966,0.468800157308578,1.00002825260162,2.34400004148483,2.81280094385147,3.00008475780487,3.2074935649596,2.79439278612546,2.34045187499158,1.37045909776339,1.1478320373876,1.19395438803265,0.213736137446508,0.302523682072573,0.928868282015647,0.031182894270007,0.948243503189883,-0.316009312779107,0.976393614611644,-0.0965074113393887,-0.193240339738308,0.928868282015647,21.7409174654812,54.7583955654024,mildly_oval,general_ellipsoid,195.128571428571,278.628571428571,119.128571428571,28.2897229356425,5.91773182430438,83.8636389808995
11335159_R3522036_SWAN.nii.gz,11335159_R3522036_SWAN,20,53,0.219779729843139,11.6483256816864,2.81247256153394,0.468800008296966,0.468800157308578,1.00002825260162,2.34400004148483,2.81280094385147,3.00008475780487,3.23090635734663,2.52179434802186,1.95569573978667,1.6520495962726,1.28119343271627,1.28946149276622,0.300903108041044,-0.102893592792748,0.948087669012438,0.172268255057182,0.983672302675267,0.0520811794133913,0.93796640018222,-0.147654019626071,-0.31371535285585,0.948087669012438,18.5425648357112,-18.8780847683142,mildly_oval,general_ellipsoid,201.905660377358,280.056603773584,119.0,25.1126235802218,5.26556259478036,83.6651801399464
11335159_R3522036_SWAN.nii.gz,11335159_R3522036_SWAN,21,60,0.219779729843139,13.1867837905883,2.93120879061229,0.468800008296966,0.468800157308578,1.00002825260162,1.87520003318786,2.81280094385147,4.00011301040649,3.58221504016486,2.65828058874683,1.92098326658752,1.86478201162489,1.34756844530606,1.38381246468067,0.00795849630068454,-0.051498100309275,0.998641381077896,-0.12772299966464,0.990440884755683,0.0520930817004075,0.991777947775255,0.127964055378512,-0.00130492826884365,0.998641381077896,2.98700288458835,-81.2150283787263,stretched_oval,general_ellipsoid,217.45,343.633333333333,106.25,17.8254370361566,-23.0283758131166,67.842738816142
11335159_R3522036_SWAN.nii.gz,11335159_R3522036_SWAN,22,37,0.219779729843139,8.13185000419616,2.49495995243883,0.468800008296966,0.468800157308578,1.00002825260162,1.87520003318786,2.34400078654289,3.00008475780487,2.69663273586407,2.26714947329014,1.88766168812491,1.42855722125861,1.18943755920541,1.20103590995809,-0.0750676706496277,0.00690444392581773,0.997154538412835,-0.352758534768228,0.935131193252613,-0.0330313117226027,0.932698376202838,0.354234357537518,0.0677625189066197,0.997154538412835,4.32331647884225,174.744933595465,mildly_oval,oblate_like,218.621621621621,347.243243243243,45.7837837837837,17.2761808102195,-18.3343788409555,7.53353617964563
11335159_R3522036_SWAN.nii.gz,11335159_R3522036_SWAN,23,35,0.219779729843139,7.69229054450988,2.44917049615444,0.468800008296966,0.468800157308578,1.00002825260162,1.87520003318786,2.34400078654289,3.00008475780487,2.92744987307888,2.13293332051558,1.69714042557915,1.72493084776993,1.37249947990462,1.25678069319909,0.00142129979285347,0.086976358752692,0.996209361994265,-0.283064214628497,0.955501228216778,-0.0830183911731605,0.959099906320322,0.281873226636285,-0.0259779483793129,0.996209361994265,4.99035073151738,89.063800402191,mildly_oval,general_ellipsoid,232.285714285714,339.228571428571,36.9428571428571,10.8704540559223,-13.6656698495149,-0.862099465302051
11335159_R3522036_SWAN.nii.gz,11335159_R3522036_SWAN,24,128,0.219779729843139,28.1318054199218,3.77340129519849,0.468800008296966,0.468800157308578,1.00002825260162,3.28160005807876,3.75040125846862,4.00011301040649,3.84645749204842,3.32051918445989,3.13820926685507,1.22568546740132,1.15839038366347,1.05809361393783,0.339542433250344,-0.181538966793779,0.922905487879383,-0.294168049808583,0.911481515556808,0.287518008601337,0.893407015024087,0.369113871770908,-0.256083687828879,0.922905487879383,22.6453898380072,-28.1315297911929,spherical,near_spherical,234.984375,305.6171875,39.734375,9.60532189067453,1.70908636739477,3.57564987521618
11335159_R3522036_SWAN.nii.gz,11335159_R3522036_SWAN,25,147,0.219779729843139,32.3076202869415,3.95156183749371,0.468800008296966,0.468800157308578,1.00002825260162,3.28160005807876,3.75040125846862,4.00011301040649,4.18126881207753,3.41004768183717,3.15873845614712,1.32371478997905,1.22616139192073,1.07955999813817,0.0487288477565227,-0.180057846053496,0.982448304732059,0.528791325933884,0.83911152413093,0.127560117935628,0.847351894441386,-0.513294284154073,-0.136101964869547,0.982448304732059,10.7506428991686,-74.8568479101005,mildly_oval,prolate_like,240.925170068027,266.598639455782,124.659863945578,6.8202771134928,10.9425761706772,89.9589923510746
11335159_R3522036_SWAN.nii.gz,11335159_R3522036_SWAN,26,189,0.219779729843139,41.5383689403533,4.29685078479791,0.468800008296966,0.468800157308578,1.00002825260162,3.75040006637573,4.2192014157772,8.00022602081298,8.03169083198214,3.01990537119648,2.71338596520102,2.9600251991379,2.65958361099242,1.11296564879694,-0.24506041857617,0.432371970671865,-0.867755651220203,-0.390968822515669,0.774970212656693,0.496552665198315,0.887180235954331,0.460950809167492,-0.0208705644353543,0.867755651220203,29.8011300633947,119.543760709056,elongated,prolate_like,241.947089947089,364.936507936507,47.1216931216931,6.34120106570935,-26.7238289322802,7.98928169030991
11335159_R3522036_SWAN.nii.gz,11335159_R3522036_SWAN,27,59,0.219779729843139,12.9670040607452,2.91483298082149,0.468800008296966,0.468800157308578,1.00002825260162,2.34400004148483,2.81280094385147,3.00008475780487,3.19037106307198,2.57049522307238,2.17305094899657,1.46815290481116,1.24115035672335,1.18289689630118,0.0170922535401704,0.309826245089668,0.950639549315383,-0.334296564591097,0.897832548869846,-0.286605165850975,0.942312931977222,0.312896807339914,-0.118919830915536,0.950639549315383,18.0771512710102,86.8423517141845,mildly_oval,prolate_like,247.101694915254,142.389830508474,92.0847457627118,3.92472221386634,72.2824147972515,63.7053937740245
11335159_R3522036_SWAN.nii.gz,11335159_R3522036_SWAN,28,44,0.219779729843139,9.67030811309814,2.64330470987304,0.468800008296966,0.468800157308578,1.00002825260162,2.34400004148483,2.34400078654289,3.00008475780487,2.71083608628844,2.43554474147536,2.10791601958419,1.2860266068964,1.11303070730957,1.15542778689816,0.307207444343947,-0.281483122124972,-0.909060414988155,-0.104389147438881,-0.959457134253673,0.261810835197308,0.945899831925475,-0.0144658041085297,0.324136157308699,0.909060414988155,24.6241709271639,-42.4979078487107,spherical,near_spherical,253.65909090909,316.977272727272,35.3863636363636,0.850614917549222,-3.12827599421143,-1.30987085672942
11335159_R3522036_SWAN.nii.gz,11335159_R3522036_SWAN,29,94,0.219779729843139,20.6592946052551,3.40438725123536,0.468800008296966,0.468800157308578,1.00002825260162,2.81280004978179,2.81280094385147,4.00011301040649,3.9223558010017,2.87410643292885,2.52216557882464,1.55515396527993,1.36472183356293,1.13953915518433,0.00333471181649342,-0.114718317147468,0.993392463937568,0.471351464549964,0.876301773602104,0.0996142482198636,0.881939156951149,-0.467904807939241,-0.0569948606774115,0.993392463937568,6.59017316243657,-88.3349553142421,mildly_oval,prolate_like,255.531914893617,372.542553191489,43.6489361702127,-0.0273649819353778,-29.903416630594,4.15975590018515
11335159_R3522036_SWAN.nii.gz,11335159_R3522036_SWAN,30,92,0.219779729843139,20.2197351455688,3.38006936931244,0.468800008296966,0.468800157308578,1.00002825260162,2.81280004978179,2.81280094385147,4.00011301040649,4.1767124459404,2.83295203596713,2.3971863289504,1.74233950673711,1.47433221350481,1.18178215925648,0.0950381977645946,-0.20795334321512,0.973510733382695,-0.385598232957479,0.893901497857375,0.22859158967121,0.917759088054009,0.397108951264002,-0.00476834565408588,0.973510733382695,13.2170936141737,-65.4387970513065,mildly_oval,prolate_like,257.326086956521,142.358695652173,53.5978260869565,-0.868472859911307,76.3558357971841,25.4335502936788
11335159_R3522036_SWAN.nii.gz,11335159_R3522036_SWAN,31,81,0.219779729843139,17.8021581172943,3.23959965411218,0.468800008296966,0.468800157308578,1.00002825260162,2.81280004978179,3.28160110116004,3.00008475780487,3.25327972443536,2.93172555189348,2.59086728936828,1.25567208238929,1.10968085751894,1.13156145199868,-0.239360545168729,0.47482294194888,-0.846905958897171,-0.25482563594949,-0.872406240496273,-0.417098605615142,0.936894030656331,-0.115976399936227,-0.329816691479321,0.846905958897171,32.1232776941581,116.752894274397,spherical,near_spherical,266.234567901234,149.901234567901,50.0246913580246,-5.04476880070605,73.2164399005748,21.5073433540485
11335159_R3522036_SWAN.nii.gz,11335159_R3522036_SWAN,32,50,0.219779729843139,10.9889864921569,2.75837308013895,0.468800008296966,0.468800157308578,1.00002825260162,2.34400004148483,2.34400078654289,3.00008475780487,3.11429414902622,2.34425532599106,2.12290362373703,1.46699742475544,1.32847907584879,1.10426837081957,0.0143087627921297,-0.260432641727756,0.965385984169057,-0.0189117915665573,0.965241631152867,0.260674006431588,0.999718762176194,0.0219871010379847,-0.00888616569977157,0.965385984169057,15.1190454852062,-86.8552011219798,mildly_oval,prolate_like,274.94,247.86,109.18,-9.12587544083595,21.3108036884665,75.4914384996891
11335159_R3522036_SWAN.nii.gz,11335159_R3522036_SWAN,33,96,0.219779729843139,21.0988540649414,3.42836259926233,0.468800008296966,0.468800157308578,1.00002825260162,2.81280004978179,2.81280094385147,4.00011301040649,3.57425494218754,3.04079427351621,2.7414376233284,1.30378853480824,1.17543464657162,1.10919695842809,-0.123477550343921,-0.287166734645679,0.949888709836053,0.81021213604198,0.523523119725766,0.263590283817313,0.5729830618538,-0.80215884313865,-0.168022621105331,0.949888709836053,18.2152822840384,-113.267006751868,mildly_oval,general_ellipsoid,276.53125,374.489583333333,47.0520833333333,-9.8718534540385,-31.16999734488,7.44776179082691
11335159_R3522036_SWAN.nii.gz,11335159_R3522036_SWAN,34,54,0.219779729843139,11.8681054115295,2.83005097139887,0.468800008296966,0.468800157308578,1.00002825260162,2.34400004148483,2.81280094385147,4.00011301040649,3.27888009735591,2.66196196876875,1.99475580469689,1.64375012201262,1.23175317146717,1.3344801215772,-0.167362545169169,0.00892322819175417,0.985855037250982,-0.00394447404927024,0.999944976067687,-0.00972038895658656,0.985887528878914,0.00551550864658748,0.167318138781774,0.985855037250982,9.64832202774047,176.948064532444,mildly_oval,general_ellipsoid,284.388888888888,238.481481481481,109.722222222222,-13.5555146303441,25.6257534973599,76.4943186872535
11335159_R3522036_SWAN.nii.gz,11335159_R3522036_SWAN,35,73,0.219779729843139,16.0439202785491,3.12922860087436,0.468800008296966,0.468800157308578,1.00002825260162,4.21920007467269,3.28160110116004,3.00008475780487,3.62686087093349,2.9988502327583,2.35466882604824,1.54028491429952,1.20941713971409,1.27357622421628,-0.923495555460779,-0.153996521245033,0.351341757393873,-0.341187176659774,0.748385547553033,-0.568779731263938,0.175348993516128,0.645138856106322,0.743672365235328,0.351341757393873,69.4305950330511,-170.53281268542,mildly_oval,general_ellipsoid,294.86301369863,128.821917808219,66.4383561643835,-18.4657844280543,81.3123039362365,38.8720846355777
11335159_R3522036_SWAN.nii.gz,11335159_R3522036_SWAN,36,46,0.219779729843139,10.1098675727844,2.68276283628603,0.468800008296966,0.468800157308578,1.00002825260162,1.87520003318786,2.81280094385147,3.00008475780487,2.91550812887122,2.7317639023098,1.74444697144398,1.6713079712924,1.06726211822553,1.56597703858464,-0.0719014200120757,0.105186055409345,-0.991849827114805,-1.34122705080874e-09,-0.994423650738076,-0.105459010296682,0.997411743363916,0.00758265126310378,-0.0715004727227385,0.991849827114805,7.32009044658684,124.35511292905,mildly_oval,oblate_like,293.434782608695,275.5,103.217391304347,-17.796229681243,9.05425229085528,68.1954128742218
11335159_R3522036_SWAN.nii.gz,11335159_R3522036_SWAN,37,123,0.219779729843139,27.0329067707061,3.72361445974918,0.468800008296966,0.468800157308578,1.00002825260162,2.81280004978179,2.81280094385147,5.00014126300811,4.88943805289345,2.84301470150455,2.67903009595434,1.82507768773373,1.71980751640359,1.06121043798568,-0.00165647719094302,-0.214747038891125,0.976668298538869,0.280184061090413,0.937450624315478,0.206599174445117,0.959944867163838,-0.27398911704302,-0.0586158318868424,0.976668298538869,12.4010618460737,-90.4419491420926,stretched_oval,prolate_like,294.60162601626,277.479674796748,127.959349593495,-18.3432458803905,5.52202003867159,92.7022218747836
11335159_R3522036_SWAN.nii.gz,11335159_R3522036_SWAN,38,67,0.219779729843139,14.7252418994903,3.0410339727262,0.468800008296966,0.468800157308578,1.00002825260162,2.34400004148483,3.28160110116004,4.00011301040649,3.7254250671496,2.57029719372027,2.13834720460924,1.7421983946851,1.44941412854962,1.20200180222367,-0.280685876013256,0.290040364287683,0.914927333776042,-0.429498610184492,0.814524473462301,-0.389975417149017,0.858339316853341,0.50242060986272,0.104053582009038,0.914927333776042,23.8045904083931,134.060977625633,mildly_oval,general_ellipsoid,296.925373134328,137.10447761194,58.3134328358209,-19.432618548621,78.3079612862263,30.3827577429031
11335159_R3522036_SWAN.nii.gz,11335159_R3522036_SWAN,39,77,0.219779729843139,16.9230391979217,3.18537019917923,0.468800008296966,0.468800157308578,1.00002825260162,2.34400004148483,2.81280094385147,4.00011301040649,3.67548838016744,2.70459930674605,2.35942833198834,1.55778767692851,1.3589770473577,1.14629432480656,0.0346330787498334,-0.322455166743546,0.945950958187949,0.0632320495022465,0.945329377353424,0.319928236059798,0.997397743015319,-0.0487343180210837,-0.0531291678361952,0.945950958187949,18.923758923463,-83.8696860000562,mildly_oval,prolate_like,303.935064935064,359.402597402597,56.2077922077922,-22.7187621229654,-25.1022354619843,17.2985604521516
11335159_R3522036_SWAN.nii.gz,11335159_R3522036_SWAN,40,251,0.219779729843139,55.164712190628,4.72303225440511,0.468800008296966,0.468800157308578,1.00002825260162,4.21920007467269,4.2192014157772,5.00014126300811,4.72682786087071,4.08639074207823,3.95399289819907,1.19545684136753,1.15672439549106,1.0334845932423,-0.22738879336108,-0.0035329870961841,-0.973797645641007,0.90726680036158,-0.364064572623358,-0.210532515118763,0.353781415022684,0.931367008736485,-0.0859895657728164,0.973797645641007,13.145002453187,-179.109855150553,spherical,near_spherical,318.721115537848,139.08764940239,56.8326693227091,-29.6504627682298,77.5395986839713,28.8121635370045
11335159_R3522036_SWAN.nii.gz,11335159_R3522036_SWAN,41,156,0.219779729843139,34.2856378555297,4.030613950865,0.468800008296966,0.468800157308578,1.00002825260162,3.28160005807876,3.28160110116004,4.00011301040649,4.38535675446403,3.40270269059781,3.23384018483601,1.35608332626567,1.28878634227475,1.05221733175115,0.123845098750417,-0.132597341044493,0.98340242864426,-0.117940204566496,0.982040065832906,0.147266483782677,0.985267729940604,0.134220915832185,-0.105982291402182,0.98340242864426,10.453516879029,-46.9547153543919,mildly_oval,prolate_like,338.282051282051,181.025641025641,96.4807692307692,-38.8206296074084,53.8073291943814,66.166903545077
11335159_R3522036_SWAN.nii.gz,11335159_R3522036_SWAN,42,103,0.219779729843139,22.6373121738433,3.50974377583763,0.468800008296966,0.468800157308578,1.00002825260162,2.81280004978179,3.28160110116004,4.00011301040649,3.95868835305776,3.00493469138306,2.71754624961335,1.45671425228586,1.31739580377892,1.10575291655499,0.0947736081392861,0.310234444848756,-0.945924179006776,0.1489632286112,-0.943922414551209,-0.294653070286974,0.984290566713909,0.112982585105833,0.135672457561639,0.945924179006776,18.9284894304785,73.0125972971308,mildly_oval,prolate_like,337.747572815534,304.456310679611,49.1553398058252,-38.5700660978706,1.25671733163513,13.0017371692703
11335159_R3522036_SWAN.nii.gz,11335159_R3522036_SWAN,43,51,0.219779729843139,11.2087662220001,2.77664098390714,0.468800008296966,0.468800157308578,1.00002825260162,2.34400004148483,2.81280094385147,3.00008475780487,3.13586157759399,2.64262176957945,1.87296291604457,1.67427851920126,1.18664790160002,1.41093117591473,-0.121186034058086,-0.397401862792339,0.909607445329275,0.0432414007158872,0.913377776102319,0.404810102871098,0.991687514499098,-0.088390030951232,0.0935044170883912,0.909607445329275,24.5488403687639,-106.958865379944,mildly_oval,oblate_like,339.117647058823,275.450980392156,95.078431372549,-39.2123569144922,9.93545529158677,60.1040338102509
11335159_R3522036_SWAN.nii.gz,11335159_R3522036_SWAN,44,54,0.219779729843139,11.8681054115295,2.83005097139887,0.468800008296966,0.468800157308578,1.00002825260162,1.87520003318786,2.81280094385147,4.00011301040649,3.3802199250785,2.73074453466039,1.79919020463222,1.87874518012366,1.23783820938741,1.51776311789035,0.00775885922574148,0.0569342509545307,0.998347780671526,0.0917530385710156,0.994125680259148,-0.0574065480783405,0.995751565410017,-0.092046851752418,-0.00248939068198228,0.998347780671526,3.29405839192532,82.2396773724985,stretched_oval,general_ellipsoid,344.444444444444,202.462962962962,108.5,-41.7095595730675,42.5459789929014,77.0596041646268
11335159_R3522036_SWAN.nii.gz,11335159_R3522036_SWAN,45,73,0.219779729843139,16.0439202785491,3.12922860087436,0.468800008296966,0.468800157308578,1.00002825260162,2.81280004978179,2.81280094385147,4.00011301040649,3.59913235355966,2.56524338650326,2.44578929244492,1.4715627240161,1.40303737746526,1.04884071347737,-0.16734516001147,-0.0896398982403761,0.981814792139632,-0.978644566933506,0.135684432445625,-0.154416794434538,0.119375077098468,0.986688615235507,0.110431732452095,0.981814792139632,10.9435219890779,-151.823882617138,mildly_oval,prolate_like,347.479452054794,369.821917808219,88.3972602739726,-43.132371165981,-33.3543410331827,48.7943089653367
11335159_R3522036_SWAN.nii.gz,11335159_R3522036_SWAN,46,62,0.219779729843139,13.6263432502746,2.96342245561129,0.468800008296966,0.468800157308578,1.00002825260162,1.87520003318786,2.81280094385147,4.00011301040649,4.21513204232613,2.40564546897545,1.86945012232948,2.25474431865223,1.75218339389025,1.28681981949742,0.0582814971570414,0.0133372888593166,0.998211091811254,0.102723947004407,0.994522928141611,-0.0192856452438374,0.993001036153019,-0.103664179572881,-0.0565922262551309,0.998211091811254,3.42764961241193,12.88976579286,stretched_oval,general_ellipsoid,349.338709677419,375.774193548387,82.4032258064516,-44.0039911548937,-35.497065713569,42.539255487342
11335159_R3522036_SWAN.nii.gz,11335159_R3522036_SWAN,47,39,0.219779729843139,8.57140946388244,2.53912768034738,0.468800008296966,0.468800157308578,1.00002825260162,1.40640002489089,2.34400078654289,3.00008475780487,3.24952733502368,2.39492973743275,1.5158325357306,2.14372449358825,1.35683618781527,1.57994348384826,0.0018403575719254,-0.19913807358883,0.97996971419087,-0.0620944395413086,0.97805753859698,0.198866115192272,0.998068581642593,0.0612166549310319,0.0105653914738986,0.97996971419087,11.4870576437546,-89.47050949124,stretched_oval,general_ellipsoid,349.974358974358,269.692307692307,95.025641025641,-44.301983550573,12.6256350103097,60.3362404841643
11335159_R3522036_SWAN.nii.gz,11335159_R3522036_SWAN,48,46,0.219779729843139,10.1098675727844,2.68276283628603,0.468800008296966,0.468800157308578,1.00002825260162,1.87520003318786,2.81280094385147,3.00008475780487,3.03730244194071,2.41573682479974,1.92597030245236,1.57702454605518,1.25729856446283,1.25429598874071,0.0104543445613092,-0.13409305296679,0.990913598567422,0.00557781961092215,0.990960155939228,0.134040506076662,0.999929794839708,-0.00412583166712112,-0.011107785777244,0.990913598567422,7.72970620215019,-85.542046330514,mildly_oval,general_ellipsoid,352.478260869565,138.630434782608,61.1521739130434,-45.4758127798204,77.2972022557388,33.1303065483984
11335159_R3522036_SWAN.nii.gz,11335159_R3522036_SWAN,49,59,0.219779729843139,12.9670040607452,2.91483298082149,0.468800008296966,0.468800157308578,1.00002825260162,2.34400004148483,2.81280094385147,3.00008475780487,3.14959895563801,2.46109003431774,2.2742658480626,1.38488600983965,1.27975771374456,1.08214703061838,-0.158143356942501,0.218703162105012,0.962891273997342,-0.248074699333659,0.935084898404646,-0.253130749467711,0.955745584455126,0.27889990975409,0.0936227436774272,0.962891273997342,15.657697325453,125.870537006878,mildly_oval,prolate_like,352.881355932203,192.254237288135,124.118644067796,-45.6647837485297,45.6579705716694,93.0963024820311
11335159_R3522036_SWAN.nii.gz,11335159_R3522036_SWAN,50,165,0.219779729843139,36.263655424118,4.10668115882922,0.468800008296966,0.468800157308578,1.00002825260162,3.28160005807876,3.75040125846862,5.00014126300811,4.73487234727211,3.51322383515791,3.05697262029371,1.54887626923435,1.34772863029357,1.14924936253448,-0.0595524505280896,-0.0547448059303476,0.996722886192419,-0.132143856904904,0.990139828098166,0.0464878682672051,0.989439996522475,0.128942339971715,0.0661994429298538,0.996722886192419,4.63982997397195,-137.408592060329,mildly_oval,prolate_like,354.296969696969,321.757575757575,22.1333333333333,-46.3284234931974,-3.95909545421599,-14.7257037119431
11335159_R3522036_SWAN.nii.gz,11335159_R3522036_SWAN,51,90,0.219779729843139,19.7801756858825,3.35539645051141,0.468800008296966,0.468800157308578,1.00002825260162,2.34400004148483,2.81280094385147,4.00011301040649,4.07661392627565,2.85865911583089,2.38369767406902,1.71020594206344,1.42605807866348,1.19925406100309,-0.0735860407483472,-0.116236101417831,0.990491929969228,-0.101087178306325,0.988938635123807,0.108543808397932,0.992152446446133,0.0921387252280252,0.0845220582114918,0.990491929969228,7.90730564441425,-122.336832765132,mildly_oval,prolate_like,360.022222222222,302.555555555555,50.2333333333333,-49.0124219245381,2.02913535750575,14.1677214642365
11335159_R3522036_SWAN.nii.gz,11335159_R3522036_SWAN,52,29,0.219779729843139,6.37361216545105,2.30035927454947,0.468800008296966,0.468800157308578,1.00002825260162,1.87520003318786,2.34400078654289,2.00005650520324,2.38269297106031,2.02439713473956,1.71381739685595,1.39028403809614,1.17698890705397,1.18122102066029,0.58386100475778,0.764755389772217,0.272498662267503,0.212050568918488,0.180345001928644,-0.960473964509555,0.783671412866757,-0.618566790325589,0.0568704014555773,0.272498662267503,74.1869939319251,52.6396734814455,mildly_oval,general_ellipsoid,360.482758620689,185.413793103448,116.51724137931,-49.2283213919606,49.6485484936114,85.8752606757755
11335159_R3522036_SWAN.nii.gz,11335159_R3522036_SWAN,53,36,0.219779729843139,7.91207027435302,2.47227724282204,0.468800008296966,0.468800157308578,1.00002825260162,1.87520003318786,2.81280094385147,2.00005650520324,2.70816512407744,2.09356657860293,1.83121784270194,1.47888747090929,1.29356532137833,1.14326462411151,6.26169837126269e-10,0.994423652832842,0.105458990544131,0.556867504535992,0.0875943782845743,-0.825969616441667,0.830601337822096,-0.0587266854123926,0.553762217949741,0.105458990544131,83.946388394773,89.9999999639219,mildly_oval,prolate_like,368.611111111111,155.5,104.444444444444,-53.0388931069109,64.8671597126457,75.3483609755833
11335159_R3522036_SWAN.nii.gz,11335159_R3522036_SWAN,54,108,0.219779729843139,23.736210823059,3.56564079114087,0.468800008296966,0.468800157308578,1.00002825260162,3.28160005807876,3.28160110116004,4.00011301040649,4.10831164804759,3.10438003223597,2.59768736199505,1.58152659482946,1.32339198338694,1.19505529327892,0.206492594781958,-0.118895306850353,0.971197567083636,0.285205499931269,0.956800043584601,0.0564933571799243,0.935958669551796,-0.265325427740094,-0.231481719117012,0.971197567083636,13.7847901901047,-29.9326852877984,mildly_oval,prolate_like,372.148148148148,272.0,114.666666666666,-54.6970560992205,9.47844000657399,79.7542014122009
11335159_R3522036_SWAN.nii.gz,11335159_R3522036_SWAN,55,48,0.219779729843139,10.5494270324707,2.72109319829872,0.468800008296966,0.468800157308578,1.00002825260162,1.87520003318786,2.81280094385147,4.00011301040649,3.6194425170568,2.22114579174621,1.84402428015473,1.96279547726621,1.6295384708679,1.20451005751389,-0.00582416922495638,-0.10468524151979,0.994488350490231,0.0346174296082355,0.993888021099948,0.104824782763174,0.999383666376511,-0.0350371477430878,0.00216463804621062,0.994488350490231,6.01835915912221,-93.1843710973508,stretched_oval,general_ellipsoid,375.604166666666,348.458333333333,71.2291666666666,-56.3172376093765,-21.5843569831922,32.777667414397
11335159_R3522036_SWAN.nii.gz,11335159_R3522036_SWAN,56,36,0.219779729843139,7.91207027435302,2.47227724282204,0.468800008296966,0.468800157308578,1.00002825260162,1.87520003318786,2.81280094385147,3.00008475780487,3.11927206265108,2.29873833654116,1.54216909237934,2.02265243031066,1.35694959842386,1.49058773639052,-0.0326290550364924,-0.467186733420307,0.883556393719998,-0.138590485523364,0.877601819938433,0.458920170577788,0.989812114539837,0.107478378089788,0.0933829542976919,0.883556393719998,27.9256091894809,-93.9951397441112,stretched_oval,general_ellipsoid,376.861111111111,240.638888888888,115.944444444444,-56.9064931753608,23.9637926469246,82.5753576854864
11335159_R3522036_SWAN.nii.gz,11335159_R3522036_SWAN,57,55,0.219779729843139,12.0878851413726,2.84741368163757,0.468800008296966,0.468800157308578,1.00002825260162,1.87520003318786,2.81280094385147,3.00008475780487,3.13369911323441,2.770919714494,1.92345062672357,1.62920694178273,1.13092382173427,1.44059830597992,-0.0829577133289682,0.0240424289697792,0.996263007146437,0.143937501435846,0.98951529887061,-0.0118940733733999,0.986103449684481,-0.142412902892397,0.0855485336526953,0.996263007146437,4.95489097520762,163.837593876811,mildly_oval,oblate_like,378.636363636363,310.581818181818,104.854545454545,-57.7387315739284,-7.47305620014667,68.0890668663111
11335159_R3522036_SWAN.nii.gz,11335159_R3522036_SWAN,58,61,0.219779729843139,13.4065635204315,2.9474036429708,0.468800008296966,0.468800157308578,1.00002825260162,1.87520003318786,2.34400078654289,4.00011301040649,4.0884325035774,2.33616589247444,1.93785935213113,2.10976740860021,1.75006086543236,1.20553944738315,-0.0630511465917091,0.293982985819357,-0.953728764881403,-0.094104724332324,-0.95312370846532,-0.287575202720355,0.993563713997148,-0.0716184362441107,-0.0877607305014045,0.953728764881403,17.4977488224405,102.104966638195,stretched_oval,general_ellipsoid,388.475409836065,344.0,86.5737704918032,-62.3512765139829,-21.1242167385386,48.2575511961686
11335159_R3522036_SWAN.nii.gz,11335159_R3522036_SWAN,59,111,0.219779729843139,24.3955500125885,3.59835491933909,0.468800008296966,0.468800157308578,1.00002825260162,3.28160005807876,3.28160110116004,4.00011301040649,3.67468583220669,3.30611352809273,2.85256889498249,1.28820230728529,1.11148204711729,1.15899515482623,0.423203829775714,0.232510692480727,0.875692466762904,0.183883600155338,0.924354594564952,-0.334298377352588,0.887178302291642,-0.302501837000694,-0.348435501282698,0.875692466762904,28.8729649346335,28.7846544691565,spherical,near_spherical,391.459459459459,269.153153153153,114.234234234234,-63.7501990021886,10.8512052050581,79.4649140512621
11335159_R3522036_SWAN.nii.gz,11335159_R3522036_SWAN,60,63,0.219779729843139,13.8461229801177,2.979269935842,0.468800008296966,0.468800157308578,1.00002825260162,2.34400004148483,2.81280094385147,3.00008475780487,3.14523620128157,2.61657294417113,2.34372031287354,1.34198444413587,1.20204415026461,1.11641859730398,-0.0650863677210981,-0.054963623848584,0.996364774964624,0.218277502474263,0.973517385457233,0.067961990304219,0.973713867956327,-0.221907413724608,0.0513653879921478,0.996364774964624,4.88691664590873,-139.819839985131,mildly_oval,prolate_like,390.79365079365,339.063492063492,79.1111111111111,-63.4380678941333,-18.0358593014497,41.0803538390568
11335159_R3522036_SWAN.nii.gz,11335159_R3522036_SWAN,61,67,0.219779729843139,14.7252418994903,3.0410339727262,0.468800008296966,0.468800157308578,1.00002825260162,2.34400004148483,3.28160110116004,3.00008475780487,3.17462209664319,2.84901042027697,2.22705242810322,1.42548152732399,1.11428939467851,1.27927406841672,0.146910692292534,0.324649989556743,0.934355196256185,0.0221837805360545,0.943285408905738,-0.331240874933428,0.98890096995162,-0.0693903568685242,-0.131376748332429,0.934355196256185,20.8757791048324,65.6522854175223,mildly_oval,oblate_like,396.835820895522,324.194029850746,81.9402985074626,-66.2706372880223,-11.4022965030883,44.6289782541901
11335159_R3522036_SWAN.nii.gz,11335159_R3522036_SWAN,62,120,0.219779729843139,26.3735675811767,3.69309165692932,0.468800008296966,0.468800157308578,1.00002825260162,3.28160005807876,2.81280094385147,4.00011301040649,4.1930183415204,3.12897870428868,2.82867988234743,1.48232338614461,1.34005972484674,1.10616217968504,-0.189913624693736,0.050403686877766,-0.980506136393247,-0.946077206948627,-0.276339487387884,0.169039658667678,0.262432341086175,-0.959737441209484,-0.100166412997071,0.980506136393247,11.3316886486665,165.136188411419,mildly_oval,prolate_like,399.666666666666,343.55,85.25,-67.5977378090222,-20.7748256139457,46.9633730143308
11335159_R3522036_SWAN.nii.gz,11335159_R3522036_SWAN,63,50,0.219779729843139,10.9889864921569,2.75837308013895,0.468800008296966,0.468800157308578,1.00002825260162,2.34400004148483,2.81280094385147,3.00008475780487,3.02831142730657,2.41566711285551,2.09559338349285,1.44508541168378,1.25361288862639,1.15273656229491,0.0146291964960674,-0.180354059315638,0.983492958743605,0.152980561440358,0.972421698722278,0.176048253826817,0.988120910835952,-0.147879860503213,-0.041816413359802,0.983492958743605,10.424889841994,-85.3626762489616,mildly_oval,prolate_like,402.08,335.76,84.14,-68.7291084957122,-17.0261742207408,46.2446629297733
11335159_R3522036_SWAN.nii.gz,11335159_R3522036_SWAN,64,309,0.219779729843139,67.9119365215301,5.06192645259093,0.468800008296966,0.468800157308578,1.00002825260162,3.75040006637573,4.68800157308578,8.00022602081298,6.15004712315707,4.23080988905707,3.71533080552094,1.65531616027788,1.45363353221426,1.13874379174261,0.0300798601120398,0.0472480109396528,0.998430181573997,0.11709262184506,0.991838056578758,-0.0504637239164974,0.992665361501593,-0.11842674944588,-0.0243019565177984,0.998430181573997,3.21084374630635,57.5176367063654,mildly_oval,prolate_like,407.433656957928,309.187702265372,82.2556634304207,-71.2389029220084,-4.43981631977851,45.6844941464442
11335159_R3522036_SWAN.nii.gz,11335159_R3522036_SWAN,65,62,0.219779729843139,13.6263432502746,2.96342245561129,0.468800008296966,0.468800157308578,1.00002825260162,2.34400004148483,2.34400078654289,4.00011301040649,3.90630010902406,2.3784858955865,2.02444177622475,1.92956900756546,1.64234739263014,1.17488481196134,0.209380053589923,-0.075417156411537,0.974921661302834,-0.114020188646448,0.988336982013769,0.100942590441014,0.971163935563769,0.132296116733303,-0.198338971857723,0.974921661302834,12.8587522650354,-19.8086473959027,stretched_oval,prolate_like,414.032258064516,197.967741935483,60.7903225806451,-74.3323271755249,49.67314447775,29.8368743648452
11335159_R3522036_SWAN.nii.gz,11335159_R3522036_SWAN,66,34,0.219779729843139,7.47251081466674,2.42561932112746,0.468800008296966,0.468800157308578,1.00002825260162,1.87520003318786,2.34400078654289,3.00008475780487,3.10078194527048,2.05252169965299,1.68960442560073,1.8352117799218,1.51071822811651,1.21479422553194,-0.107646646204686,0.00619879472064344,-0.994169892173814,0.0160311447179038,-0.999839728177341,-0.00796996595309719,0.994059958936037,0.0167956215208377,-0.107530019705252,0.994169892173814,6.18995010388991,176.704282086387,stretched_oval,general_ellipsoid,414.117647058823,316.382352941176,69.7941176470588,-74.3723575367647,-6.47964226454495,32.9363910222754
11335159_R3522036_SWAN.nii.gz,11335159_R3522036_SWAN,67,29,0.219779729843139,6.37361216545105,2.30035927454947,0.468800008296966,0.468800157308578,1.00002825260162,1.87520003318786,2.34400078654289,3.00008475780487,2.86438837321844,2.01922954596968,1.54260959842492,1.85684594218985,1.41855510134331,1.30896990919245,0.0617543193524401,0.0447018740991195,0.997089838727355,-0.282852361033881,0.958825281468444,-0.025468048109676,0.957173414747231,0.280456453070676,-0.0718556332665709,0.997089838727355,4.37221527535319,35.8995142265626,stretched_oval,general_ellipsoid,415.310344827586,305.689655172413,82.1724137931034,-74.9314942606564,-2.80029621668929,45.7746470241711
11335159_R3522036_SWAN.nii.gz,11335159_R3522036_SWAN,68,133,0.219779729843139,29.2307040691375,3.82190790615564,0.468800008296966,0.468800157308578,1.00002825260162,3.75040006637573,3.28160110116004,4.00011301040649,3.97692987163226,3.5520222502079,2.91452016886782,1.36452302307351,1.11962414407721,1.2187331170838,0.352449223753299,-0.269995025822864,0.896036958337437,0.733438672072578,0.674384156583359,-0.085286128167268,-0.581246298039057,0.687247186520441,0.435710965705051,0.896036958337437,26.3580639870852,-37.4540531712387,mildly_oval,oblate_like,424.586466165413,304.022556390977,79.3007518796992,-79.2801400207935,-1.72026705304931,43.0013379642837
11335159_R3522036_SWAN.nii.gz,11335159_R3522036_SWAN,69,29,0.219779729843139,6.37361216545105,2.30035927454947,0.468800008296966,0.468800157308578,1.00002825260162,1.87520003318786,2.34400078654289,3.00008475780487,2.72777652339326,2.00467376354104,1.62094235775253,1.68283376046472,1.36070844693199,1.23673352969846,-0.080871231236008,0.105113572930414,-0.991166474788253,-6.89711615192992e-10,-0.994423652070233,-0.105458997735134,0.996724557718115,0.0085285983081367,-0.0804202651856254,0.991166474788253,7.62122654816022,127.573604033157,mildly_oval,general_ellipsoid,427.551724137931,295.0,68.9655172413793,-80.6702529829123,3.57589623948623,33.169514187451
11335159_R3522036_SWAN.nii.gz,11335159_R3522036_SWAN,70,65,0.219779729843139,14.285682439804,3.01046874849099,0.468800008296966,0.468800157308578,1.00002825260162,2.34400004148483,2.81280094385147,3.00008475780487,3.03400636888752,2.75495440155582,2.37145957876401,1.27938354760776,1.10129095682095,1.1617125698561,-0.0120403052303718,0.150647579269505,0.988514207237406,-0.0834615490912931,0.984984780182415,-0.151126280415682,0.996438257431558,0.084322533579321,-0.000713762932019287,0.988514207237406,8.69229948427241,94.5695748339633,spherical,near_spherical,432.076923076923,273.415384615384,56.2,-82.7916662830572,14.984617419197,21.5419497847557
11475837_R3557073_SWAN.nii.gz,11475837_R3557073_SWAN,1,277,0.219774812459945,60.8776230514049,4.88074766252949,0.468802362680435,0.468798339366912,1.00000476837158,4.21922126412391,4.21918505430221,7.00003337860107,5.76623184775054,3.90814968433768,3.80939203968036,1.51368821788013,1.4754378192983,1.02592477844984,0.0828283043213322,0.0326061437024711,0.996030276345105,-0.186936118841616,0.982231655292859,-0.0166091183716194,0.978874026356653,0.184818328997703,-0.0874518484127747,0.996030276345105,5.10694924412465,21.4875475451462,mildly_oval,prolate_like,271.862815884476,353.628158844765,72.884476534296,-12.8350867805397,-16.892115404251,-5.12564836418263
11475837_R3557073_SWAN.nii.gz,11475837_R3557073_SWAN,2,102,0.219774812459945,22.4170308709144,3.49832233258106,0.468802362680435,0.468798339366912,1.00000476837158,2.34401181340217,2.81279003620147,4.00001907348632,4.31094549929407,2.86948532958203,2.54194267261256,1.6959255398405,1.5023410138577,1.12885524937225,-0.0219986139654357,0.057171709418255,0.998121964804799,-0.0888053795514754,0.994305372110934,-0.0589103688161423,0.995806038115012,0.0899345463853024,0.0167961846903325,0.998121964804799,3.51202408398107,111.045799895412,mildly_oval,prolate_like,312.990196078431,337.264705882352,95.5588235294117,-31.3635131643592,-7.50428767119735,17.5301618412155
11475837_R3557073_SWAN.nii.gz,11475837_R3557073_SWAN,3,100,0.219774812459945,21.9774812459945,3.47530638774263,0.468802362680435,0.468798339366912,1.00000476837158,3.28161653876304,2.81279003620147,4.00001907348632,3.81155148693646,2.95024317300125,2.70015279702728,1.41160585102175,1.29194485451821,1.09262082362498,0.0338108956840997,0.000310824978219159,0.999428199882748,0.963382300819016,-0.266153580116294,-0.0325086797630574,0.265991288958298,0.963930586286747,-0.0092983342159304,0.999428199882748,1.93767281637608,0.526707660177416,mildly_oval,prolate_like,341.05,234.28,86.32,-43.5606275710091,40.5207717374619,5.9504672315996
11703061_R3518311_SWAN.nii.gz,11703061_R3518311_SWAN,1,78,0.219777509570121,17.1426457464694,3.19908964008435,0.468799918889999,0.468800157308578,1.00001835823059,2.81279951333999,2.81280094385147,4.00007343292236,4.20868634563393,2.72653842010377,2.15933253715363,1.94906818344046,1.54360060162796,1.26267648599312,0.138019175540928,-0.239541636813122,0.961025760016812,-0.168726563545022,0.950441806409324,0.261135442603389,0.975951870707408,0.198192272458515,-0.090762157314818,0.961025760016812,16.04897020443,-60.0503005859307,stretched_oval,general_ellipsoid,188.641025641025,327.282051282051,46.7820512820512,28.4375841636688,-8.53206647158815,-19.2129991113757
11703061_R3518311_SWAN.nii.gz,11703061_R3518311_SWAN,2,58,0.219777509570121,12.747095555067,2.89826131259234,0.468799918889999,0.468800157308578,1.00001835823059,2.81279951333999,3.28160110116004,2.00003671646118,3.26006001472805,2.58538003399079,1.98876717486034,1.63923663661483,1.26095969330118,1.29999130449865,-0.154054392007491,0.987031426732138,0.0451243498160499,0.981501175002958,0.158126072572445,-0.107942524709331,0.113678000382717,-0.0276605823498479,0.993132521073121,0.0451243498160499,87.4136869839423,98.871067277628,mildly_oval,general_ellipsoid,208.258620689655,174.862068965517,35.5689655172413,23.8420225327898,64.0666245888147,-24.1501682829754
11703061_R3518311_SWAN.nii.gz,11703061_R3518311_SWAN,3,157,0.219777509570121,34.5050690025091,4.03919443471923,0.468799918889999,0.468800157308578,1.00001835823059,3.28159943222999,3.75040125846862,5.00009179115295,4.53324525352898,3.36289394026939,3.26515611814492,1.38837013897654,1.34801909725581,1.02993358313904,0.143364467057184,-0.181723811109705,0.972842785891519,0.786997025953601,0.616956356540742,-0.000731617495455359,-0.600068588351028,0.765729267169367,0.231465718141298,0.972842785891519,13.3834481628866,-51.7295954850087,mildly_oval,prolate_like,209.038216560509,325.611464968152,42.6815286624203,18.8512885995256,-6.776785551339,-22.9393753302847
11703061_R3518311_SWAN.nii.gz,11703061_R3518311_SWAN,4,33,0.219777509570121,7.25265781581401,2.40159362348757,0.468799918889999,0.468800157308578,1.00001835823059,1.87519967555999,2.34400078654289,2.00003671646118,2.40625457676087,2.03084225103433,1.91413221073961,1.25709946432127,1.18485548325348,1.06097282081137,-0.102792571470025,0.992713946096765,-0.0628705692320946,-0.306844809017469,-0.0917688646087218,-0.947325043829972,0.946192343252476,0.0780864694643961,-0.314042278773055,0.0628705692320946,86.3954044099548,95.9117388118015,spherical,near_spherical,216.454545454545,137.060606060606,58.5151515151515,21.7877157468235,79.9838364418934,0.299319505578637
11703061_R3518311_SWAN.nii.gz,11703061_R3518311_SWAN,5,171,0.219777509570121,37.5819541364908,4.15585364997269,0.468799918889999,0.468800157308578,1.00001835823059,3.28159943222999,3.75040125846862,6.00011014938354,5.58429221723288,3.51040703201036,2.79772991561343,1.99600833020669,1.59078197095418,1.25473406579372,0.0723302832824597,0.173386571150839,0.982194190099307,0.248050261958317,0.950704935851001,-0.186094579423888,0.966043165527653,-0.25709379979513,-0.0257561729341155,0.982194190099307,10.8284183016184,67.3559586474906,stretched_oval,general_ellipsoid,227.181286549707,154.315789473684,89.1169590643274,16.9868496147512,69.6661181867296,30.2613765265335
11703061_R3518311_SWAN.nii.gz,11703061_R3518311_SWAN,6,152,0.219777509570121,33.4061814546585,3.99585209395573,0.468799918889999,0.468800157308578,1.00001835823059,3.75039935111999,3.75040125846862,3.00005507469177,3.91388696195718,3.78765579985711,3.11648502641046,1.25586580034531,1.0333269887155,1.21536146259611,-0.95714025944645,0.222308712763951,-0.185637711621365,0.169834444458774,0.950003943830438,0.26200909942594,0.234603463789777,0.219251779778062,-0.947042698003628,0.185637711621365,79.301685362846,166.924125335493,spherical,near_spherical,244.651315789473,296.861842105263,79.0855263157894,4.02531168516726,4.61925384130229,14.9553372204842
11703061_R3518311_SWAN.nii.gz,11703061_R3518311_SWAN,7,186,0.219777509570121,40.8786167800426,4.27398037085403,0.468799918889999,0.468800157308578,1.00001835823059,3.75039935111999,3.75040125846862,5.00009179115295,4.84677181697913,3.72891673230987,3.17311936014338,1.52744705347614,1.29978011441859,1.17515804137332,0.167708225642241,-0.0621671604876803,0.983874583068812,0.821494003098599,0.560539139090588,-0.104611072170302,-0.544996838454104,0.825791207088378,0.14507697395021,0.983874583068812,10.3033496413249,-20.339058759813,mildly_oval,prolate_like,290.478494623655,261.123655913978,34.252688172043,-17.383202434267,26.5031318984805,-27.6484191240442
11703061_R3518311_SWAN.nii.gz,11703061_R3518311_SWAN,8,76,0.219777509570121,16.7030907273292,3.17150990872732,0.468799918889999,0.468800157308578,1.00001835823059,2.34399959444999,3.28160110116004,4.00007343292236,3.85841478186761,2.91629893243847,2.06329232536915,1.87002817508046,1.3230518788557,1.41342014244961,-0.0617194223633734,0.137536955704156,-0.988571848030664,0.00621429917379943,-0.990387970557425,-0.138177604049725,0.998074193328787,0.0146715231239623,-0.0602714776682388,0.988571848030664,8.67041932421949,114.16805909502,stretched_oval,general_ellipsoid,289.631578947368,207.776315789473,61.7105263157894,-14.6012503397896,49.0037009188611,1.77207520922744
11703061_R3518311_SWAN.nii.gz,11703061_R3518311_SWAN,9,94,0.219777509570121,20.6590858995914,3.40437578718965,0.468799918889999,0.468800157308578,1.00001835823059,2.34399959444999,2.81280094385147,4.00007343292236,4.26505180259595,2.83958291921143,2.36423560290589,1.80398763869123,1.50199938650862,1.20105750701042,0.0953468163968123,-0.0551517260023658,0.993915122996904,0.219509568240984,0.975050474394688,0.0330472666547587,0.970940025981857,-0.215022927851087,-0.105074290122259,0.993915122996904,6.32388549072047,-30.0464965398279,stretched_oval,general_ellipsoid,293.893617021276,290.372340425531,67.4574468085106,-19.0825508375592,10.148879142914,4.33319246661947
11703061_R3518311_SWAN.nii.gz,11703061_R3518311_SWAN,10,103,0.219777509570121,22.6370834857225,3.50973195701089,0.468799918889999,0.468800157308578,1.00001835823059,2.81279951333999,3.28160110116004,5.00009179115295,4.29897656884534,3.00604369832274,2.49783212573099,1.72108306421403,1.43011113619007,1.20346106023559,0.292459825529993,0.249514578559503,0.923152059813137,0.448087189611564,0.817065399761714,-0.362797468318397,0.844798864201991,-0.519756296352918,-0.127154517987063,0.923152059813137,22.6086692763243,40.4694337749768,mildly_oval,general_ellipsoid,324.26213592233,348.669902912621,68.0291262135922,-35.125403469121,-16.1370254533311,3.06275928892122
11703061_R3518311_SWAN.nii.gz,11703061_R3518311_SWAN,11,76,0.219777509570121,16.7030907273292,3.17150990872732,0.468799918889999,0.468800157308578,1.00001835823059,2.34399959444999,2.81280094385147,4.00007343292236,4.07725721026065,2.56904784692522,2.20382543002854,1.85008175089795,1.58706939426626,1.16572202676322,-0.0969421761539387,0.226417045617417,0.969194271514446,-0.308240697392463,0.91907449927418,-0.245539685702581,0.946356110010151,0.322548269624555,0.0193061339645767,0.969194271514446,14.2585255776454,113.178555541123,stretched_oval,prolate_like,329.815789473684,112.407894736842,60.328947368421,-30.385564457331,94.8073013594472,4.69587090949674
11703061_R3518311_SWAN.nii.gz,11703061_R3518311_SWAN,12,97,0.219777509570121,21.3184184283018,3.44021395542521,0.468799918889999,0.468800157308578,1.00001835823059,2.81279951333999,2.81280094385147,5.00009179115295,4.52367383531873,2.79608802433013,2.45607924951689,1.84182730919962,1.61785816324666,1.13843558789078,0.0443781466176133,-0.138587393797145,0.98935540347405,0.311788631723937,0.94278592859021,0.118078541573006,0.949114550109996,-0.303229660707537,-0.0850490660541976,0.98935540347405,8.36735562079971,-72.2440106236127,stretched_oval,prolate_like,332.958762886597,166.278350515463,69.1237113402061,-33.3520913161721,69.0470847110696,11.3982063306437
11703061_R3518311_SWAN.nii.gz,11703061_R3518311_SWAN,13,87,0.219777509570121,19.1206433326005,3.31768100316577,0.468799918889999,0.468800157308578,1.00001835823059,2.34399959444999,2.81280094385147,4.00007343292236,4.26935229382741,2.82559210873036,2.22189904016204,1.92148797792182,1.51095845739241,1.27170139491319,0.0235672988629636,-0.0218013240624087,0.999484509481477,-0.0221996172490242,0.999504258123335,0.0223252096813701,0.999475742286075,0.0227143184455567,-0.02307163451629,0.999484509481477,1.83978311648291,-42.7708856914162,stretched_oval,general_ellipsoid,334.666666666666,250.804597701149,23.5057471264367,-37.9838627946787,33.5871382372817,-37.3159435495905
11703061_R3518311_SWAN.nii.gz,11703061_R3518311_SWAN,14,41,0.219777509570121,9.01087789237499,2.58180137292992,0.468799918889999,0.468800157308578,1.00001835823059,2.34399959444999,2.34400078654289,2.00003671646118,2.60543771119657,2.2667523354058,2.00326279769292,1.30059706304991,1.14941437161027,1.13153019065512,-0.693363104160883,-0.696642294382315,-0.184220301449456,-0.706793957923349,0.707273035366036,-0.0143928623685256,-0.140320728445341,-0.120226316261692,0.982779591793964,0.184220301449456,79.384322323327,-134.864832603129,mildly_oval,general_ellipsoid,337.829268292682,223.853658536585,17.4634146341463,-38.7547053960038,46.7602654714591,-42.2370260924827
11703061_R3518311_SWAN.nii.gz,11703061_R3518311_SWAN,15,78,0.219777509570121,17.1426457464694,3.19908964008435,0.468799918889999,0.468800157308578,1.00001835823059,2.34399959444999,2.81280094385147,4.00007343292236,3.9199668374661,2.61382703838364,2.31473832316098,1.69348163386046,1.49970398955325,1.12921059466204,0.1102850516366,-0.00712713101315809,0.993874444479298,-0.0232536402573465,0.999682060965875,0.00974911266744981,0.993627936201621,0.0241863801868325,-0.110084255973157,0.993874444479298,6.34501000379031,-3.69757700680618,mildly_oval,prolate_like,339.987179487179,332.602564102564,45.7307692307692,-42.522986577776,-6.26606840177032,-18.29506043808
11703061_R3518311_SWAN.nii.gz,11703061_R3518311_SWAN,16,53,0.219777509570121,11.6482080072164,2.81246309072124,0.468799918889999,0.468800157308578,1.00001835823059,1.87519967555999,2.81280094385147,4.00007343292236,3.32165447454212,2.55677454671299,1.88676914790055,1.7604986165044,1.29915814392491,1.35510724751778,0.104576766621095,-0.113176022002266,0.988056115778258,-0.137994949156807,0.982241840242857,0.127115543044643,0.984896488921697,0.149640085939786,-0.0871019562905805,0.988056115778258,8.86428347142186,-47.2614872358462,mildly_oval,general_ellipsoid,350.509433962264,213.150943396226,44.0754716981132,-43.6776744123056,49.8730478477225,-15.1295765443652
11703061_R3518311_SWAN.nii.gz,11703061_R3518311_SWAN,17,86,0.219777509570121,18.9008658230304,3.30492056552899,0.468799918889999,0.468800157308578,1.00001835823059,2.34399959444999,2.81280094385147,4.00007343292236,4.21108208524667,2.66334897374323,2.34529212430423,1.79554693490302,1.58112291207868,1.13561502473102,0.000201459698693215,0.053283694231526,0.99857939461168,0.0740658268851768,0.995835876160523,-0.0531522439734788,0.997253334264571,-0.0739713166074692,0.0037458800771957,0.99857939461168,3.05439911956488,89.7833720870484,mildly_oval,prolate_like,352.720930232558,323.209302325581,39.5697674418604,-48.3314732119094,-0.971721393511044,-23.8823650146639
11703061_R3518311_SWAN.nii.gz,11703061_R3518311_SWAN,18,118,0.219777509570121,25.9337461292743,3.67244706270402,0.468799918889999,0.468800157308578,1.00001835823059,2.81279951333999,2.81280094385147,4.00007343292236,4.2868209031438,2.96006742917922,2.87347974044724,1.49185701322417,1.44821731454018,1.03013339106351,0.110068976662977,0.0735645315005573,0.991197800684338,0.589355733258716,0.798193717668074,-0.124686040719478,0.800340327642838,-0.597892171532896,-0.0445006872781975,0.991197800684338,7.60768123167095,33.7567624335094,mildly_oval,prolate_like,355.491525423728,311.559322033898,58.6694915254237,-48.7785212847135,2.91727377954177,-4.36304460655329
11703061_R3518311_SWAN.nii.gz,11703061_R3518311_SWAN,19,99,0.219777509570121,21.757973447442,3.46369737152796,0.468799918889999,0.468800157308578,1.00001835823059,2.81279951333999,2.81280094385147,4.00007343292236,4.52471581301455,2.9312692081423,2.37265381326718,1.90702739173902,1.54360295548633,1.23543906479382,0.152303925247732,0.0876365909855025,-0.984440624047267,0.0387533074170268,-0.995824495384752,-0.0826544345812431,0.987573640554654,0.0255617353116582,0.155064187256381,0.984440624047267,10.1204178358667,29.9163804439126,stretched_oval,general_ellipsoid,356.525252525252,197.646464646464,97.5454545454545,-44.6606215454562,52.7321910341881,38.8221421233105
11703061_R3518311_SWAN.nii.gz,11703061_R3518311_SWAN,20,46,0.219777509570121,10.1097654402256,2.68275380226213,0.468799918889999,0.468800157308578,1.00001835823059,2.34399959444999,2.34400078654289,3.00005507469177,3.11675384020274,2.32983309194917,1.93522727420073,1.61053633428662,1.33775842182549,1.20390670543407,0.206105961004792,-0.119252029857613,-0.97123595805197,-0.0364354379641898,-0.992793214545417,0.114166947988176,0.977851109166752,-0.0118569189681057,0.2089655994989,0.97123595805197,13.7755556619254,-30.0534910587124,mildly_oval,general_ellipsoid,366.108695652173,193.195652173913,108.152173913043,-48.7347320770116,54.198451274358,49.6985614622902
11703061_R3518311_SWAN.nii.gz,11703061_R3518311_SWAN,21,44,0.219777509570121,9.67021042108535,2.64329580872173,0.468799918889999,0.468800157308578,1.00001835823059,2.81279951333999,2.34400078654289,3.00005507469177,3.54136210405071,1.99730232658894,1.89278004112574,1.87098449217821,1.77307263748035,1.05522156996173,-0.513781464419037,-0.337558014741649,-0.788722507288276,0.50368135023792,-0.862906309447653,0.0412043509587815,-0.694502486850791,-0.376094785657958,0.613366943973149,0.788722507288276,37.9337124227874,-146.694806217023,stretched_oval,prolate_like,370.295454545454,147.0,82.0454545454545,-49.8724183013493,78.0809766463088,25.5578466560691
11703061_R3518311_SWAN.nii.gz,11703061_R3518311_SWAN,22,51,0.219777509570121,11.2086529880762,2.77663163375488,0.468799918889999,0.468800157308578,1.00001835823059,1.87519967555999,2.34400078654289,4.00007343292236,3.89249939872095,2.27140839570974,1.73046176080383,2.24939925682773,1.71369420227253,1.3126024782279,-0.108780816524574,0.139812059285702,-0.984184597539779,-0.0451796055267157,-0.989732127816346,-0.135606483667181,0.993038537621122,-0.0297136878629742,-0.113980522690872,0.984184597539779,10.2035618098843,127.884711795072,stretched_oval,general_ellipsoid,378.627450980392,190.92156862745,36.313725490196,-56.3103095569154,61.7596934263905,-21.5893740850482
11703061_R3518311_SWAN.nii.gz,11703061_R3518311_SWAN,23,52,0.219777509570121,11.4284304976463,2.79466221451796,0.468799918889999,0.468800157308578,1.00001835823059,2.81279951333999,2.81280094385147,3.00005507469177,2.79961463425329,2.69970456619761,2.02755112562128,1.38078620996323,1.0370077782979,1.33150998368555,-0.575035142108904,0.818073434166904,0.00951008150114602,0.776345707797173,0.549297735517732,-0.309126737342465,-0.258112237843729,-0.170375626383169,-0.950973300681908,0.00951008150114602,89.4551042534033,125.103914499936,mildly_oval,oblate_like,392.211538461538,220.230769230769,81.6153846153846,-62.4640744678103,44.6601870476196,22.5852782896791
11703061_R3518311_SWAN.nii.gz,11703061_R3518311_SWAN,24,92,0.219777509570121,20.2195308804512,3.38005798715557,0.468799918889999,0.468800157308578,1.00001835823059,2.81279951333999,3.28160110116004,5.00009179115295,4.18531163195663,2.91366944506271,2.34767595210622,1.78274673223183,1.43644010100347,1.24108671916527,0.14068044204782,0.184546887948794,0.972703171257113,0.193357987051643,0.958433470796078,-0.209804601715785,0.970990062806291,-0.217595331306068,-0.0991492295745949,0.972703171257113,13.4179637533699,52.681657795037,mildly_oval,general_ellipsoid,400.20652173913,299.086956521739,92.1739130434782,-68.4514041002029,7.25363968559743,30.1387048194427
11734562_R3666144_SWAN.nii.gz,11734562_R3666144_SWAN,1,64,0.263729751110076,16.8787040710449,3.18258607952376,0.468800008296966,0.468800008296966,1.20000743865966,1.87520003318786,2.81280004978179,4.80002975463867,4.68057261190343,2.74036593643793,1.8247113638382,2.56510301007719,1.70801006889885,1.50180789726309,0.118060685334033,-0.0942943985645546,0.988519216291624,0.365601422181999,0.929682216747309,0.0450175072866938,0.923253635073784,-0.356089233568156,-0.144233085871048,0.988519216291624,8.69040024093338,-38.6141632992186,elongated,general_ellipsoid,248.640625,298.4375,102.546875,6.67370770848356,-12.5503181974636,38.8760892314603
11734562_R3666144_SWAN.nii.gz,11734562_R3666144_SWAN,2,74,0.263729751110076,19.5160015821456,3.34039178876194,0.468800008296966,0.468800008296966,1.20000743865966,2.34400004148483,2.81280004978179,3.600022315979,3.89227129936596,2.96341213663708,2.34363834444219,1.66078154020489,1.31344245076318,1.26444941629524,0.0925448890822376,-0.0800938699716601,0.992481947189831,0.0441146195392879,0.996110586255699,0.0762731951096239,0.994730789634894,-0.036724269118523,-0.0957182543199054,0.992481947189831,7.03012066765285,-40.8748673720284,mildly_oval,general_ellipsoid,276.837837837837,283.445945945945,69.0,-10.0383959963565,-2.09685824549681,0.71658368453987
11734562_R3666144_SWAN.nii.gz,11734562_R3666144_SWAN,3,228,0.263729751110076,60.1303832530975,4.86069588584736,0.468800008296966,0.468800008296966,1.20000743865966,3.75040006637573,4.21920007467269,6.00003719329834,5.83929450166513,3.93257285352172,3.67490125372028,1.58896636902929,1.48485348375323,1.07011660504907,-0.105712770850113,0.167307857389645,-0.980220837839554,-0.178616384704666,-0.972906476285079,-0.146796374333922,0.978223388186065,-0.15956525078549,-0.132732564005738,0.980220837839554,11.4145821358555,122.286573683323,mildly_oval,prolate_like,293.311403508771,241.710526315789,94.7149122807017,-14.3922781600992,15.0627547800867,33.5991915272254
11734562_R3666144_SWAN.nii.gz,11734562_R3666144_SWAN,4,211,0.263729751110076,55.6469774842262,4.73675569528577,0.468800008296966,0.468800008296966,1.20000743865966,3.75040006637573,3.75040006637573,7.200044631958,5.65424921349714,3.80186920228802,3.65267268932709,1.54797587805185,1.48722875844711,1.04084584786281,0.13165341970354,-0.0751248722017834,0.988445056974351,-0.12374606496041,0.988079035675422,0.0915790951338843,0.983541706531643,0.134372887277876,-0.120787576668421,0.988445056974351,8.71847668532194,-29.7102070879656,mildly_oval,prolate_like,294.781990521327,319.70616113744,60.4123222748815,-19.7807387970388,-18.0701756907794,-10.0473783402505
11734562_R3666144_SWAN.nii.gz,11734562_R3666144_SWAN,5,72,0.263729751110076,18.9885420799255,3.31002290974377,0.468800008296966,0.468800008296966,1.20000743865966,2.34400004148483,2.81280004978179,4.80002975463867,4.62621147096962,2.6268784891553,2.12803012024611,2.17394078540325,1.76110600093163,1.23441790798125,0.127949508672136,-0.0658891913518567,0.989589580428956,-0.291987634281212,0.951066076206922,0.101076901986701,0.947824954650076,0.301880660446088,-0.102449608057881,0.989589580428956,8.27464238928655,-27.2467665540044,stretched_oval,general_ellipsoid,303.930555555555,276.361111111111,35.4583333333333,-26.325013182902,4.65307452415841,-37.7751762219187
11734562_R3666144_SWAN.nii.gz,11734562_R3666144_SWAN,6,112,0.263729751110076,29.5377321243286,3.83524260981798,0.468800008296966,0.468800008296966,1.20000743865966,2.81280004978179,3.28160005807876,4.80002975463867,4.94306487228707,2.96778207772778,2.79247614219325,1.77013683218246,1.6655754172057,1.06277795283036,0.0331778423965757,-0.070028328591572,0.996993111294445,-0.466141057594068,0.881316831815771,0.0774154789644403,0.884088086787165,0.467307901872931,0.0034028882037872,0.996993111294445,4.44431865566654,-64.649461361141,mildly_oval,prolate_like,316.5625,293.616071428571,81.5714285714285,-27.2961176211912,-7.74029959026458,17.0704488207785
11734562_R3666144_SWAN.nii.gz,11734562_R3666144_SWAN,7,79,0.263729751110076,20.834650337696,3.41399225312785,0.468800008296966,0.468800008296966,1.20000743865966,2.34400004148483,2.81280004978179,4.80002975463867,4.85921312487958,2.69174418230579,2.17733746129023,2.23172255622706,1.80522843025784,1.23625493528721,0.0669589267884151,-0.0279113601518488,0.997365258116512,-0.37085286913559,0.927298563406724,0.0508480457611212,0.926274609161475,0.37328049812212,-0.0517399086243635,0.997365258116512,4.16008369856822,-22.6284731847528,stretched_oval,general_ellipsoid,322.227848101265,269.582278481012,48.506329113924,-33.3367732366004,6.71205607358412,-21.1788987134925
11734562_R3666144_SWAN.nii.gz,11734562_R3666144_SWAN,8,46,0.263729751110076,12.1315685510635,2.85083956914065,0.468800008296966,0.468800008296966,1.20000743865966,1.87520003318786,2.34400004148483,3.600022315979,3.81700340614074,2.35650608435056,1.85414551364282,2.058632064234,1.61977235343853,1.27093912910899,0.22523748487838,0.144716625175657,0.963496327861933,0.102327457076024,0.979924517878527,-0.171105320749796,0.968915459126344,-0.137131461227191,-0.20590724952677,0.963496327861933,15.5287304368524,32.7210223275895,stretched_oval,general_ellipsoid,337.630434782608,171.108695652173,98.1304347826087,-33.8862227964741,48.0746852319849,42.210704245888
11734562_R3666144_SWAN.nii.gz,11734562_R3666144_SWAN,9,78,0.263729751110076,20.570920586586,3.39952601073203,0.468800008296966,0.468800008296966,1.20000743865966,1.87520003318786,2.81280004978179,6.00003719329834,5.34826104853548,2.85510367517861,1.87857810630853,2.84697294755817,1.87322831567609,1.51982164893264,0.125546998728583,-0.0665273558009564,0.989854566105737,-0.156688286363779,0.983896706566183,0.0860003007238959,0.97963602017618,0.165895695358111,-0.113101221191556,0.989854566105737,8.16847159766972,-27.9191168609803,elongated,general_ellipsoid,348.564102564102,250.448717948717,40.8205128205128,-46.2610662882574,16.600347580818,-28.4686711760572
11734562_R3666144_SWAN.nii.gz,11734562_R3666144_SWAN,10,57,0.263729751110076,15.0325958132743,3.06204653185825,0.468800008296966,0.468800008296966,1.20000743865966,2.34400004148483,2.34400004148483,4.80002975463867,4.19446642310371,2.27553368661252,2.19818545885937,1.90814947219248,1.84328909204055,1.03518730753195,-0.213916629640101,-0.0141002782578015,-0.976750151121806,-0.0699875200012263,-0.997104984806106,0.0297219837644214,-0.974341532835123,0.0747183473309411,0.212310494240475,0.976750151121806,12.3792047822094,-176.22881376435,stretched_oval,prolate_like,377.035087719298,220.175438596491,59.2280701754385,-57.1562311712717,29.2024984876053,-4.1792096908678
11769154_R3533292_SWAN.nii.gz,11769154_R3533292_SWAN,1,56,0.219768494367599,12.3070356845855,2.86451837534982,0.468799889087677,0.468800157308578,0.99997740983963,1.8751995563507,2.81280094385147,2.99993222951889,3.15336553251028,2.70561719507294,1.97519451119732,1.59648354358719,1.16548842838991,1.36979785015342,-0.137219320136471,0.0924669786091453,0.986215349732593,0.0687846375078206,0.994119426116684,-0.0836375529313918,0.988149549321459,-0.0563597771848812,0.142772699391264,0.986215349732593,9.52435676609276,146.025440456805,mildly_oval,oblate_like,308.553571428571,282.196428571428,60.9642857142857,-25.8690797115809,2.96952299105136,-18.0525593916619
11919119_R3667211_SWAN.nii.gz,11919119_R3667211_SWAN,1,122,0.219772949814796,26.8122998774051,3.71345770580005,0.468800008296966,0.468800008296966,0.999997735023498,3.28160005807876,2.81280004978179,3.99999094009399,4.26033822680613,3.0873017143359,2.89724283112203,1.47048020312339,1.37995525575722,1.06559991491644,0.189331470630082,-0.182410745990086,0.964821182383757,-0.548650744354723,0.795242716252393,0.258014307677934,0.814331600116352,0.578200088200318,-0.0504846814101663,0.964821182383757,15.2426228888673,-43.9334477130296,mildly_oval,prolate_like,323.581967213114,169.540983606557,65.639344262295,-26.3323752359777,72.2454566725636,-2.5215817814479
12158230_R3539338_SWAN.nii.gz,12158230_R3539338_SWAN,1,74,0.219776451587677,16.263457417488,3.14343693329836,0.468801587820053,0.468801826238632,1.00000643730163,2.81280952692031,2.34400913119316,4.00002574920654,3.68908492792064,2.65319528628362,2.35943131953016,1.56354834208747,1.39043098221692,1.12450625891155,0.135846278352862,-0.154496705034721,0.978609501686495,0.925450922208385,0.372405870117365,-0.0696739440951749,-0.353675528191202,0.91512001182115,0.193569069644743,0.978609501686495,11.8720381391703,-48.675393134449,mildly_oval,prolate_like,273.297297297297,353.04054054054,54.081081081081,-7.41034372158763,-21.3649456214273,13.6739354324401
12158230_R3539338_SWAN.nii.gz,12158230_R3539338_SWAN,2,53,0.219776451587677,11.6481519341468,2.8124585777612,0.468801587820053,0.468801826238632,1.00000643730163,2.34400793910026,2.81281095743179,3.0000193119049,3.1488397334865,2.36402143825265,2.1520116070281,1.46320759758122,1.33198442388658,1.09851704820371,-0.101401407848997,-0.0517248981346382,0.993500019828486,-0.744273436889662,0.666599403765373,-0.041258769250881,0.660132415221893,0.743619371595851,0.106091585720546,0.993500019828486,6.53625773987308,-152.97385373885,mildly_oval,prolate_like,289.754716981132,275.603773584905,34.0377358490566,-15.7936367982392,16.2933320297753,-3.37634590443855
12158230_R3539338_SWAN.nii.gz,12158230_R3539338_SWAN,3,86,0.219776451587677,18.9007748365402,3.30491526235738,0.468801587820053,0.468801826238632,1.00000643730163,3.28161111474037,2.81281095743179,4.00002574920654,3.6098675620932,2.86885964556215,2.61937277191092,1.37814197383585,1.25829354101631,1.09524679966388,0.110311650860788,-0.0257014475646985,0.993564680973235,-0.634258576294432,0.767831564952963,0.0902814834771963,0.765210688687323,0.640136019495046,-0.0683994039718923,0.993564680973235,6.50363033818273,-13.115333530796,mildly_oval,prolate_like,355.10465116279,226.63953488372,32.9883720930232,-46.3828323185633,39.2636002788384,-1.57266545785201
12158230_R3539338_SWAN.nii.gz,12158230_R3539338_SWAN,4,73,0.219776451587677,16.0436809659004,3.12921304217268,0.468801587820053,0.468801826238632,1.00000643730163,1.87520635128021,2.81281095743179,4.00002574920654,4.27313364097224,2.61527946125829,2.01451373409484,2.1211737446368,1.63391090867065,1.29821872990773,0.0904958309510609,-0.0505334846654775,0.994613930883758,0.0430297713629118,0.997977555938507,0.0467892788944131,0.994966805153283,-0.0385637753671442,-0.0924872524864908,0.994613930883758,5.94933894810517,-29.1792866362298,stretched_oval,general_ellipsoid,385.561643835616,214.739726027397,54.5616438356164,-59.7996235685678,43.2658259334612,20.885625703694
12371830_R3667245_SWAN.nii.gz,12371830_R3667245_SWAN,1,108,0.219777330756187,23.7359517216682,3.56562781706992,0.468801170587539,0.468801438808441,1.00001215934753,3.28160819411277,3.28161007165908,4.00004863739013,4.04569269403645,3.02268813431529,2.91832969393838,1.38630419395029,1.3384419808671,1.03575964723713,-0.0767322204949899,-0.17008266981205,0.98243781063613,0.892120053497851,0.428294272630304,0.143825679831764,-0.445234743124229,0.88748853596071,0.118870189927574,0.98243781063613,10.7538657697416,-114.282354810893,mildly_oval,prolate_like,168.018518518518,231.379629629629,61.0462962962963,41.1076765613591,34.2786918513744,-6.80269763031456
12371830_R3667245_SWAN.nii.gz,12371830_R3667245_SWAN,2,99,0.219777330756187,21.7579557448625,3.46369643215747,0.468801170587539,0.468801438808441,1.00001215934753,3.28160819411277,2.81280863285064,4.00004863739013,4.14752886110856,2.71061775330587,2.68864683677978,1.54260827579574,1.53010466195398,1.00817173762858,-0.191274891898261,0.221502899265794,-0.956216702084917,0.978524434324044,0.119294943492755,-0.168103087086078,-0.0768364962769527,0.967835307309,0.239564126625783,0.956216702084917,17.017247336487,130.811666150421,mildly_oval,prolate_like,217.959595959595,229.323232323232,135.525252525252,22.1386500530608,36.9980822073041,68.8881369425322
12371830_R3667245_SWAN.nii.gz,12371830_R3667245_SWAN,3,77,0.219777330756187,16.9228544682264,3.18535860877476,0.468801170587539,0.468801438808441,1.00001215934753,2.34400585293769,2.81280863285064,4.00004863739013,3.99124046330266,2.61343791751649,2.26573889449715,1.76156240818227,1.52719926367926,1.15345944047824,-0.0403310414458466,0.00251835739115879,0.999183198903956,0.400474570704949,0.916203111782529,0.0138555468566075,0.915419862857792,-0.400706271271188,0.0379599637692207,0.999183198903956,2.31592958990632,176.426966661626,mildly_oval,prolate_like,243.961038961038,200.883116883116,84.4675324675324,7.03891009320928,49.3334286553246,18.3595501193897
12378856_R3611597_SWAN.nii.gz,12378856_R3611597_SWAN,1,115,0.219773292541503,25.2739286422729,3.64103380291723,0.468800008296966,0.468800008296966,0.999999344348907,2.81280004978179,3.75040006637573,3.99999737739563,4.46288536350474,3.07807857692116,2.55562733782213,1.74629739534244,1.44989325385212,1.20443169916324,0.10706116940714,0.76570927134102,-0.634213858085409,0.625216958581962,-0.547826634203939,-0.555868449867686,0.773072868950072,0.337009333163322,0.537385381876095,0.634213858085409,50.6382978514018,82.040526926753,mildly_oval,general_ellipsoid,202.608695652173,368.55652173913,92.6086956521739,13.5833215856033,-34.7736449682194,-6.29094930407795
12378856_R3611597_SWAN.nii.gz,12378856_R3611597_SWAN,2,51,0.219773292541503,11.2084379196167,2.77661387456745,0.468800008296966,0.468800008296966,0.999999344348907,1.87520003318786,2.81280004978179,2.99999803304672,3.38366320120651,2.30735701403764,1.97104698589534,1.71668317671762,1.46646712260858,1.17062506908709,0.184668557582375,0.668653522798786,-0.720277717473767,0.11170968124447,-0.742413832090849,-0.660562373312649,0.976431498343178,-0.0415231064463484,0.211795563396265,0.720277717473767,43.9225859325534,74.560925886987,mildly_oval,prolate_like,223.56862745098,305.313725490196,85.0588235294117,10.8541685683177,-2.76562627799371,-7.06987642482215
12378856_R3611597_SWAN.nii.gz,12378856_R3611597_SWAN,3,46,0.219773292541503,10.1095714569091,2.68273664351229,0.468800008296966,0.468800008296966,0.999999344348907,2.34400004148483,2.81280004978179,2.99999803304672,2.47736144874653,2.42368963326768,2.35398371655214,1.0524123133592,1.02214467345247,1.0296118941798,-0.371369339367628,0.70181096085351,-0.607903108236438,0.797113533176922,0.576730149628276,0.178864053783729,0.476124804020809,-0.418143168945301,-0.773602909289079,0.607903108236438,52.5619620146299,117.885942213036,spherical,near_spherical,247.021739130434,150.739130434782,58.3478260869565,17.6009935571447,74.378120848666,-16.4932183215961
12378856_R3611597_SWAN.nii.gz,12378856_R3611597_SWAN,4,75,0.219773292541503,16.4829969406127,3.15751812283026,0.468800008296966,0.468800008296966,0.999999344348907,2.81280004978179,2.81280004978179,2.99999803304672,3.31774353609291,2.75653409405802,2.52375666670272,1.31460515978647,1.20359241819088,1.09223449725817,-0.157154308855969,0.51743007207482,-0.841170995529831,-0.179595805854448,-0.852525954845856,-0.490861327498562,0.971106518219033,-0.0739298101364087,-0.226906397983178,0.841170995529831,32.736018788098,106.894630389207,mildly_oval,prolate_like,258.96,292.466666666666,126.12,-7.70154330303269,-2.37157565752664,33.5884356913964
12378856_R3611597_SWAN.nii.gz,12378856_R3611597_SWAN,5,77,0.219773292541503,16.9225435256958,3.18533909926992,0.468800008296966,0.468800008296966,0.999999344348907,2.81280004978179,2.81280004978179,3.99999737739563,3.53385155070736,2.73083577834714,2.45887406671197,1.43718281409704,1.29405494783953,1.11060416444948,0.190626317969701,0.687290364972281,-0.700923363224242,0.691571292350439,-0.600770939248517,-0.401003025114772,0.696699902751577,0.408296745971264,0.589833038016029,0.700923363224242,45.4988674150708,74.4981552421156,mildly_oval,prolate_like,266.363636363636,211.363636363636,109.181818181818,-1.66347250545567,38.234750769355,25.8929574448954
12378856_R3611597_SWAN.nii.gz,12378856_R3611597_SWAN,6,38,0.219773292541503,8.35138511657714,2.51721298265808,0.468800008296966,0.468800008296966,0.999999344348907,1.87520003318786,2.34400004148483,2.99999803304672,2.87441972407397,2.3529216018724,1.71073904366119,1.68022103354954,1.22163854579199,1.37538311912076,-0.233871209385837,-0.282192433157014,0.93041479356754,0.361531201190785,0.86309515979913,0.352649876927332,0.902551631756296,-0.418848631130911,0.0998317395110794,0.93041479356754,21.5004337249142,-129.650750152275,mildly_oval,general_ellipsoid,289.657894736842,328.105263157894,86.2368421052631,-21.6532317443113,-6.26302421798832,-9.62167339115158
12378856_R3611597_SWAN.nii.gz,12378856_R3611597_SWAN,7,121,0.219773292541503,26.5925683975219,3.7032857231285,0.468800008296966,0.468800008296966,0.999999344348907,4.21920007467269,3.28160005807876,3.99999737739563,4.40535280644662,3.18613901719058,2.69315923265573,1.63575653196802,1.38266183072296,1.18304888123853,-0.834017754363699,0.285587694307868,0.472074204194687,0.399989626257223,-0.276368921142768,0.873858408618346,-0.380029846581473,-0.917638212089218,-0.116264471877543,0.472074204194687,61.830977933053,161.097565431679,mildly_oval,prolate_like,309.181818181818,312.264462809917,89.8760330578512,-29.3461993916714,2.03081092484725,-4.70270625831297
12378856_R3611597_SWAN.nii.gz,12378856_R3611597_SWAN,8,369,0.219773292541503,81.0963449478149,5.37032892160848,0.468800008296966,0.468800008296966,0.999999344348907,5.62560009956359,6.56320011615753,5.99999606609344,6.00768790992285,5.4140108045856,3.84232168763384,1.56355672385735,1.10965569275081,1.40904672870314,-0.231158377783284,-0.902528294580349,-0.363329715083264,0.776707048205771,-0.396085512941651,0.489737100601156,-0.585911226763985,-0.168993916812513,0.792558572240744,0.363329715083264,68.6951733893737,-104.365957630166,mildly_oval,oblate_like,331.875338753387,292.639566395663,33.2655826558265,-32.7640648315835,25.5841483052991,-57.9579658828332
12378856_R3611597_SWAN.nii.gz,12378856_R3611597_SWAN,9,68,0.219773292541503,14.9445838928222,3.05605900403105,0.468800008296966,0.468800008296966,0.999999344348907,2.34400004148483,3.28160005807876,2.99999803304672,3.13582233974245,2.87132834160627,2.28915689856308,1.36985906982209,1.09211555303641,1.25431696857853,-0.11740762550594,0.192374507371004,0.974272804909805,0.324237307800822,0.934720480877328,-0.145491549096614,0.938661609795102,-0.298813774016896,0.172118304531062,0.974272804909805,13.024749260546,121.396034326832,mildly_oval,oblate_like,339.279411764705,281.088235294117,39.8676470588235,-35.6044759890612,30.0499327967272,-50.4114988142186
12378856_R3611597_SWAN.nii.gz,12378856_R3611597_SWAN,10,36,0.219773292541503,7.91183853149414,2.47225310509448,0.468800008296966,0.468800008296966,0.999999344348907,1.87520003318786,2.34400004148483,2.99999803304672,3.02045566330162,2.29217292601746,1.58272070076481,1.90839461557687,1.31772591370299,1.44824852856845,-0.240686547916161,-0.146012992737609,0.959557289380893,0.180797562789215,0.964572415375918,0.192125731710631,0.95361534537867,-0.21972769840799,0.205760811649464,0.959557289380893,16.350551416476,-148.75681897046,stretched_oval,general_ellipsoid,358.75,298.638888888888,118.111111111111,-53.1599899395886,7.07279576775098,23.323836460813
12378856_R3611597_SWAN.nii.gz,12378856_R3611597_SWAN,11,154,0.219773292541503,33.8450870513916,4.01327578222335,0.468800008296966,0.468800008296966,0.999999344348907,3.28160005807876,4.68800008296966,3.99999737739563,4.79828560445148,3.34387641054929,2.95670535719418,1.62284875385923,1.43494705405792,1.13094678251015,0.226022174908221,0.845132383530978,-0.484422574574105,0.772987707683737,-0.458226538155903,-0.438769237184534,-0.592793370593497,-0.275281118199022,-0.756846302589566,0.484422574574105,61.0253520070801,75.0272255964885,mildly_oval,prolate_like,362.227272727272,238.474025974025,103.428571428571,-47.572518405057,37.4506310814773,15.5946935144579
12525202_R3620064_SWAN.nii.gz,12525202_R3620064_SWAN,1,159,0.219768285751342,34.9431574344635,4.05621693753223,0.468800008296966,0.468800008296966,0.999976515769958,3.75040006637573,3.75040006637573,4.99988257884979,4.39857230977197,3.41101429027899,3.29663567209887,1.33426097005482,1.28952034071138,1.03469555921759,-0.0730608794381693,0.126758151790568,0.989239343561688,0.938487769367716,-0.32691689742591,0.111202737936723,0.337494910543741,0.936513594739583,-0.0950761390939705,0.989239343561688,8.41292901991662,119.95829363329,mildly_oval,prolate_like,255.320754716981,210.610062893081,80.0880503144654,1.55754678216088,54.6555479923321,3.42095525811114
12525202_R3620064_SWAN.nii.gz,12525202_R3620064_SWAN,2,317,0.219768285751342,69.6665465831756,5.10515054550039,0.468800008296966,0.468800008296966,0.999976515769958,4.68800008296966,4.68800008296966,5.99985909461975,5.68689471284522,4.26887413291802,4.05241997682918,1.40333300727999,1.3321767135256,1.05341355469731,-0.255168862841449,0.11742913434114,0.959739157190167,-0.359248778015212,0.91002679818462,-0.206861166197102,0.897679879985498,0.397569647978488,0.190024230232575,0.959739157190167,16.3134954324958,155.288034116518,mildly_oval,prolate_like,274.444794952681,315.246056782334,75.5015772870662,-14.3153120372738,7.1618892023287,3.20064239913439
12525202_R3620064_SWAN.nii.gz,12525202_R3620064_SWAN,3,56,0.219768285751342,12.3070240020751,2.86451746896377,0.468800008296966,0.468800008296966,0.999976515769958,1.87520003318786,2.81280004978179,2.99992954730987,3.24478827742587,2.63643728471586,1.99387035372588,1.62738177603295,1.23074737875874,1.32227116963208,-0.0116939096455679,0.242667917309655,0.970038934469022,-0.025033331964827,0.969730162717947,-0.242892453167575,0.999618219505797,0.0271236690663021,0.00526515037217977,0.970038934469022,14.0606886078758,92.7588886477362,mildly_oval,general_ellipsoid,275.589285714285,358.089285714285,71.9642857142857,-17.6837605851968,-12.892084872217,1.55904651155493
12525202_R3620064_SWAN.nii.gz,12525202_R3620064_SWAN,4,418,0.219768285751342,91.8631434440612,5.59818904458254,0.468800008296966,0.468800008296966,0.999976515769958,5.15680009126663,5.15680009126663,6.9998356103897,5.95886370200545,4.74145302109795,4.55563169024395,1.30802139136194,1.25675898832919,1.04078936654425,0.0187607387491749,0.0485851419310884,0.998642838388741,-0.69656907353643,0.717158337920192,-0.0218046817024965,0.71724442171005,0.695214644793307,-0.0472973275220875,0.998642838388741,2.98540010061749,68.8863568708373,mildly_oval,prolate_like,285.224880382775,359.818181818181,71.8181818181818,-22.2672752065842,-13.0631772658328,1.34648085283961
12525202_R3620064_SWAN.nii.gz,12525202_R3620064_SWAN,5,93,0.219768285751342,20.4384505748748,3.39221301125646,0.468800008296966,0.468800008296966,0.999976515769958,2.81280004978179,2.81280004978179,3.99990606307983,4.11599427364473,2.6803359227516,2.56594679966077,1.60408402628958,1.53562627680611,1.04457969397727,0.0374511834849437,0.00899642577817583,0.999257961278665,0.835561933161766,-0.548762782468969,-0.0263754512356778,0.548118294446143,0.835929705717013,-0.0280688865707126,0.999257961278665,2.20738340571722,13.5075101957273,mildly_oval,prolate_like,286.677419354838,157.720430107526,63.5698924731182,-9.10851372554098,79.5484355845919,-15.821740554936
12525202_R3620064_SWAN.nii.gz,12525202_R3620064_SWAN,6,103,0.219768285751342,22.6361334323883,3.50968285646902,0.468800008296966,0.468800008296966,0.999976515769958,2.81280004978179,3.28160005807876,3.99990606307983,4.14333958681811,2.96046903184539,2.57449482585686,1.60937965196301,1.39955511854666,1.14992230790755,-0.0374180981320934,0.10518681414892,0.9937482679539,0.516410372493537,0.853402248672131,-0.0708867346013024,0.855523356264025,-0.510529466427306,0.0862522509630154,0.9937482679539,6.41009292697814,109.581995013582,mildly_oval,prolate_like,335.52427184466,206.757281553398,111.650485436893,-35.94638844999,64.8661267047802,33.4595536538535
12525202_R3620064_SWAN.nii.gz,12525202_R3620064_SWAN,7,56,0.219768285751342,12.3070240020751,2.86451746896377,0.468800008296966,0.468800008296966,0.999976515769958,1.87520003318786,2.81280004978179,2.99992954730987,3.24635411016811,2.65083818858408,1.97904364082549,1.64036509513958,1.22465193241467,1.33945413527029,-0.0206927614159401,-0.0596192234826146,0.998006692270303,-0.0764839055862264,0.995389601244835,0.0578770586668444,0.996856068753789,0.0751338134595747,0.0251572705944356,0.998006692270303,3.61823668231993,-109.140969205187,mildly_oval,general_ellipsoid,358.589285714285,345.982142857142,68.0357142857142,-55.2895875438116,-2.15971681009975,-4.1229739291427
12867077_R3593199_SWAN.nii.gz,12867077_R3593199_SWAN,1,66,0.219778910279274,14.505408078432,3.0258247876663,0.468800544738769,0.468799382448196,1.0000250339508,2.34400272369384,2.34399691224098,4.00010013580322,3.92838125317036,2.34021034956154,2.15775634730825,1.82058611857215,1.67864450898885,1.08455727750767,-0.0910193031836318,-0.0456259847016925,0.994803375531047,0.902400233553585,-0.426266341159385,0.0630144814866009,0.421176097292332,0.9034463326145,0.0799713645938834,0.994803375531047,5.84368165242527,-153.376394316384,stretched_oval,prolate_like,155.90909090909,298.015151515151,110.469696969696,45.0425591606392,-4.12259737025436,55.0448417165739
12867077_R3593199_SWAN.nii.gz,12867077_R3593199_SWAN,2,145,0.219778910279274,31.8679419904947,3.93355413874296,0.468800544738769,0.468799382448196,1.0000250339508,3.28160381317138,3.28159567713737,4.00010013580322,4.27817674355431,3.30357613828881,3.14571268735038,1.36000238062357,1.29501381668482,1.05018368383522,-0.203336563074986,-0.0294986733056226,0.978664431963305,-0.922266396163152,-0.329845268035181,-0.201560893188709,-0.328753610816798,0.943574017991174,-0.0398639680276507,0.978664431963305,11.8567300849342,-171.745508597641,mildly_oval,prolate_like,163.875862068965,271.365517241379,111.496551724137,41.0831146989274,8.25504867236031,56.5292424297795
12867077_R3593199_SWAN.nii.gz,12867077_R3593199_SWAN,3,54,0.219778910279274,11.8680611550807,2.83004745361859,0.468800544738769,0.468799382448196,1.0000250339508,2.34400272369384,2.34399691224098,3.00007510185241,3.23780365749654,2.36693079824734,2.17066258356905,1.49161996986784,1.36793338440399,1.09041857364841,0.14595720749893,-0.14218832213495,0.979019394408283,-0.17584627832619,0.970129499834732,0.167113254858013,0.973537148740582,0.19654830093099,-0.116594105439335,0.979019394408283,11.7573349597321,-44.2506255020713,mildly_oval,prolate_like,182.833333333333,274.055555555555,114.87037037037,32.1747310094155,6.71079073779941,59.7250450173116
12867077_R3593199_SWAN.nii.gz,12867077_R3593199_SWAN,4,170,0.219778910279274,37.3624147474765,4.14774553922864,0.468800544738769,0.468799382448196,1.0000250339508,3.75040435791015,3.75039505958557,5.00012516975402,4.66586673894933,3.59786635940015,3.18746386357532,1.46381792504957,1.29684270422074,1.12875518386724,-0.0414353604705222,0.158382934332735,0.986507960948532,-0.485018101907591,0.860029902085222,-0.158448756199725,0.873521924009143,0.485039600065227,-0.0411829411762888,0.986507960948532,9.4224953221416,104.660858690265,mildly_oval,prolate_like,187.764705882352,198.117647058823,109.447058823529,29.3311935989514,42.4604379817405,55.7287832268897
12867077_R3593199_SWAN.nii.gz,12867077_R3593199_SWAN,5,50,0.219778910279274,10.9889455139637,2.75836965145497,0.468800544738769,0.468799382448196,1.0000250339508,2.34400272369384,2.81279629468917,3.00007510185241,2.81693345906964,2.4383003103936,2.2827187716252,1.23402562509445,1.15528569104554,1.06815624451961,-0.186466045903355,-0.370633259656175,0.909868891962905,-0.328424525399275,0.896348669207772,0.297819398840498,0.925941545045597,0.243290053323379,0.288863644497673,0.909868891962905,24.5127603451829,-116.707024322573,spherical,near_spherical,189.94,182.12,85.12,28.505707922019,50.9353410623501,31.7159680159762
12867077_R3593199_SWAN.nii.gz,12867077_R3593199_SWAN,6,74,0.219778910279274,16.2636393606662,3.14344865538095,0.468800544738769,0.468799382448196,1.0000250339508,2.34400272369384,2.81279629468917,4.00010013580322,3.89440235301461,2.83911428042784,2.08126141912633,1.8711740472513,1.37169622929998,1.3641315090632,0.00203783511792076,0.145343810032475,0.989379110408783,-0.0600993910686727,0.987610550542902,-0.144960214022745,0.998190317735654,0.0591656770567961,-0.010747661941278,0.989379110408783,8.35801624262785,89.1967205103156,stretched_oval,general_ellipsoid,190.432432432432,200.554054054054,101.162162162162,28.209638850776,41.6391706021905,47.3873651393664
12867077_R3593199_SWAN.nii.gz,12867077_R3593199_SWAN,7,31,0.219778910279274,6.81314621865749,2.35206703808644,0.468800544738769,0.468799382448196,1.0000250339508,2.34400272369384,2.34399691224098,2.00005006790161,2.52741563614455,2.42834144414428,1.54408405400755,1.63683811744887,1.04079911918448,1.57267438766801,0.809763425569122,-0.208174305517264,-0.548586048977701,-0.318026725937132,-0.941420191517186,-0.112191909661316,0.493094510413844,-0.265313930139655,0.828532631990788,0.548586048977701,56.72993599979,-14.4174165029438,mildly_oval,oblate_like,190.870967741935,299.193548387096,105.677419354838,28.7288590254742,-4.74655425369799,50.0066830282129
12867077_R3593199_SWAN.nii.gz,12867077_R3593199_SWAN,8,203,0.219778910279274,44.6151187866926,4.40042351809026,0.468800544738769,0.468799382448196,1.0000250339508,4.21920490264892,3.75039505958557,5.00012516975402,4.5343430829903,3.73223317867524,3.66040882104726,1.23875318432136,1.21491419906399,1.01962194966174,0.000977047808501637,0.105252914151932,0.994445005739435,0.999800043352344,-0.0199648349699697,0.00113078613031831,0.019972948961797,0.994245055017699,-0.105251374730316,0.994445005739435,6.04199949345364,89.4681467172275,spherical,near_spherical,205.182266009852,215.463054187192,71.8916256157635,21.8016217532957,35.745580378929,17.7617954103266
12867077_R3593199_SWAN.nii.gz,12867077_R3593199_SWAN,9,82,0.219778910279274,18.0218706429004,3.25287280688962,0.468800544738769,0.468799382448196,1.0000250339508,2.81280326843261,2.81279629468917,4.00010013580322,3.83028803904621,2.83268350974311,2.39651551076929,1.59827383625682,1.35217648772685,1.1820009079907,0.0398097580496651,0.0873317311285148,0.9953835200073,-0.161629277208592,0.983616964289027,-0.0798351070135622,0.986048254353231,0.157704902590045,-0.0532729179415693,0.9953835200073,5.50757381746934,65.4943530867956,mildly_oval,prolate_like,215.780487804878,208.548780487804,78.0731707317073,16.6976991317734,38.648375431723,24.0011389755257
12867077_R3593199_SWAN.nii.gz,12867077_R3593199_SWAN,10,67,0.219778910279274,14.7251869887113,3.04103019269205,0.468800544738769,0.468799382448196,1.0000250339508,2.81280326843261,2.81279629468917,3.00007510185241,3.06460695860596,2.76375262571309,2.38295925580456,1.28605092644408,1.10885718573139,1.15979852319378,0.125816572313284,-0.224160826187278,0.966396458051441,-0.16885276199568,0.955084639006236,0.243520178015612,0.97757809657222,0.193817585211874,-0.0823153009158799,0.966396458051441,14.8954584199183,-60.6954547918141,spherical,near_spherical,216.746268656716,322.641791044776,68.8955223880597,17.2735245148998,-14.4164471912211,12.6405850585494
12867077_R3593199_SWAN.nii.gz,12867077_R3593199_SWAN,11,157,0.219778910279274,34.505288913846,4.03920301570735,0.468800544738769,0.468799382448196,1.0000250339508,3.75040435791015,3.28159567713737,4.00010013580322,4.47235283338591,3.46979832170202,3.11822960761951,1.43426026821679,1.28893740175426,1.11274625615234,-0.347061674733858,0.17305518804298,-0.921737541723422,0.937817227697187,0.0568521211812487,-0.342442234181993,0.00685867081085697,0.983269921338287,0.18202532907842,0.921737541723422,22.8185647826076,153.497802518394,mildly_oval,prolate_like,225.535031847133,371.707006369426,54.5286624203821,13.7342038980097,-36.8731291081881,-2.71010553811908
12867077_R3593199_SWAN.nii.gz,12867077_R3593199_SWAN,12,60,0.219778910279274,13.1867346167564,2.93120514709188,0.468800544738769,0.468799382448196,1.0000250339508,2.34400272369384,2.34399691224098,4.00010013580322,3.87112740520029,2.28878025590634,2.12763109656093,1.81945423314103,1.69134952785904,1.07574111865815,-0.119748070652975,0.0937634533722215,0.988366740833889,0.89836405366037,-0.41354060942969,0.148074952113542,-0.422613803212575,-0.90564484162625,0.0347130259408029,0.988366740833889,8.7480298138803,141.938844175614,stretched_oval,prolate_like,224.9,197.666666666666,78.1166666666666,12.3363449935801,43.6729788710829,24.1936105484142
12867077_R3593199_SWAN.nii.gz,12867077_R3593199_SWAN,13,31,0.219778910279274,6.81314621865749,2.35206703808644,0.468800544738769,0.468799382448196,1.0000250339508,1.87520217895507,2.34399691224098,3.00007510185241,2.83686774843265,1.99630025756189,1.65511279177298,1.71400267252707,1.42106265712621,1.20614151946915,-0.18220156739726,0.0370833314477092,-0.982561659829408,0.0169626354498796,-0.999021293787414,-0.040850012948768,0.983114875198507,0.0241097716301788,-0.181394214558691,0.982561659829408,10.7157690474963,168.495771472313,mildly_oval,general_ellipsoid,227.354838709677,150.0,88.0967741935483,10.6749313957989,65.5683759017096,35.0615276172757
12867077_R3593199_SWAN.nii.gz,12867077_R3593199_SWAN,14,97,0.219778910279274,21.3185542970895,3.44022126392089,0.468800544738769,0.468799382448196,1.0000250339508,2.34400272369384,3.75039505958557,4.00010013580322,3.65904310913472,3.41763595588504,2.39955482348417,1.52488414656088,1.07063571321397,1.4242791714684,0.0105759126300968,0.262653190760135,0.96483234370307,-0.0124812902855564,0.964845813228194,-0.262520045118141,0.999866174777829,0.00926596349783323,-0.0134823757405209,0.96483234370307,15.240190293556,87.694191374413,mildly_oval,oblate_like,232.164948453608,215.391752577319,123.164948453608,8.47734702546533,33.4652637163772,68.8143183829013
12867077_R3593199_SWAN.nii.gz,12867077_R3593199_SWAN,15,80,0.219778910279274,17.5823128223419,3.22620871576095,0.468800544738769,0.468799382448196,1.0000250339508,2.81280326843261,2.81279629468917,3.00007510185241,3.38459791142472,2.83522618809729,2.50897877657623,1.34899423742569,1.19376645349629,1.13003195346524,-0.241121536377243,0.477325512176935,0.844997491191603,0.964311189580197,0.215969466844266,0.153170228965777,0.109381599666045,-0.851773176858739,0.51236522212038,0.844997491191603,32.3283329192028,116.800676150828,mildly_oval,general_ellipsoid,233.725,322.6625,85.9375,9.09082732516108,-15.2567796930787,29.5561637473292
12867077_R3593199_SWAN.nii.gz,12867077_R3593199_SWAN,16,44,0.219778910279274,9.67027205228805,2.64330142422014,0.468800544738769,0.468799382448196,1.0000250339508,2.34400272369384,2.81279629468917,3.00007510185241,3.02872262525948,2.52969197388218,1.7590049002059,1.72183865144716,1.19726933418358,1.43813810500815,0.000311335186379102,-0.21149410252081,0.977379224083118,-0.0590339834823506,0.9756708088916,0.211143225018033,0.998255925033559,0.0577643252858291,0.0121815787016971,0.977379224083118,12.2099382819719,-89.9156563748317,mildly_oval,oblate_like,238.045454545454,204.863636363636,89.1136363636363,6.0871735607189,39.7495090890125,34.957191471603
12867077_R3593199_SWAN.nii.gz,12867077_R3593199_SWAN,17,222,0.219778910279274,48.7909180819988,4.53363747250658,0.468800544738769,0.468799382448196,1.0000250339508,4.21920490264892,4.21919444203376,6.00015020370483,4.83198737748842,4.05593475187229,3.4763363360328,1.38996544362064,1.19133755178331,1.16672679505485,-0.0791284661524475,-0.362303297997082,0.92869532469201,-0.396740355414904,0.866101723107639,0.30408040978536,0.914513956279299,0.344389496777145,0.212273640096853,0.92869532469201,21.7676552014648,-102.320163354504,mildly_oval,general_ellipsoid,243.382882882882,285.027027027027,71.3423423423423,4.45772188740808,2.8946814117135,15.6320812432263
12867077_R3593199_SWAN.nii.gz,12867077_R3593199_SWAN,18,218,0.219778910279274,47.9118024408817,4.50624322381346,0.468800544738769,0.468799382448196,1.0000250339508,3.28160381317138,5.15679320693016,4.00010013580322,5.57512897465504,4.18147759207292,2.96083506326937,1.88295830585677,1.33329160611171,1.41226292674868,-0.0824504026106669,-0.9656368135411,0.246470029503646,0.0577999584610914,0.242262427343634,0.968487522428382,0.994917632727069,-0.0940981436148421,-0.0358391330392561,0.246470029503646,75.7312754458228,-94.8803335903616,stretched_oval,general_ellipsoid,248.518348623853,237.408256880733,68.394495412844,1.71103152615198,25.2780720729684,13.5653871798101
12867077_R3593199_SWAN.nii.gz,12867077_R3593199_SWAN,19,41,0.219778910279274,9.01093532145023,2.58180685778767,0.468800544738769,0.468799382448196,1.0000250339508,2.34400272369384,2.81279629468917,3.00007510185241,3.17445568780178,2.39445465146239,1.81544859417305,1.74857922057978,1.32575310451714,1.31893277460333,-0.454638025141382,0.633661046106891,-0.625921676204191,-0.534405831731565,-0.756267093082364,-0.377452634024516,0.71254099749196,-0.162891873853397,-0.682459936059026,0.625921676204191,51.2501319451453,125.658617318163,mildly_oval,general_ellipsoid,256.390243902439,289.926829268292,74.0,-1.63486137034416,0.390686228326185,18.1087984790707
12867077_R3593199_SWAN.nii.gz,12867077_R3593199_SWAN,20,99,0.219778910279274,21.7581121176481,3.46370472991253,0.468800544738769,0.468799382448196,1.0000250339508,2.81280326843261,3.75039505958557,4.00010013580322,3.8805995754178,3.17417127322825,2.4791107290882,1.56531918073907,1.22255519358635,1.2803668815534,-0.0641457336097862,-0.19844059490268,0.978011582321156,0.072037996266096,0.976552383254745,0.2028693418273,0.995337054446195,-0.0834671974738968,0.0483464061976196,0.978011582321156,12.0374261066639,-107.913377051317,mildly_oval,general_ellipsoid,257.969696969697,350.626262626262,115.80808080808,-2.44458548922206,-29.7668295249371,58.7062846607895
12867077_R3593199_SWAN.nii.gz,12867077_R3593199_SWAN,21,105,0.219778910279274,23.0767855793237,3.53231070498705,0.468800544738769,0.468799382448196,1.0000250339508,3.28160381317138,3.75039505958557,3.00007510185241,3.34173951480539,3.22491136449935,3.07359969570305,1.08723966867812,1.03622677869293,1.04922946504967,-0.599995558289969,-0.12050376133961,0.790875573990823,0.349075412142573,0.850079272343548,0.394349575084538,0.719827539532768,-0.512683210408601,0.467978887446143,0.790875573990823,37.7325893170895,-168.64373767256,spherical,near_spherical,260.27619047619,234.266666666666,66.8761904761904,-3.80470824899774,26.7213351921089,12.0320589270797
12867077_R3593199_SWAN.nii.gz,12867077_R3593199_SWAN,22,58,0.219778910279274,12.7471767961978,2.89826746974726,0.468800544738769,0.468799382448196,1.0000250339508,2.81280326843261,2.34399691224098,4.00010013580322,3.5734120111728,2.40142219666884,2.13345705735039,1.67493974104673,1.48803988575174,1.12560137472428,-0.215561951123999,-0.274951792756069,0.936981620357538,-0.971900515404457,0.153333810289268,-0.17860047810329,0.0945644403788428,0.94915238728162,0.300278724410235,0.936981620357538,20.449315467772,-128.096413248237,mildly_oval,prolate_like,261.224137931034,263.206896551724,40.3275862068965,-3.66825828386534,14.2507024922263,-15.0528776369796
12867077_R3593199_SWAN.nii.gz,12867077_R3593199_SWAN,23,61,0.219778910279274,13.4065135270357,2.94739997932003,0.468800544738769,0.468799382448196,1.0000250339508,2.34400272369384,2.34399691224098,4.00010013580322,4.14297416466529,2.3742607148284,1.98609233081783,2.08599273074041,1.74495334012411,1.19544327219205,0.0355001473701018,-0.0593288695125938,0.997607049282962,0.118054640725057,0.991495819647032,0.0547644175148178,0.992372329995137,-0.115827996895471,-0.0422022960892427,0.997607049282962,3.96452489412558,-59.1052965334754,stretched_oval,prolate_like,261.83606557377,187.065573770491,44.7868852459016,-4.61943649825808,49.7228910525741,-9.14346285255961
12867077_R3593199_SWAN.nii.gz,12867077_R3593199_SWAN,24,133,0.219778910279274,29.2305950671434,3.82190315548776,0.468800544738769,0.468799382448196,1.0000250339508,3.75040435791015,3.28159567713737,4.00010013580322,4.14790959755928,3.40226303446514,2.84609128085698,1.45740567966263,1.21916193884502,1.19541599292651,-0.112017255297965,0.299981258592709,0.947345438057652,0.992068910566699,-0.0209449699083061,0.123937826842904,-0.0570211469764684,-0.953715131854724,0.295255882361069,0.947345438057652,18.6758308477211,110.476344874326,mildly_oval,prolate_like,264.661654135338,217.263157894736,74.4511278195488,-6.09539149564346,34.3398789353388,19.8972003845344
12867077_R3593199_SWAN.nii.gz,12867077_R3593199_SWAN,25,224,0.219778910279274,49.2304759025573,4.54721131839177,0.468800544738769,0.468799382448196,1.0000250339508,6.094407081604,3.75039505958557,7.00017523765564,7.76214156772374,4.06696769882315,2.96371137945103,2.61906122895189,1.90858205487342,1.37225497969254,-0.761954161535531,0.157072060742264,-0.628294694751486,0.519854643775873,-0.430235579566128,-0.738003045671261,0.386234391352381,0.888946406601419,-0.24616515010675,0.628294694751486,51.0755800294332,168.352000795612,elongated,general_ellipsoid,267.491071428571,209.383928571428,71.9285714285714,-7.45085973502968,38.1118980475377,17.509396906227
12867077_R3593199_SWAN.nii.gz,12867077_R3593199_SWAN,26,142,0.219778910279274,31.2086052596569,3.90623690921761,0.468800544738769,0.468799382448196,1.0000250339508,2.81280326843261,3.28159567713737,5.00012516975402,5.05312085000611,3.25599194960706,2.63367028591617,1.91866114639642,1.55194513015178,1.23629444696203,-0.101809416214529,-0.148445361555928,0.983666009071466,-0.486134715211997,0.870122271344727,0.0809955034285375,0.867933108848721,0.469948090263618,0.1607510840454,0.983666009071466,10.3699511452689,-124.443796251595,stretched_oval,general_ellipsoid,272.429577464788,307.176056338028,63.8521126760563,-8.88118823514727,-7.39435088794849,7.53533536084258
12867077_R3593199_SWAN.nii.gz,12867077_R3593199_SWAN,27,78,0.219778910279274,17.1427550017833,3.19909643632816,0.468800544738769,0.468799382448196,1.0000250339508,2.34400272369384,2.81279629468917,4.00010013580322,3.83442202185457,2.67921471659434,2.36718103147798,1.61982627051573,1.43117384288208,1.13181657041309,-0.0204186128890896,-0.0713894766038907,0.997239501262313,-0.00903626779072303,0.997419887466553,0.0712173711296724,0.999750681976311,0.00755716325281792,0.0210110249980911,0.997239501262313,4.25825203917302,-105.961436516078,mildly_oval,prolate_like,278.871794871794,260.333333333333,35.8717948717948,-11.9035836203405,15.6437982567705,-19.5645151078127
12867077_R3593199_SWAN.nii.gz,12867077_R3593199_SWAN,28,29,0.219778910279274,6.37358839809894,2.30035641518101,0.468800544738769,0.468799382448196,1.0000250339508,2.34400272369384,1.87519752979278,2.00005006790161,2.19777233301444,1.98742825722988,1.97724925047165,1.11153023954373,1.10583731765881,1.00514806454259,-0.806534781702385,0.48869795860182,0.332679953052026,0.576363960404062,0.524775369541378,0.626430679860153,-0.131553149151321,-0.696982866920789,0.70491747897697,0.332679953052026,70.5684813080788,148.78736466399,spherical,near_spherical,315.931034482758,149.551724137931,74.4137931034482,-30.6629040298726,65.6590713935358,20.8227599640858
12867077_R3593199_SWAN.nii.gz,12867077_R3593199_SWAN,29,80,0.219778910279274,17.5823128223419,3.22620871576095,0.468800544738769,0.468799382448196,1.0000250339508,2.81280326843261,3.28159567713737,3.00007510185241,3.21904698607659,3.09664256452373,2.51261176384362,1.28115574096983,1.03952810794347,1.23243973027758,0.316234511551985,0.29779941444831,0.900728173456188,0.219025348289496,0.900883919524673,-0.374747995789872,0.923051261041412,-0.315790551309099,-0.219664965785973,0.900728173456188,25.7460519259721,43.2803294325857,spherical,near_spherical,318.95,209.7,37.175,-31.1077768441755,38.99563779796,-17.5538117774762
12867077_R3593199_SWAN.nii.gz,12867077_R3593199_SWAN,30,101,0.219778910279274,22.1976699382066,3.48687401223474,0.468800544738769,0.468799382448196,1.0000250339508,2.81280326843261,2.81279629468917,4.00010013580322,4.21167852826454,2.95522251214752,2.47211079963022,1.70367708797458,1.42516460637137,1.19542478136075,-0.0560434833625936,-0.0197509982225367,0.998232951791213,0.584069984109684,0.810233679854411,0.0488225121403114,0.809766251232229,-0.585774087937313,0.0338723525387463,0.998232951791213,3.40663654972742,-160.586383142875,mildly_oval,prolate_like,321.544554455445,355.683168316831,103.574257425742,-32.039848849749,-32.1216563872144,45.9727329423669
12867077_R3593199_SWAN.nii.gz,12867077_R3593199_SWAN,31,136,0.219778910279274,29.8899317979812,3.85042587591018,0.468800544738769,0.468799382448196,1.0000250339508,3.75040435791015,2.81279629468917,5.00012516975402,4.69145186728058,3.13112389574615,2.84278835583819,1.65029938217026,1.49832840331046,1.10142701594925,-0.169070049783477,0.134029858067707,-0.976448316815879,0.95650417912507,-0.216648090124521,-0.195354448021213,0.237728991884642,0.967005481986398,0.0915714159864538,0.976448316815879,12.4596164599804,141.594466520944,mildly_oval,prolate_like,324.360294117647,345.580882352941,94.110294117647,-33.314913595691,-27.0232508027385,36.6924746760632
12867077_R3593199_SWAN.nii.gz,12867077_R3593199_SWAN,32,274,0.219778910279274,60.219421416521,4.86309386376296,0.468800544738769,0.468799382448196,1.0000250339508,4.21920490264892,4.21919444203376,7.00017523765564,5.54519908374495,4.11279455523395,3.73859408375665,1.48323111830663,1.34828010718116,1.10009122763637,0.041785832733364,-0.130311390157515,0.990592189439224,-0.374718998279952,0.917043637660271,0.136442804701769,0.926196316398876,0.37689508914555,0.0105107215318243,0.990592189439224,7.86543924679143,-72.220959616817,mildly_oval,prolate_like,328.627737226277,290.84306569343,75.2700729927007,-35.5014990771454,-0.646230740180376,18.889793778219
12867077_R3593199_SWAN.nii.gz,12867077_R3593199_SWAN,33,96,0.219778910279274,21.0987753868103,3.428358337775,0.468800544738769,0.468799382448196,1.0000250339508,2.81280326843261,3.28159567713737,4.00010013580322,4.28115826267834,2.82364041036369,2.49199494841692,1.71796426208568,1.51618394713614,1.1330843235286,0.0418495272432386,-0.143038012144914,0.988832010076104,-0.502295734790632,0.852523304759544,0.144578731675867,0.863682587459452,0.502736652655737,0.036169686145291,0.988832010076104,8.57097345588596,-73.6917768417725,mildly_oval,prolate_like,330.145833333333,368.989583333333,97.4895833333333,-35.8850312353945,-38.1698081936822,39.5827410297933
12867077_R3593199_SWAN.nii.gz,12867077_R3593199_SWAN,34,57,0.219778910279274,12.5273978859186,2.88151410432343,0.468800544738769,0.468799382448196,1.0000250339508,2.34400272369384,2.81279629468917,4.00010013580322,3.41167893277559,2.33963619995901,2.21054825341113,1.54336324823987,1.45820915783203,1.05839634866539,0.103205209522556,0.0498515425546,0.993410040432616,0.12954807353417,0.989562286043315,-0.0631171821639205,0.986187599481452,-0.135208378977248,-0.0956698117660656,0.993410040432616,6.58139250820518,25.7820849635892,mildly_oval,prolate_like,331.280701754386,221.59649122807,78.1754385964912,-37.333946024133,31.6449994615507,23.1013553521939
12867077_R3593199_SWAN.nii.gz,12867077_R3593199_SWAN,35,66,0.219778910279274,14.505408078432,3.0258247876663,0.468800544738769,0.468799382448196,1.0000250339508,2.34400272369384,2.81279629468917,4.00010013580322,3.72398491559484,2.54272561187253,2.13649213097399,1.74303703795863,1.46456420551504,1.19014040585927,0.0305951832592605,-0.298615113895195,0.953883089542262,-0.10008719932472,0.948618072906514,0.300177121524051,0.994508163512329,0.104655460958762,0.000864406642181064,0.953883089542262,17.468316517513,-84.1500639601876,mildly_oval,prolate_like,333.045454545454,201.484848484848,20.560606060606,-37.5601182467106,43.4171803658475,-34.0876090329874
12867077_R3593199_SWAN.nii.gz,12867077_R3593199_SWAN,36,72,0.219778910279274,15.8240815401077,3.11487026758936,0.468800544738769,0.468799382448196,1.0000250339508,2.34400272369384,2.34399691224098,4.00010013580322,4.27762794628748,2.31486238863458,2.19142977915011,1.95198038604113,1.84789729501399,1.05632514929697,-0.23231915655848,0.0467850191063871,0.971513752596004,-0.034507035713512,-0.998610125721096,0.0398381888840757,0.972027301047775,-0.0242688853166325,0.233610674463444,0.971513752596004,13.7085534471452,168.613921437745,stretched_oval,prolate_like,346.972222222222,180.097222222222,60.5416666666666,-44.7855665320401,51.6844413870453,6.17611720920022
12867077_R3593199_SWAN.nii.gz,12867077_R3593199_SWAN,37,52,0.219778910279274,11.4285033345222,2.79466815158379,0.468800544738769,0.468799382448196,1.0000250339508,2.34400272369384,2.81279629468917,4.00010013580322,3.22391584640949,2.35142980855444,2.19590611596206,1.46814830696759,1.37104489986516,1.07082438154431,0.107112566753471,0.0257641436443517,0.993913027857949,0.56299090242891,0.822386037102085,-0.0819905467832018,0.819492612429034,-0.568346210405067,-0.0735829008155779,0.993913027857949,6.3249752208624,13.5246237320383,mildly_oval,prolate_like,351.903846153846,318.480769230769,61.5576923076923,-46.0099622598813,-13.2058571733158,4.50900056574924
12867077_R3593199_SWAN.nii.gz,12867077_R3593199_SWAN,38,54,0.219778910279274,11.8680611550807,2.83004745361859,0.468800544738769,0.468799382448196,1.0000250339508,1.87520217895507,2.34399691224098,3.00007510185241,3.29673612937664,2.52374059413261,1.99519704824224,1.65233611000028,1.30628961512175,1.26490794298037,-0.0132060408417178,-0.0410761810231915,0.9990687402966,-0.0169626346051981,0.999021293830888,0.0408500122363201,0.999768908054525,0.0164073710571493,0.0138898762577499,0.9990687402966,2.47290108377393,-107.822659653442,mildly_oval,general_ellipsoid,359.333333333333,190.0,54.0,-50.4139837653686,47.2202031665171,-0.629754368215799
12867077_R3593199_SWAN.nii.gz,12867077_R3593199_SWAN,39,134,0.219778910279274,29.4503739774227,3.83145795313858,0.468800544738769,0.468799382448196,1.0000250339508,3.28160381317138,2.81279629468917,5.00012516975402,4.51726384824389,3.2373551152916,2.8073429138192,1.60908873155736,1.39535629777118,1.15317409189865,-0.0865670517675559,0.0146988655723035,0.996137585326023,0.979778098314721,0.182307452753832,0.0824552650423163,-0.180391306916555,0.983131698207975,-0.0301834452579675,0.996137585326023,5.03740610266588,170.363233752843,mildly_oval,prolate_like,361.15671641791,326.410447761194,77.0373134328358,-50.4880827590475,-17.6266781344085,19.7624857776117
12867077_R3593199_SWAN.nii.gz,12867077_R3593199_SWAN,40,31,0.219778910279274,6.81314621865749,2.35206703808644,0.468800544738769,0.468799382448196,1.0000250339508,1.87520217895507,1.87519752979278,3.00007510185241,2.78392944717421,1.93455348360652,1.7820437848616,1.56221158583396,1.43905530178686,1.08558134207502,0.115418542554129,-0.0571905050857366,0.991669201983564,0.187062304677443,0.981729844842647,0.0348454575804991,0.975544081117528,-0.181482114472114,-0.124008015560634,0.991669201983564,7.40087204874169,-26.358661332706,mildly_oval,prolate_like,371.258064516129,183.516129032258,53.2903225806451,-56.0452003654152,50.1942921376847,-1.29226839836807
12901891_R3564099_SWAN.nii.gz,12901891_R3564099_SWAN,1,177,0.307688117027282,54.460796713829,4.70285717357634,0.468800246715545,0.468800127506256,1.40002298355102,3.75040197372436,5.15680140256881,4.20006895065307,5.27141142826162,4.15266324603886,3.48360044544253,1.51320781783628,1.26940498565346,1.19206071737407,-0.152081316365609,-0.799429519768145,0.581191634605811,0.592647352050535,0.396832847957907,0.700922825201965,0.790974329115675,-0.451038949210473,-0.41342892614707,0.581191634605811,54.465600414312,-100.771089287503,mildly_oval,prolate_like,206.83615819209,243.056497175141,83.045197740113,25.5183297812222,16.123152627731,69.3483241361225
12901891_R3564099_SWAN.nii.gz,12901891_R3564099_SWAN,2,178,0.307688117027282,54.7684848308563,4.7116971514727,0.468800246715545,0.468800127506256,1.40002298355102,3.75040197372436,4.2192011475563,5.6000919342041,5.40794892357477,4.04777127643007,3.56260470384862,1.51797613631752,1.33603125133698,1.13618310559611,0.0682672119604993,0.25654924899053,0.964117249411882,0.14296132201545,0.953883167294636,-0.263948789653501,0.987371079269964,-0.155850524523815,-0.0284423245694979,0.964117249411882,15.3952860304669,75.0990124698324,mildly_oval,prolate_like,252.567415730337,273.241573033707,86.8258426966292,2.27816158581231,4.91525643795821,74.0558514821668
12901891_R3564099_SWAN.nii.gz,12901891_R3564099_SWAN,3,93,0.307688117027282,28.6149948835372,3.79488264509971,0.468800246715545,0.468800127506256,1.40002298355102,3.28160172700881,3.28160089254379,4.20006895065307,4.27344878472237,3.24748747495649,2.8510904431779,1.49888222414967,1.31592463948752,1.1390334819883,0.0069648442269386,0.1232643981684,0.992349423887108,0.664480151587283,0.741021862787899,-0.096709498069697,0.747273456702053,-0.66007006220138,0.0767456441371803,0.992349423887108,7.09188971092922,86.7660385460944,mildly_oval,prolate_like,265.924731182795,330.935483870967,44.1397849462365,-5.97673609848786,-21.068883091027,14.0653487962172
12901891_R3564099_SWAN.nii.gz,12901891_R3564099_SWAN,4,156,0.307688117027282,47.9993462562561,4.50898613667339,0.468800246715545,0.468800127506256,1.40002298355102,3.28160172700881,4.68800127506256,5.6000919342041,6.24702377402911,4.02989668893993,2.79687735333473,2.23357086665982,1.55016970811537,1.44085570435723,-0.304997140580582,-0.340329256791285,0.889467672942395,0.122397733355802,0.912214691741916,0.3910027506803,0.944455154629922,-0.228123547978044,0.236567342950964,0.889467672942395,27.1935690487114,-131.866140939442,stretched_oval,general_ellipsoid,269.487179487179,199.474358974358,80.8205128205128,-0.822600105443058,40.2408106713167,65.5696909209722
12901891_R3564099_SWAN.nii.gz,12901891_R3564099_SWAN,5,110,0.307688117027282,33.8456928730011,4.01329972774395,0.468800246715545,0.468800127506256,1.40002298355102,3.28160172700881,3.28160089254379,4.20006895065307,4.50636456965906,3.45252984448936,3.03478735072698,1.48490291043936,1.30523551500988,1.13765132297072,-0.0850013650183534,0.127367295970889,0.988206628120901,-0.307497447272126,0.940030481420364,-0.14760763503872,0.947744737714825,0.316417865989994,0.0407387557025891,0.988206628120901,8.8081432497992,123.718035757413,mildly_oval,prolate_like,270.354545454545,237.190909090909,53.0,-2.56830672858792,22.7690299859843,26.562724961352
12901891_R3564099_SWAN.nii.gz,12901891_R3564099_SWAN,6,66,0.307688117027282,20.3074157238006,3.38494808602586,0.468800246715545,0.468800127506256,1.40002298355102,2.34400123357772,3.28160089254379,4.20006895065307,4.39933902762632,3.06102142314033,2.09504122337039,2.09988184411421,1.43721275335374,1.4610793281747,-0.0479154752198662,0.080880437911219,0.995571424859986,0.39145153831941,0.918506572433684,-0.0557796516974729,0.918950379716892,-0.387045257249606,0.0756714507510247,0.995571424859986,5.3942372645549,120.643498736993,stretched_oval,general_ellipsoid,268.696969696969,284.590909090909,51.030303030303,-4.65086677151195,0.638972794840835,23.7502039712412
12901891_R3564099_SWAN.nii.gz,12901891_R3564099_SWAN,7,107,0.307688117027282,32.9226285219192,3.97647838844354,0.468800246715545,0.468800127506256,1.40002298355102,3.28160172700881,3.75040102005004,4.20006895065307,3.9541897958566,3.68511225748513,3.15203646199337,1.25448732701395,1.07301746041112,1.16912107519043,-0.0862492380533624,-0.327003309008014,0.941079117201643,0.37032354020882,0.866395209462722,0.334992263473728,0.924890017516904,-0.377396577777083,-0.0463710963826033,0.941079117201643,19.7664230832167,-104.775632645051,spherical,near_spherical,279.093457943925,285.682242990654,55.7102803738317,-9.71340236663121,0.772517032102253,30.1766351986694
12901891_R3564099_SWAN.nii.gz,12901891_R3564099_SWAN,8,77,0.307688117027282,23.6919850111007,3.56342488845634,0.468800246715545,0.468800127506256,1.40002298355102,2.34400123357772,3.28160089254379,4.20006895065307,4.51906573101002,2.97140525506214,2.44964535865393,1.84478366023285,1.52085136260402,1.21299405424747,0.013693095169209,0.1655833377166,0.98610073390872,0.119597622217628,0.978842186515099,-0.166025247050649,0.992728013055225,-0.120208702550897,0.0063999942541761,0.98610073390872,9.56396290180441,85.2726195716496,stretched_oval,general_ellipsoid,281.948051948051,217.0,57.064935064935,-6.85318887475637,32.8668659957858,32.1480947361197
12901891_R3564099_SWAN.nii.gz,12901891_R3564099_SWAN,9,93,0.307688117027282,28.6149948835372,3.79488264509971,0.468800246715545,0.468800127506256,1.40002298355102,2.81280148029327,3.75040102005004,4.20006895065307,4.33263047333194,3.27461740951685,2.74447739865246,1.57867230951118,1.32309516853487,1.19316610554879,-0.0834110323579784,0.0904220906992296,0.992404375844119,0.295570541607256,0.953305791484327,-0.0620171174469871,0.951672556405284,-0.288152587071538,0.106242326541779,0.992404375844119,7.06634182676771,132.690391546095,mildly_oval,prolate_like,283.430107526881,215.376344086021,51.9462365591397,-7.26085847988724,33.7132971911514,24.9692884042072
12901891_R3564099_SWAN.nii.gz,12901891_R3564099_SWAN,10,111,0.307688117027282,34.1533809900283,4.02542457400279,0.468800246715545,0.468800127506256,1.40002298355102,3.28160172700881,3.28160089254379,4.20006895065307,4.39208841865963,3.33921474812379,3.19225794429956,1.3758563672784,1.31530576795859,1.04603537884106,-0.152273908551578,0.130197760624192,0.979725063424872,0.869268548729643,-0.454062188267951,0.195447484953835,0.470302931060274,0.881405736487893,-0.0440349942925971,0.979725063424872,11.557233816411,139.468781744773,mildly_oval,prolate_like,293.846846846846,302.828828828828,45.1081081081081,-17.2501808462983,-6.28511796962449,15.1379865355567
12901891_R3564099_SWAN.nii.gz,12901891_R3564099_SWAN,11,57,0.307688117027282,17.5382226705551,3.22350973263354,0.468800246715545,0.468800127506256,1.40002298355102,2.81280148029327,3.28160089254379,2.80004596710205,3.18583399015666,2.80781848850922,2.58600342493448,1.23195273426112,1.13462960771661,1.08577523967523,0.167317860324064,-0.96456890683652,-0.203989111427,-0.221914736396911,-0.238442597033208,0.945462308973736,0.960603239317079,0.112924540664372,0.253947759842992,0.203989111427,78.2296710022106,-80.1591748689487,spherical,near_spherical,302.842105263157,138.0,72.4561403508771,-12.2333262571901,70.8673315897873,53.5697736801424
12901891_R3564099_SWAN.nii.gz,12901891_R3564099_SWAN,12,220,0.307688117027282,67.6913857460022,5.05644080652197,0.468800246715545,0.468800127506256,1.40002298355102,4.68800246715545,4.68800127506256,5.6000919342041,5.30723270106753,4.53793583074724,3.92761308956916,1.35126158815447,1.1695257268972,1.15539278621892,0.385222388256495,0.362259907823003,0.848747000448326,0.618442451585196,0.581292023850493,-0.528799127349025,0.684932584757985,-0.728606438478186,0.00011020380294681,0.848747000448326,31.924353330826,43.2404404830896,mildly_oval,general_ellipsoid,319.504545454545,373.75909090909,74.5,-34.5809770528227,-37.6686928993757,55.8610219193892
12901891_R3564099_SWAN.nii.gz,12901891_R3564099_SWAN,13,285,0.307688117027282,87.6911133527755,5.51212410668158,0.468800246715545,0.468800127506256,1.40002298355102,5.156802713871,5.15680140256881,7.00011491775512,6.69108973381613,4.58781263399683,3.99829306210176,1.67348656786525,1.45844877888724,1.14744281190463,-0.224276451896595,0.124142189755277,0.966586152315167,0.386654313736508,0.921778901964715,-0.0286722437502303,0.894538157259724,-0.367304196294416,0.25473341475136,0.966586152315167,14.8531182604489,151.034460312538,mildly_oval,prolate_like,347.831578947368,298.764912280701,80.2210526315789,-43.3197789273372,-1.07054282996032,63.6551161769303
12903886_R3643990_SWAN.nii.gz,12903886_R3643990_SWAN,1,66,0.219777345657348,14.505304813385,3.02581760729424,0.468800008296966,0.468800008296966,1.00001776218414,2.34400004148483,2.81280004978179,4.00007104873657,3.60585219519856,2.73219112501186,2.08135539269372,1.73245386533042,1.31976572289865,1.31269803062119,-0.0395872166997214,-0.28438541077248,0.957892368908812,0.281898222136694,0.916524458940163,0.283753957717967,0.958627270961002,-0.281261185207285,-0.0438850893317163,0.957892368908812,16.6860624114805,-97.9248016635496,mildly_oval,general_ellipsoid,298.5,300.757575757575,81.1818181818181,-25.5603929366069,11.1592025660881,4.9177113121065
12903886_R3643990_SWAN.nii.gz,12903886_R3643990_SWAN,2,47,0.219777345657348,10.3295352458953,2.70205418119786,0.468800008296966,0.468800008296966,1.00001776218414,2.34400004148483,2.34400004148483,3.00005328655242,3.04675364295247,2.34154858996274,2.00438811234526,1.52004176446026,1.30117036905091,1.16821117404402,0.0868223308021329,0.022063427434854,0.995979461657675,-0.167942122260368,0.985770583154692,-0.00719728820754474,0.981966051574476,0.166642019180895,-0.0892922784934151,0.995979461657675,5.13955301056153,14.2582847584961,mildly_oval,prolate_like,357.808510638297,199.0,77.1063829787234,-43.183400373351,63.643536709249,5.31055231406253
12903886_R3643990_SWAN.nii.gz,12903886_R3643990_SWAN,3,99,0.219777345657348,21.7579572200775,3.46369651043836,0.468800008296966,0.468800008296966,1.00001776218414,2.81280004978179,3.28160005807876,5.00008881092071,4.31700533983604,2.83325365505859,2.49142958029715,1.73274226732153,1.5236917923421,1.13719997445027,-0.0420670913472249,0.135227429609419,0.989921159540906,-0.472650889248533,0.870224534978302,-0.138961849492468,0.880245134447305,0.473732837159328,-0.0273075498501568,0.989921159540906,8.14157366764204,107.280082721216,mildly_oval,prolate_like,387.444444444444,181.10101010101,88.3030303030303,-54.9842180966239,73.7073344807281,17.4869325010745
12903886_R3643990_SWAN.nii.gz,12903886_R3643990_SWAN,4,116,0.219777345657348,25.4941720962524,3.65157952803293,0.468800008296966,0.468800008296966,1.00001776218414,2.81280004978179,2.81280004978179,5.00008881092071,4.4242827646648,2.84137701834009,2.80292458230276,1.57845230392535,1.55709106398327,1.01371868379196,-0.0497027291873079,0.0786251320448436,-0.995664465230262,0.986635333979302,-0.15102311038961,-0.0611779198060679,0.155178466466462,0.985398451764147,0.0700680726575111,0.995664465230262,5.33723100289712,122.298950367224,mildly_oval,prolate_like,401.439655172413,169.5,78.1724137931034,-60.4079037467659,81.1628697339188,7.98663434300345
13021094_R3611126_SWAN.nii.gz,13021094_R3611126_SWAN,1,203,0.307683020830154,62.4596532285213,4.92266538028237,0.468800008296966,0.468800008296966,1.40000092983245,4.68800008296966,3.75040006637573,7.00000464916229,5.88048877149731,4.12602752804464,3.68441894768619,1.59604237601433,1.42521801697336,1.11985840552573,-0.470383107557251,0.13332881406741,-0.872332023637881,0.874968243493892,0.199019896609122,-0.441386059624572,-0.114761949277606,0.970883364824566,0.210274075684407,0.872332023637881,29.2692229575411,164.174762540558,mildly_oval,prolate_like,196.502463054187,353.256157635467,46.6502463054187,30.2303685050623,-16.0667306445355,-33.1399958988128
13021094_R3611126_SWAN.nii.gz,13021094_R3611126_SWAN,2,88,0.307683020830154,27.0761058330535,3.72559687136616,0.468800008296966,0.468800008296966,1.40000092983245,2.81280004978179,3.28160005807876,4.20000278949737,4.41599681711823,3.06419509243243,2.74877993424768,1.60652977784736,1.44116046266907,1.1147473299899,0.115639481634251,-0.173637336471648,0.977996720684887,-0.257213276705709,0.945783299318763,0.198331240645611,0.959410673577104,0.274488662994935,-0.0647080621992293,0.977996720684887,12.0415084103329,-56.3370670216053,mildly_oval,prolate_like,236.704545454545,191.670454545454,45.0454545454545,3.33988915845243,54.538811923936,-13.3845418437637
13021094_R3611126_SWAN.nii.gz,13021094_R3611126_SWAN,3,160,0.307683020830154,49.2292833328247,4.54717460055067,0.468800008296966,0.468800008296966,1.40000092983245,4.68800008296966,4.21920007467269,5.60000371932983,4.79617692386014,4.35763420275738,3.43181803905243,1.39756154588674,1.10063780039757,1.26977425760037,0.127489677164024,-0.0225175356749463,-0.991584259054035,0.924044788806088,-0.360574140614022,0.126994162861015,-0.360399237647533,-0.932458712065894,-0.0251622692833881,0.991584259054035,7.43855975902033,-10.01641633127,mildly_oval,oblate_like,258.24375,201.7875,63.04375,-3.91049349755049,42.0200420367997,10.0694318964611
13021094_R3611126_SWAN.nii.gz,13021094_R3611126_SWAN,4,352,0.307683020830154,108.304423332214,5.91401639281607,0.468800008296966,0.468800008296966,1.40000092983245,5.15680009126663,6.09440010786056,7.00000464916229,6.07094408691759,5.73577371010406,4.584043838068,1.32436431704724,1.05843507672262,1.25124756933421,-0.0216881238801497,0.855630851752449,0.517131966534593,0.519226580771839,0.45166533935818,-0.725535787568362,0.854361389051813,-0.252773152751309,0.454062055390691,0.517131966534593,58.859934638387,91.4519952541517,mildly_oval,oblate_like,278.607954545454,323.778409090909,55.1335227272727,-8.29446972377429,-10.883132901593,-15.7459954524158
13021094_R3611126_SWAN.nii.gz,13021094_R3611126_SWAN,5,183,0.307683020830154,56.3059928119182,4.75538115884521,0.468800008296966,0.468800008296966,1.40000092983245,4.21920007467269,4.21920007467269,5.60000371932983,5.92699122998309,4.00110447851094,3.33797258377057,1.7756260967512,1.48133878078307,1.19866307409609,-0.429683560286274,0.417827412273081,-0.800495029074442,-0.0441262436099251,-0.895160923884085,-0.443553598763293,0.901900722166574,0.155264850832928,-0.403073086984531,0.800495029074442,36.8225998163084,135.801479810377,mildly_oval,prolate_like,283.754098360655,276.710382513661,40.6229508196721,-14.8332480479215,15.3090267080019,-29.0355760009317
13021094_R3611126_SWAN.nii.gz,13021094_R3611126_SWAN,6,128,0.307683020830154,39.3834266662597,4.22122297008073,0.468800008296966,0.468800008296966,1.40000092983245,4.21920007467269,3.75040006637573,4.20000278949737,4.48938308208261,3.80110502692443,3.32167206559113,1.35154313653888,1.18107314854046,1.14433482651695,-0.695549116377675,-0.208690973333777,-0.687502366799734,0.547903814360451,-0.773060379128226,-0.31965459551114,0.46477181166192,0.599020640605249,-0.6520440439214,0.687502366799734,46.5672767019702,-163.298772862825,mildly_oval,general_ellipsoid,301.8125,358.8984375,54.3046875,-17.4272465246322,-27.6796812107786,-20.768365058233
13021094_R3611126_SWAN.nii.gz,13021094_R3611126_SWAN,7,178,0.307683020830154,54.7675777077674,4.71167113825918,0.468800008296966,0.468800008296966,1.40000092983245,4.21920007467269,4.21920007467269,5.60000371932983,5.74952395406876,3.73017628113869,3.5272767811956,1.63001780430735,1.54135448856417,1.05752298799594,-0.144273869988144,0.290296281081294,-0.945998477603961,-0.108936562146003,-0.954849080359591,-0.276398370408096,0.983523195388117,-0.0631767593883356,-0.169383650942865,0.945998477603961,18.9153618757865,116.426841119526,mildly_oval,prolate_like,308.219101123595,236.342696629213,78.5449438202247,-23.4614143409044,17.8025190752794,27.7768115343086
13021094_R3611126_SWAN.nii.gz,13021094_R3611126_SWAN,8,145,0.307683020830154,44.6140380203723,4.4003879855319,0.468800008296966,0.468800008296966,1.40000092983245,3.28160005807876,4.68800008296966,5.60000371932983,4.93370428250582,4.15925470779577,3.03529679321729,1.62544377654624,1.18619912198656,1.37029588575657,0.0790510742269721,-0.794380600425012,0.602254422426236,0.253043301385915,0.600347583411327,0.758651347270863,0.964219899860648,-0.0924242433595009,-0.248470811066702,0.602254422426236,52.9684700392996,-84.3170437155874,mildly_oval,oblate_like,316.206896551724,163.172413793103,56.8413793103448,-33.5140487681175,58.2021334858803,8.26450484179217
13021094_R3611126_SWAN.nii.gz,13021094_R3611126_SWAN,9,75,0.307683020830154,23.0762265622615,3.5322821822697,0.468800008296966,0.468800008296966,1.40000092983245,2.34400004148483,3.28160005807876,4.20000278949737,4.48247400949622,2.98777282587834,2.39612951353096,1.87071441012835,1.50027270168322,1.24691624931221,0.171140127603458,-0.400548630981142,0.900151015631824,-0.320666386395507,0.841240765181856,0.435301095372262,0.931602986985292,0.363145658400837,-0.0155275698260632,0.900151015631824,25.8220753276226,-66.864711392071,stretched_oval,general_ellipsoid,340.026666666666,166.146666666666,57.9333333333333,-44.2890942777693,55.0532109632094,9.98474828561144
13021094_R3611126_SWAN.nii.gz,13021094_R3611126_SWAN,10,43,0.307683020830154,13.2303698956966,2.93443473443726,0.468800008296966,0.468800008296966,1.40000092983245,2.34400004148483,2.81280004978179,2.80000185966491,2.91043435558261,2.78961918014208,2.11945418579783,1.37319993755233,1.04330884168726,1.31619697129333,-0.324618081187349,0.813812953054601,-0.482007861768656,-0.0794089742833731,-0.531255424092941,-0.843482002875633,0.942505870628669,0.235533759389979,-0.237079168250011,0.482007861768656,61.1833790584268,111.746333529602,mildly_oval,oblate_like,341.348837209302,242.558139534883,31.5348837209302,-44.4044537882125,30.5898787930261,-35.3031470314707
13021094_R3611126_SWAN.nii.gz,13021094_R3611126_SWAN,11,38,0.307683020830154,11.6919547915458,2.81597958324659,0.468800008296966,0.468800008296966,1.40000092983245,2.34400004148483,2.81280004978179,2.80000185966491,2.82134644805098,2.64096655211062,2.160840091422,1.30567109489083,1.06830071202386,1.22219435051885,-0.166491085755809,-0.893924827747607,-0.416147955299869,0.201839771433976,-0.443998227944756,0.872998442294942,0.965163936868412,-0.061351250340373,-0.254351329955911,0.416147955299869,65.408370480039,-100.550302784014,mildly_oval,oblate_like,340.894736842105,343.473684210526,56.6842105263157,-36.0413781098629,-23.969588588335,-14.5375655964016
13390040_R3613267_SWAN.nii.gz,13390040_R3613267_SWAN,1,382,0.307679623365402,117.533616125583,6.07744669874962,0.4688001871109,0.468800067901611,1.39998471736907,5.62560224533081,6.09440088272094,6.99992358684539,6.84922076366614,5.27289498715595,4.72303196892238,1.45017455074073,1.29894882798726,1.11642161684521,0.0364403513893164,0.0838731411627164,0.995809920106303,0.815438924987794,-0.578534882863097,0.0188877983188223,0.577694954457257,0.811333892735956,-0.0894754384875833,0.995809920106303,5.24687288624012,66.5165066840805,mildly_oval,prolate_like,231.162303664921,207.23560209424,52.3403141361256,8.36539563493734,47.9904515741695,24.579945159247
13390040_R3613267_SWAN.nii.gz,13390040_R3613267_SWAN,2,132,0.307679623365402,40.613710284233,4.26472810337362,0.4688001871109,0.468800067901611,1.39998471736907,3.7504014968872,4.2192006111145,4.19995415210723,4.64214340237833,3.7683680943351,3.3793270331695,1.37368871281582,1.23187100786591,1.11512382712504,-0.479377372273698,0.793899433530905,-0.374060188193387,0.0214105369861927,-0.415520089248999,-0.909331976967964,0.877347664189018,0.443922003137726,-0.182193115326187,0.374060188193387,68.0337613609661,121.124684379588,mildly_oval,prolate_like,248.598484848484,279.310606060606,51.7727272727272,3.58541794519194,13.6687372413774,21.6990454121859
13390040_R3613267_SWAN.nii.gz,13390040_R3613267_SWAN,3,127,0.307679623365402,39.075312167406,4.21018595349238,0.4688001871109,0.468800067901611,1.39998471736907,3.2816013097763,3.28160047531127,5.59993886947631,5.69485302649055,3.25281037307948,2.98337693362209,1.90886138533506,1.75074854458827,1.09031156486494,-0.115245079685432,0.137200170997935,-0.983816387689509,-0.073179517864618,-0.98889679158055,-0.129336359028682,0.990637839865508,-0.0570898299159442,-0.124005731910941,0.983816387689509,10.3219752481976,130.029509070879,stretched_oval,prolate_like,263.480314960629,242.850393700787,83.755905511811,-2.90784353399135,26.9028245004143,67.8337525191504
13390040_R3613267_SWAN.nii.gz,13390040_R3613267_SWAN,4,94,0.307679623365402,28.9218845963478,3.80840086845067,0.4688001871109,0.468800067901611,1.39998471736907,3.7504014968872,4.2192006111145,2.79996943473815,4.39348871472635,3.81554273916283,2.66528254538934,1.648413869789,1.15147149830913,1.43157157794145,-0.155014156111957,0.96713720911513,0.201534687212634,0.962121007994846,0.194102015706718,-0.19143555958486,-0.22426274184509,0.164225534688078,-0.960591586667579,0.201534687212634,78.3732822757627,99.1059997176619,mildly_oval,oblate_like,280.308510638297,240.170212765957,25.6170212765957,-14.7838384363245,32.8044665771279,-12.8685182682932
13390040_R3613267_SWAN.nii.gz,13390040_R3613267_SWAN,5,153,0.307679623365402,47.0749823749065,4.4798538711099,0.4688001871109,0.468800067901611,1.39998471736907,3.7504014968872,3.75040054321289,5.59993886947631,4.65743701831201,3.85902536765775,3.60368571521377,1.29240932377914,1.20689463649181,1.07085513905,0.380466421812759,-0.353301706920434,0.854648001085887,-0.550076966492668,0.656436347356996,0.516242823487966,0.743411482832501,0.66653523969533,-0.0554088570272798,0.854648001085887,31.2791308063266,-42.8798301672391,spherical,near_spherical,283.287581699346,281.418300653594,49.9411764705882,-12.6005953790656,11.1823691861107,19.7386823174318
13390040_R3613267_SWAN.nii.gz,13390040_R3613267_SWAN,6,115,0.307679623365402,35.3831566870212,4.0731710756876,0.4688001871109,0.468800067901611,1.39998471736907,2.8128011226654,3.28160047531127,6.99992358684539,5.98533825349364,3.14943034040351,2.69071915194835,2.22443812062647,1.90045106783558,1.17047902904433,0.147302610431081,-0.156189192350167,0.97668156384422,-0.314575320901249,0.928782438888957,0.195973336684753,0.937733602064074,0.336107300433183,-0.087678812466029,0.97668156384422,12.3975221922192,-46.6772057501779,stretched_oval,prolate_like,310.765217391304,349.843478260869,49.8521739130434,-22.1979738786168,-21.9721003102219,17.8409955051282
13390040_R3613267_SWAN.nii.gz,13390040_R3613267_SWAN,7,186,0.307679623365402,57.2284099459648,4.78120853090031,0.4688001871109,0.468800067901611,1.39998471736907,3.7504014968872,4.2192006111145,5.59993886947631,5.89463450270089,3.703350490246,3.62577506710362,1.62575846366821,1.59170311268846,1.02139554211352,0.130436776116909,-0.088303764184764,0.987516426530227,-0.481455996739138,0.865062974675453,0.140947412355026,0.866710084538163,0.493830431500993,-0.0703216487533764,0.987516426530227,9.06274841906577,-34.0974179525967,mildly_oval,prolate_like,336.569892473118,339.08064516129,54.5483870967741,-34.4095941207381,-18.6549279710618,25.2504344052404
13390040_R3613267_SWAN.nii.gz,13390040_R3613267_SWAN,8,26,0.307679623365402,7.99967020750045,2.48136786530587,0.4688001871109,0.468800067901611,1.39998471736907,1.8752007484436,2.34400033950805,4.19995415210723,3.58641297142364,2.26770484814234,1.47074027405989,2.43850871202673,1.58151664858923,1.54187988738655,0.141793737833393,-0.300744837111926,0.943105020059672,-0.540696551148968,0.774519891945069,0.328277590701844,0.829181388772592,0.556481338350099,0.0527896256970694,0.943105020059672,19.4202816288143,-64.7572840699339,stretched_oval,general_ellipsoid,344.538461538461,347.26923076923,72.9230769230769,-36.5022302331546,-24.5784067156223,50.7644246617475
13438820_R3607472_SWAN.nii.gz,13438820_R3607472_SWAN,1,81,0.30768197774887,24.9222401976585,3.62406644578845,0.468800008296966,0.468800008296966,1.39999616146087,2.81280004978179,2.81280004978179,5.5999846458435,4.9353852820712,2.85288127008323,2.50145429745725,1.97300637756526,1.72996518776514,1.14048906389503,-0.0762346951336002,-0.244980282962026,0.966526219105168,0.226029158835936,0.939866328929396,0.256050977542945,0.971132890295558,-0.237983076508866,0.0162777357629721,0.966526219105168,14.8665082159398,-107.285466058103,stretched_oval,prolate_like,274.827160493827,245.518518518518,36.9012345679012,-2.0408540779012,47.4112773264074,-6.66789407255472
13438820_R3607472_SWAN.nii.gz,13438820_R3607472_SWAN,2,93,0.30768197774887,28.6144239306449,3.79485740526022,0.468800008296966,0.468800008296966,1.39999616146087,2.81280004978179,3.28160005807876,5.5999846458435,5.28375302008244,3.11209986417413,2.4457214157025,2.16040673568078,1.69780959824199,1.27246702923448,-0.0312573133206828,0.24863901281497,-0.968091742383111,-0.0279539969870245,-0.968403601405313,-0.247816542703809,0.999120390351644,-0.0193159543283995,-0.03722014900509,0.968091742383111,14.5127859173392,97.165271852142,stretched_oval,general_ellipsoid,334.784946236559,291.505376344086,34.4193548387096,-27.8433938628483,28.5913254802731,-22.3827823347622
13438820_R3607472_SWAN.nii.gz,13438820_R3607472_SWAN,3,100,0.30768197774887,30.768197774887,3.88777520279355,0.468800008296966,0.468800008296966,1.39999616146087,3.28160005807876,3.75040006637573,4.19998848438262,4.33512343301659,3.47534369186096,2.81726832060296,1.53876838826937,1.24739416224334,1.23358633128602,0.00820277338820398,-0.0883516528917048,0.996055570708806,0.259724498532825,0.962091951548043,0.0832001299779621,0.965647916877893,-0.258017561801093,-0.0308389109990078,0.996055570708806,5.09064221731214,-84.6957318058712,mildly_oval,general_ellipsoid,337.88,149.77,47.9,-36.3436396441795,84.2872685625497,17.6048177585005
13611913_R3676878_SWAN.nii.gz,13611913_R3676878_SWAN,1,90,0.333810180425643,30.0429162383079,3.85698386027596,0.488301515579223,0.488297998905181,1.39999520778656,2.92980909347534,3.41808599233627,5.59998083114624,5.19587473636194,2.91537290210514,2.81021121525765,1.84892676683932,1.78223332343182,1.03742127505453,-0.0782168206061774,0.164341412053285,0.983297528349681,-0.167772294640337,0.970082389528309,-0.175478245598026,0.982717958584952,0.178695433101625,0.0483048244303348,0.983297528349681,10.4865913417988,115.451693443523,stretched_oval,prolate_like,200.722222222222,301.366666666666,60.6555555555555,21.3992652692211,0.0994488634169172,21.778010946181
13611913_R3676878_SWAN.nii.gz,13611913_R3676878_SWAN,2,40,0.333810180425643,13.3524072170257,2.94342957210415,0.488301515579223,0.488297998905181,1.39999520778656,1.95320606231689,2.4414899945259,4.19998562335968,3.9287540154904,2.4988637950948,1.94068665319125,2.02441440457684,1.57221615007685,1.28761837516926,-0.0834149211407132,0.234661341440134,0.968491613677994,-0.107491677335526,0.964089241074342,-0.242852783694761,0.990700504811965,0.124362333840339,0.0551952868196216,0.968491613677994,14.4210765622614,109.568742268891,stretched_oval,general_ellipsoid,207.625,305.325,55.225,18.1816868285881,-2.62461483012883,14.3533503850921
13611913_R3676878_SWAN.nii.gz,13611913_R3676878_SWAN,3,54,0.333810180425643,18.0257497429847,3.25310617729838,0.488301515579223,0.488297998905181,1.39999520778656,2.44150757789611,2.92978799343109,4.19998562335968,4.13309635886728,2.65936344719452,2.32747725180017,1.77578378292228,1.55416754457818,1.14259481811804,-0.0404262829470707,0.156425454230061,0.986862094173244,-0.560842027520597,0.813854542538979,-0.15197698429451,0.826935267003209,0.559617602347877,-0.0548288548917783,0.986862094173244,9.29773852412025,104.490355683185,mildly_oval,prolate_like,208.981481481481,218.055555555555,94.7222222222222,16.9682134611842,45.9680268887292,64.4659239213775
13611913_R3676878_SWAN.nii.gz,13611913_R3676878_SWAN,4,40,0.333810180425643,13.3524072170257,2.94342957210415,0.488301515579223,0.488297998905181,1.39999520778656,2.44150757789611,1.95319199562072,4.19998562335968,4.20635783480335,2.29995362531867,2.00714547164829,2.09569156507078,1.82888810822023,1.14588287585848,0.00466222079546545,0.143752316749058,0.989602715803939,0.977576699259017,0.207688469758062,-0.0347749420617536,-0.210528052199934,0.967574684951416,-0.139560625815697,0.989602715803939,8.26941137888876,88.1424162010158,stretched_oval,prolate_like,213.75,372.5,36.275,15.2190187230706,-38.1599213026463,-8.38821422476321
13611913_R3676878_SWAN.nii.gz,13611913_R3676878_SWAN,5,27,0.333810180425643,9.01287487149238,2.58199208400385,0.488301515579223,0.488297998905181,1.39999520778656,1.95320606231689,2.4414899945259,2.79999041557312,2.84505919440322,2.13685180880745,2.00259422643473,1.42068680556837,1.33142559660747,1.0670418303421,-0.101816868610815,0.196254057313723,0.975252618686147,0.587432582681498,0.803037264254807,-0.100270200071099,0.802842628458673,-0.562685966775478,0.197048767373744,0.975252618686147,12.7732668238112,117.420345001799,mildly_oval,prolate_like,220.481481481481,190.185185185185,40.5555555555555,13.4987074823498,51.0128656374635,-12.5399622878542
13611913_R3676878_SWAN.nii.gz,13611913_R3676878_SWAN,6,25,0.333810180425643,8.34525451064109,2.51659688451749,0.488301515579223,0.488297998905181,1.39999520778656,1.95320606231689,1.95319199562072,4.19998562335968,3.88807794809988,1.80953533979334,1.69151997946659,2.29857051367844,2.14866096428042,1.06976882434694,-0.129859655615578,0.220172503611463,0.96677843299117,-0.681363248207034,0.688532936425007,-0.248327444014379,0.720333668403859,0.690975009758975,-0.0606048022224477,0.96677843299117,14.8100800642142,120.532473216315,stretched_oval,prolate_like,224.56,190.44,37.16,11.6236756396666,50.3847365319728,-17.3012328182161
13611913_R3676878_SWAN.nii.gz,13611913_R3676878_SWAN,7,332,0.333810180425643,110.824979901313,5.95954375845033,0.488301515579223,0.488297998905181,1.39999520778656,4.88301515579223,7.32446998357772,11.1999616622924,9.0104849938965,5.43448722153442,4.050827327327,2.22435672167793,1.65801935428093,1.34157464201774,-0.115113250027741,-0.321539965369041,0.939872858602974,0.260962249844354,0.903139989609853,0.340935277323551,0.958461081016972,-0.2845175035705,0.0200535866564301,0.939872858602974,19.9697843717373,-109.69767419323,stretched_oval,general_ellipsoid,228.406626506024,320.590361445783,38.4277108433735,8.47887157077666,-12.5208767154085,-8.43844750737882
13611913_R3676878_SWAN.nii.gz,13611913_R3676878_SWAN,8,60,0.333810180425643,20.0286108255386,3.36938575314028,0.488301515579223,0.488297998905181,1.39999520778656,2.92980909347534,2.92978799343109,5.59998083114624,4.45157147268416,2.79277628574984,2.48448305981539,1.79174957748149,1.59395920661398,1.12408747353558,-0.146175747705922,-0.00852539072812597,0.98922190053372,0.082486867938156,0.996375569045998,0.0207759963904633,0.985813657544045,-0.0846347630775682,0.1449427110221,0.98922190053372,8.4197572267449,-176.662126304325,mildly_oval,prolate_like,229.416666666666,214.25,40.4166666666666,8.91641326830722,39.3881493266671,-11.5280298391977
13611913_R3676878_SWAN.nii.gz,13611913_R3676878_SWAN,9,57,0.333810180425643,19.0271802842617,3.31226648541219,0.488301515579223,0.488297998905181,1.39999520778656,2.44150757789611,2.92978799343109,4.19998562335968,4.44183826644108,2.7919163744436,2.19512699441661,2.02349945025461,1.59096393685011,1.27187009295814,-0.0997910034090031,0.209110450423583,0.972787014285383,0.0121620048582197,0.977850423943418,-0.208951271906886,0.994934088910643,0.00902041669342368,0.100123877303188,0.972787014285383,13.3972465143958,115.511256777188,stretched_oval,general_ellipsoid,233.561403508771,310.438596491228,42.1929824561403,5.9276835194119,-6.95957338274047,-3.82769623895486
13611913_R3676878_SWAN.nii.gz,13611913_R3676878_SWAN,10,67,0.333810180425643,22.3652820885181,3.49562834805054,0.488301515579223,0.488297998905181,1.39999520778656,2.44150757789611,2.92978799343109,5.59998083114624,4.39823928034219,2.86163299330653,2.45897918429723,1.78864437260341,1.53696832914277,1.16374836012463,-0.10294785361049,0.1667733058239,0.980606141068655,-0.174360478513998,0.967554216116064,-0.182858585820837,0.979285536995907,0.189803854915001,0.0705289563941129,0.980606141068655,11.3024902887043,121.686708130538,mildly_oval,prolate_like,235.910447761194,134.492537313432,36.1940298507462,6.64341157856884,77.4629444795758,-21.8668353638208
13611913_R3676878_SWAN.nii.gz,13611913_R3676878_SWAN,11,67,0.333810180425643,22.3652820885181,3.49562834805054,0.488301515579223,0.488297998905181,1.39999520778656,2.44150757789611,2.92978799343109,4.19998562335968,4.43656767910818,2.80125384529817,2.49035983932157,1.78149663717545,1.58377923748497,1.12483898955794,-0.148570878721724,0.233210827488032,0.96100957536239,-0.147744033082732,0.955653233562495,-0.254752032121425,0.977802840394884,0.179832163763588,0.107526732451994,0.96100957536239,16.0523241144153,122.499859501269,mildly_oval,prolate_like,235.820895522388,373.059701492537,65.0746268656716,3.441604684524,-33.7005178488012,31.4022262139218
13611913_R3676878_SWAN.nii.gz,13611913_R3676878_SWAN,12,82,0.333810180425643,27.3724347949028,3.73913893511862,0.488301515579223,0.488297998905181,1.39999520778656,2.92980909347534,2.92978799343109,5.59998083114624,4.76097997473045,2.96106565556231,2.74641004950222,1.73352845675515,1.60786032075547,1.07815861513432,-0.124537542539918,0.241947399854027,0.962263922321726,-0.407163181622595,0.87193551267476,-0.271931250994747,0.904825145555252,0.425664089911843,0.0100766328919188,0.962263922321726,15.790332347597,117.23623114626,mildly_oval,prolate_like,241.548780487804,303.670731707317,44.0731707317073,2.02767581802723,-3.31537848701928,-1.68952964936815
13611913_R3676878_SWAN.nii.gz,13611913_R3676878_SWAN,13,138,0.333810180425643,46.0658048987388,4.4476098208371,0.488301515579223,0.488297998905181,1.39999520778656,3.90641212463378,3.90638399124145,5.59998083114624,5.40524367799188,3.71199623825815,3.27537029367107,1.65026949424201,1.45615548374808,1.13330582665134,-0.09200376793853,0.250831396201809,0.963648752069219,-0.682107297847504,0.689162776929818,-0.244508284353631,0.725441204308308,0.679807529800774,-0.107688353678009,0.963648752069219,15.4960762486069,110.142797991239,mildly_oval,prolate_like,246.115942028985,385.753623188405,39.6811594202898,-0.820404961205795,-43.7925415969845,-3.34734677399198
13611913_R3676878_SWAN.nii.gz,13611913_R3676878_SWAN,14,272,0.333810180425643,90.7963690757751,5.57643468409595,0.488301515579223,0.488297998905181,1.39999520778656,6.3479197025299,4.88297998905181,8.39997124671936,7.06341354550662,5.52602851411669,3.53194381402379,1.99986577290978,1.27820794399857,1.5645856234109,-0.638150352887007,-0.0330315634042281,0.769202862013175,0.710485427038207,-0.410156209585233,0.571823698096721,-0.296605099545715,-0.911416918626018,-0.285209774316607,0.769202862013175,39.7176395732264,-177.036933915218,stretched_oval,general_ellipsoid,254.091911764705,303.904411764705,41.6176470588235,-4.01104999673964,-3.71708426320486,-5.25560805479558
13611913_R3676878_SWAN.nii.gz,13611913_R3676878_SWAN,15,157,0.333810180425643,52.408198326826,4.64301623810536,0.488301515579223,0.488297998905181,1.39999520778656,3.41811060905456,4.88297998905181,5.59998083114624,6.15280996195643,3.89326823090877,3.10368717824628,1.98241949287976,1.58037145067711,1.25440097771343,0.0182004587980527,0.70132589810128,0.712608397334729,0.00621151731966956,0.712633387692222,-0.701509138785015,0.99981506307523,-0.0171941675791007,-0.00861395664802013,0.712608397334729,44.5524600499813,88.5134222651482,stretched_oval,general_ellipsoid,254.757961783439,229.92356687898,53.4904458598726,-4.05306090384864,34.0546081840137,7.18156588469055
13611913_R3676878_SWAN.nii.gz,13611913_R3676878_SWAN,16,23,0.333810180425643,7.67763414978981,2.44761400997889,0.488301515579223,0.488297998905181,1.39999520778656,1.95320606231689,2.4414899945259,2.79999041557312,2.81904361910446,2.12096438436102,1.81936402018285,1.54946651018257,1.32913293589026,1.16577241323474,-0.146607478827394,0.26010609521257,0.954385177161267,-0.220495346661228,0.931943030346289,-0.287861060738892,0.964307030593793,0.25264007485402,0.0792776344572367,0.954385177161267,17.3722257285831,119.407561041305,mildly_oval,prolate_like,255.782608695652,258.782608695652,35.6086956521739,-4.20338457320696,17.2349058645574,-16.1127228864833
13611913_R3676878_SWAN.nii.gz,13611913_R3676878_SWAN,17,18,0.333810180425643,6.00858324766159,2.25557784468953,0.488301515579223,0.488297998905181,1.39999520778656,1.46490454673767,2.4414899945259,2.79999041557312,2.79108608037027,2.09027731550346,1.49804070346526,1.86315770587137,1.33527071248822,1.39534080126677,-0.00924850173481118,0.663142818798113,0.748435746802725,0.0300072905504488,0.748314731341368,-0.662664791105817,0.999506892287132,-0.0163298724425111,0.026819909331114,0.748435746802725,41.5449414672448,90.7990220949525,stretched_oval,general_ellipsoid,257.0,280.5,56.7222222222222,-5.73496076045557,10.0486649208598,14.4249095761527
13611913_R3676878_SWAN.nii.gz,13611913_R3676878_SWAN,18,101,0.333810180425643,33.71482822299,4.00812056142673,0.488301515579223,0.488297998905181,1.39999520778656,3.41811060905456,3.90638399124145,4.19998562335968,4.01180258702683,3.50184024852986,3.37015565047169,1.19039089083773,1.14562695677253,1.03907374368294,-0.160379862321374,-0.607484435549159,0.777972339050236,-0.762515849078175,-0.424235683367052,-0.488460504915883,-0.626775781014524,0.671555467198063,0.395177649684321,0.777972339050236,38.9247022434778,-104.789027771381,spherical,near_spherical,264.108910891089,266.990099009901,53.6633663366336,-8.97131604695749,16.1753051113521,9.33595191086134
13611913_R3676878_SWAN.nii.gz,13611913_R3676878_SWAN,19,57,0.333810180425643,19.0271802842617,3.31226648541219,0.488301515579223,0.488297998905181,1.39999520778656,2.44150757789611,2.92978799343109,4.19998562335968,4.22525769249427,2.62777220792553,2.32852664522726,1.81456274127448,1.60792388310927,1.12851283592207,-0.161678805119057,0.189172263966645,0.968542109833645,-0.393872136288604,0.887523155170973,-0.239097029029662,0.904834075524747,0.420138671846682,0.0689839995084439,0.968542109833645,14.4094547888162,130.519333529922,stretched_oval,prolate_like,263.947368421052,187.315789473684,54.1052631578947,-8.15889714094566,54.894432333347,5.57537059525127
13611913_R3676878_SWAN.nii.gz,13611913_R3676878_SWAN,20,277,0.333810180425643,92.4654199779033,5.61039675570064,0.488301515579223,0.488297998905181,1.39999520778656,5.37131667137146,5.371277987957,11.1999616622924,11.3202376825235,4.59026354562887,3.31981119684438,3.40990406119598,2.46614112022029,1.38268813298542,-0.324696560956521,-0.0250868117136202,0.945485481211136,0.71782324320627,-0.657462805201053,0.229068660645653,-0.615874934394832,-0.753069260861978,-0.231483808351585,0.945485481211136,19.005823324358,-175.581971915372,elongated,general_ellipsoid,266.664259927797,291.68953068592,60.985559566787,-10.7049524546517,5.37189893526721,20.8416752864737
13611913_R3676878_SWAN.nii.gz,13611913_R3676878_SWAN,21,23,0.333810180425643,7.67763414978981,2.44761400997889,0.488301515579223,0.488297998905181,1.39999520778656,1.95320606231689,2.4414899945259,2.79999041557312,3.14266994169364,2.03237589245545,1.61339239590938,1.94786460482992,1.54630349304958,1.25969100735095,0.116769023465846,0.575643574154898,0.809320375804913,-0.648469376981509,0.661403024187624,-0.37687332979753,0.752231654662342,0.480812349185873,-0.450518615147382,0.809320375804913,35.9704166530885,78.5331677960776,stretched_oval,general_ellipsoid,265.434782608695,238.043478260869,51.5217391304347,-9.27195016768473,29.8893531693712,4.75015510424322
13611913_R3676878_SWAN.nii.gz,13611913_R3676878_SWAN,22,270,0.333810180425643,90.1287487149238,5.56273331516562,0.488301515579223,0.488297998905181,1.39999520778656,6.83622121810913,6.34787398576736,8.39997124671936,9.20217830249273,4.89805951956132,4.17582339323399,2.20367995385121,1.87873958365391,1.17295657845529,-0.575998149288066,-0.404381695655272,0.710423518920713,-0.696396836326628,-0.212376323868456,-0.685512759483282,-0.428085947411248,0.88959077180414,0.159281764021895,0.710423518920713,44.7306155547402,-144.929079682207,stretched_oval,prolate_like,271.329629629629,211.837037037037,59.2074074074074,-12.1695823619625,43.8648324904894,13.9208923757766
13611913_R3676878_SWAN.nii.gz,13611913_R3676878_SWAN,23,32,0.333810180425643,10.6819257736206,2.73243796688085,0.488301515579223,0.488297998905181,1.39999520778656,1.95320606231689,2.92978799343109,2.79999041557312,2.88533229534649,2.65921265634927,1.89150867605661,1.52541319628614,1.08503255219447,1.40586860108574,0.0830203771444985,0.867503464803259,0.490454233882353,-0.202517148307038,0.496570248397189,-0.844040753191656,0.975753258575327,0.0292528111656694,-0.216909777139103,0.490454233882353,60.6295585783741,84.5334224663517,mildly_oval,oblate_like,267.6875,335.46875,60.65625,-11.6044352138706,-15.9096089666709,22.7755079189082
13611913_R3676878_SWAN.nii.gz,13611913_R3676878_SWAN,24,308,0.333810180425643,102.813535571098,5.81233392756682,0.488301515579223,0.488297998905181,1.39999520778656,4.88301515579223,7.32446998357772,5.59998083114624,8.28288415088728,4.49627005492211,4.06715392339686,2.03653077972752,1.84216785240021,1.10550771856867,-0.310669316847848,-0.905391571507455,-0.289397093649109,0.104693152805592,-0.335203656156232,0.936310767136167,-0.944734840748935,0.260585132236577,0.198925789007683,0.289397093649109,73.1781356529538,-108.938762981781,stretched_oval,prolate_like,271.314935064935,223.438311688311,50.6168831168831,-11.9731101431224,36.8781907967497,2.61246745728632
13611913_R3676878_SWAN.nii.gz,13611913_R3676878_SWAN,25,114,0.333810180425643,38.0543605685234,4.17319426783213,0.488301515579223,0.488297998905181,1.39999520778656,3.90641212463378,3.41808599233627,4.19998562335968,4.62762810195289,3.59071103801055,3.17595797556761,1.45708102486016,1.28877764124312,1.13059148314732,-0.119803171568914,0.386822514990621,0.914338855117926,0.990606452346627,-0.0145794624670827,0.135964318272847,-0.0659246285636753,-0.922038926060338,0.381442213419332,0.914338855117926,23.8879904805669,107.208326019867,mildly_oval,prolate_like,272.798245614035,238.026315789473,52.0526315789473,-12.8840440393817,30.0403598743703,5.39103739911266
13611913_R3676878_SWAN.nii.gz,13611913_R3676878_SWAN,26,39,0.333810180425643,13.0185970366001,2.91869370034862,0.488301515579223,0.488297998905181,1.39999520778656,2.44150757789611,2.4414899945259,2.79999041557312,2.91111927213601,2.6759082634482,2.1951638407897,1.32615125032705,1.08789950384349,1.21900161333085,-0.497099405788409,-0.214134391108701,0.840855899253442,0.736381918921069,0.408457821810989,0.539355056792411,0.458948635743623,-0.887304158868833,0.0453594466802506,0.840855899253442,32.7693888703753,-156.695181164249,mildly_oval,oblate_like,271.974358974358,311.666666666666,58.5128205128205,-13.3985060637052,-4.66788386362486,18.4310610655408
13611913_R3676878_SWAN.nii.gz,13611913_R3676878_SWAN,27,77,0.333810180425643,25.7033838927745,3.66154093217979,0.488301515579223,0.488297998905181,1.39999520778656,2.44150757789611,3.41808599233627,5.59998083114624,5.04116001222164,3.13234085306414,2.3709391548064,2.1262291788476,1.60939062787187,1.3211392821761,-0.102834580011631,0.208573199656046,0.972585353343895,0.346846973994237,0.923919233713266,-0.161463389676206,0.932267250194316,-0.320734266893839,0.167353829520567,0.972585353343895,13.4470230839757,116.245063540618,stretched_oval,general_ellipsoid,273.818181818181,268.766233766233,35.038961038961,-13.0798970138315,12.4454895664345,-16.5927060685277
13611913_R3676878_SWAN.nii.gz,13611913_R3676878_SWAN,28,51,0.333810180425643,17.0243192017078,3.19171210277651,0.488301515579223,0.488297998905181,1.39999520778656,2.44150757789611,2.92978799343109,4.19998562335968,4.09463255497198,2.70026669927709,2.19094527825236,1.86888855491549,1.51638079159669,1.2324665184842,-0.07602247663143,0.168003414291303,0.98285066812476,0.312755297423083,0.939976799529774,-0.136483479877824,0.946786516053446,-0.297015940872247,0.124003322081108,0.98285066812476,10.6263434475016,114.347015587436,stretched_oval,general_ellipsoid,274.274509803921,300.235294117647,69.2156862745098,-14.7853787431821,2.58864754438398,32.6563095926654
13611913_R3676878_SWAN.nii.gz,13611913_R3676878_SWAN,29,47,0.333810180425643,15.6890784800052,3.10598679048825,0.488301515579223,0.488297998905181,1.39999520778656,2.44150757789611,2.92978799343109,4.19998562335968,4.00380132357283,2.79626550716798,2.0479428111112,1.95503570795533,1.43183875540767,1.36540214501924,-0.238801128400564,0.523909739918232,0.817613970950488,-0.00779706119401552,0.840911906407783,-0.541115857740617,0.971037191312131,0.135594063588481,0.196725755833365,0.817613970950488,35.1533485496451,114.503776423665,stretched_oval,general_ellipsoid,278.787234042553,290.595744680851,53.6595744680851,-16.3569862777168,4.84049679703534,10.435310734317
13611913_R3676878_SWAN.nii.gz,13611913_R3676878_SWAN,30,130,0.333810180425643,43.3953234553337,4.35994926749627,0.488301515579223,0.488297998905181,1.39999520778656,3.41811060905456,3.90638399124145,5.59998083114624,4.92228516667237,3.73693623460363,3.29882453476108,1.49213306582517,1.31719806216989,1.1328084277372,-0.0642345955712089,0.247770223555478,0.966687039869197,-0.0940226304461088,0.962875892286704,-0.253041026351612,0.993495677743893,0.107144446297283,0.0385539353613969,0.966687039869197,14.8305518172553,104.533993753307,mildly_oval,prolate_like,281.807692307692,220.738461538461,53.2,-17.1585469825336,38.6801176711343,5.91880618497157
13611913_R3676878_SWAN.nii.gz,13611913_R3676878_SWAN,31,194,0.333810180425643,64.7591750025749,4.98234995175904,0.488301515579223,0.488297998905181,1.39999520778656,4.39471364021301,4.39468199014663,5.59998083114624,5.75784721225242,4.21093821920875,3.78717920733025,1.52035245681214,1.3673549485925,1.11189304458006,-0.108465242492424,-0.0951214810673964,0.989538879989363,0.865595140195955,0.480464026441979,0.14106513589227,-0.488856159253622,0.871840709725523,0.0302230446032638,0.989538879989363,8.29480252490306,-138.749995118347,mildly_oval,prolate_like,284.025773195876,285.103092783505,59.7835051546391,-19.0747667097956,8.51534575097186,18.5808796334397
13611913_R3676878_SWAN.nii.gz,13611913_R3676878_SWAN,32,136,0.333810180425643,45.3981845378875,4.42601914188293,0.488301515579223,0.488297998905181,1.39999520778656,3.90641212463378,4.39468199014663,5.59998083114624,4.9117113155423,4.4174835185714,3.04564922521779,1.6126976392664,1.11187994134966,1.45042425831408,-0.267384216172877,0.285178351494497,0.920423266101252,-0.580331226040814,0.714879400379124,-0.390080903141321,0.769234261472785,0.63845183902348,0.0256495657654087,0.920423266101252,23.0119608123848,133.155545261632,mildly_oval,oblate_like,285.544117647058,201.294117647058,51.1764705882353,-18.7290988613796,47.8224492554059,1.98770914287031
13611913_R3676878_SWAN.nii.gz,13611913_R3676878_SWAN,33,89,0.333810180425643,29.7091060578823,3.84264549796477,0.488301515579223,0.488297998905181,1.39999520778656,2.92980909347534,3.41808599233627,5.59998083114624,4.93112125375154,3.11129457638828,2.7828689706954,1.77195595828549,1.58490979644742,1.11801691317532,0.0983342921923065,0.156721300612172,0.982735366674806,-0.312889916632587,0.942309386126533,-0.118966049306048,0.944685274072106,0.295789544697349,-0.141697841194012,0.982735366674806,10.6621091662339,57.8939123283385,mildly_oval,prolate_like,284.393258426966,241.393258426966,21.4044943820224,-17.5103489028268,23.6522054979473,-37.1951109525444
13611913_R3676878_SWAN.nii.gz,13611913_R3676878_SWAN,34,220,0.333810180425643,73.4382396936416,5.1956658450137,0.488301515579223,0.488297998905181,1.39999520778656,3.90641212463378,6.34787398576736,6.9999760389328,7.37813436710271,4.6145045380078,3.41422771023245,2.16099656885521,1.59890066340427,1.35155148679102,0.0250681733945657,-0.559268187479454,0.828607676259462,-0.0913380413903474,0.824119905915751,0.559002453365268,0.995504369090178,0.0896965726594946,0.0304232801568937,0.828607676259462,34.044022777679,-87.433539351613,stretched_oval,general_ellipsoid,285.172727272727,299.322727272727,58.5636363636363,-19.7258456323338,1.43352083814415,17.6507177960296
13611913_R3676878_SWAN.nii.gz,13611913_R3676878_SWAN,35,38,0.333810180425643,12.6847868561744,2.89353129565685,0.488301515579223,0.488297998905181,1.39999520778656,2.44150757789611,2.4414899945259,4.19998562335968,3.85628430420233,2.27155946626387,2.07767270902765,1.85605956484217,1.69763739909697,1.09331920104344,-0.10291217434598,-0.332090048419637,-0.937616810915858,0.122397519078173,-0.93968597826602,0.319388649725909,0.987131162356295,0.0818929910973698,-0.1373521252629,0.937616810915858,20.3448931827467,-107.217810285681,stretched_oval,prolate_like,284.105263157894,384.078947368421,45.078947368421,-19.5332255774471,-41.8235123082995,3.56929221680682
13611913_R3676878_SWAN.nii.gz,13611913_R3676878_SWAN,36,69,0.333810180425643,23.0329024493694,3.53007025417045,0.488301515579223,0.488297998905181,1.39999520778656,2.92980909347534,2.4414899945259,5.59998083114624,5.41723324669889,2.50492687657215,2.36856114015752,2.28714097975051,2.16263129170144,1.05757323891818,-0.104912250530389,0.106961445498071,0.988712632095702,0.483690810938326,0.874169906251762,-0.0432455132656325,0.868928431519232,-0.473694230681298,0.143447400522909,0.988712632095702,8.61674661243126,134.445865322238,stretched_oval,prolate_like,295.739130434782,177.840579710144,41.2608695652173,-23.1400552455848,57.7129630092261,-13.2229384653054
13611913_R3676878_SWAN.nii.gz,13611913_R3676878_SWAN,37,74,0.333810180425643,24.7019533514976,3.61335716323937,0.488301515579223,0.488297998905181,1.39999520778656,2.44150757789611,2.92978799343109,4.19998562335968,4.5409395135705,3.00078298028699,2.49213511023916,1.82210807709166,1.51325155581101,1.20410124152498,-0.0248073335990401,0.112971268678171,0.993288522360421,-0.204667542036858,0.971974416876522,-0.115658679631641,0.978517140083042,0.206163103854177,0.000990541728041428,0.993288522360421,6.64186279607198,102.384996615199,stretched_oval,general_ellipsoid,301.918918918918,357.391891891891,76.0,-29.0504110605153,-23.8449537224463,44.8686393714333
13611913_R3676878_SWAN.nii.gz,13611913_R3676878_SWAN,38,65,0.333810180425643,21.6976617276668,3.46049402687578,0.488301515579223,0.488297998905181,1.39999520778656,2.44150757789611,2.92978799343109,4.19998562335968,4.14465717762729,3.01922234472803,2.45136381716517,1.69075563105124,1.37275652615131,1.23165004051481,-0.04913212133014,0.282085753814607,0.958130294974772,0.0569008290023611,0.958521393499019,-0.279283071208299,0.997170161162298,-0.040796638336281,0.0631451026447358,0.958130294974772,16.6385188801427,99.8803421746856,mildly_oval,general_ellipsoid,310.123076923076,322.646153846153,42.2615384615384,-31.5561933642396,-12.2602007393653,-4.06436286625952
13611913_R3676878_SWAN.nii.gz,13611913_R3676878_SWAN,39,34,0.333810180425643,11.3495461344718,2.78821734204797,0.488301515579223,0.488297998905181,1.39999520778656,1.95320606231689,2.4414899945259,2.79999041557312,2.83966220034362,2.51948528953162,2.08369686097082,1.36280005673214,1.1270802858593,1.20914195184694,0.0314746627228678,0.167645608535701,0.985344759739035,0.237160594366349,0.956426882164652,-0.170301120232958,0.97096045135025,-0.239045119196136,0.00965571862801882,0.985344759739035,9.82123093905091,79.3667720760964,mildly_oval,oblate_like,309.470588235294,350.764705882352,38.4705882352941,-31.370388085406,-26.5054697381222,-7.78271481482421
13611913_R3676878_SWAN.nii.gz,13611913_R3676878_SWAN,40,707,0.333810180425643,236.00379756093,7.66725880626436,0.488301515579223,0.488297998905181,1.39999520778656,8.78942728042602,7.32446998357772,6.9999760389328,8.75716100430333,7.21207690067306,5.66537699374141,1.54573314608673,1.2142356667725,1.2730091763779,-0.900947661204852,-0.430725873094274,-0.0526168605741606,-0.14595247587274,0.18660719129438,0.971532619598456,-0.408645551249641,0.882979602484902,-0.230988820161235,0.0526168605741606,86.9838831609608,-154.448427161461,mildly_oval,general_ellipsoid,323.803394625176,210.029702970297,22.2659123055162,-36.4799948972485,39.3173638164807,-38.2364181435259
13611913_R3676878_SWAN.nii.gz,13611913_R3676878_SWAN,41,80,0.333810180425643,26.7048144340515,3.70848887677708,0.488301515579223,0.488297998905181,1.39999520778656,2.92980909347534,2.92978799343109,5.59998083114624,4.81025090478242,2.84396211130245,2.73635947589552,1.75790167452622,1.69139064323872,1.0393232820303,-0.0625837947394618,0.0831618033260334,0.994568943363692,0.995717603513351,-0.0627359519989698,0.0679017995373526,-0.0680420655891398,-0.994559357099587,0.0788794175689584,0.994568943363692,5.97415585815041,126.963456954147,mildly_oval,prolate_like,317.4625,298.4125,47.35,-35.0872088778182,0.3590132667683,1.58416476650164
13611913_R3676878_SWAN.nii.gz,13611913_R3676878_SWAN,42,51,0.333810180425643,17.0243192017078,3.19171210277651,0.488301515579223,0.488297998905181,1.39999520778656,2.44150757789611,2.92978799343109,4.19998562335968,4.00023554208445,2.61050683700077,2.29966576043135,1.73948562913513,1.53235972623628,1.13516793697494,-0.31784133964533,0.110472362290088,0.941686115424088,-0.130570150620603,0.978626436922504,-0.158876470011377,0.939110386791336,0.173453607994791,0.296623544740155,0.941686115424088,19.6633268742913,160.83404228657,mildly_oval,prolate_like,363.960784313725,334.058823529411,42.8627450980392,-57.9604217557455,-17.2721779781813,-3.30639838346956
13611913_R3676878_SWAN.nii.gz,13611913_R3676878_SWAN,43,157,0.333810180425643,52.408198326826,4.64301623810536,0.488301515579223,0.488297998905181,1.39999520778656,3.90641212463378,3.90638399124145,6.9999760389328,5.7244146066904,3.64626476997539,3.56000938932341,1.6079773901322,1.56993936749388,1.02422897560626,-0.117412918817183,0.0829332769172375,0.989614206685917,-0.180597089679511,0.978107342487388,-0.103395927248369,0.976523884855931,0.190861463245015,0.0998649295491248,0.989614206685917,8.26483257257925,144.764963233058,mildly_oval,prolate_like,368.929936305732,301.127388535031,61.2101910828025,-60.7133299845454,1.64451678951455,20.3332587841447
13611913_R3676878_SWAN.nii.gz,13611913_R3676878_SWAN,44,39,0.333810180425643,13.0185970366001,2.91869370034862,0.488301515579223,0.488297998905181,1.39999520778656,1.95320606231689,2.4414899945259,4.19998562335968,4.30642729299829,2.20914964537497,1.9185292389451,2.244650331921,1.94935970137384,1.15148083257238,0.0962318496991265,-0.14764634734007,-0.984347493124566,-0.031241421079182,-0.988897994695099,0.145274669839461,0.994868536396863,-0.0167723643278605,0.0997761649013207,0.984347493124566,10.1507398519578,-56.9047914394062,stretched_oval,prolate_like,391.410256410256,319.076923076923,59.2051282051282,-71.7841778248548,-7.20078240812589,18.2367362952194
13671104_R3510014_SWAN.nii.gz,13671104_R3510014_SWAN,1,98,0.219769984483718,21.5374584794044,3.45195620330318,0.46880030632019,0.468797981739044,0.999987959861755,3.28160214424133,2.81278789043426,3.99995183944702,4.18489659587171,2.82107093734433,2.54972289911361,1.64131427667161,1.48344252548687,1.10642256000644,-0.0634578079386241,-0.179089509257256,0.981784117963628,0.705724084111303,0.687533653277263,0.171029215973415,0.705639159710461,-0.70372183658404,-0.082758401373511,0.981784117963628,10.9527758619256,-109.511053899118,mildly_oval,prolate_like,292.877551020408,191.489795918367,65.6122448979591,-24.2625193869214,55.5562172532972,-1.38894496103527
13671104_R3510014_SWAN.nii.gz,13671104_R3510014_SWAN,2,122,0.219769984483718,26.8119381070137,3.71344100419797,0.46880030632019,0.468797981739044,0.999987959861755,2.81280183792114,3.2815858721733,4.99993979930877,4.61051440470267,2.94569914151022,2.78701857457438,1.65428190782931,1.5651681258728,1.05693559719459,0.0350123560074652,-0.0911692835646169,0.995219722805532,0.210339115754481,0.974196635899582,0.081843576324351,0.977001326155921,-0.206468100045143,-0.0532853859263423,0.995219722805532,5.60450584552846,-68.9913752039474,mildly_oval,prolate_like,335.663934426229,176.295081967213,102.05737704918,-44.3121049319596,60.0442138401973,35.4778776252443
140387_R3592810_SWAN.nii.gz,140387_R3592810_SWAN,1,92,0.219773441553115,20.2191566228866,3.38003713240078,0.468800008296966,0.468800008296966,1.0,2.81280004978179,2.81280004978179,3.0,3.26596760308171,2.95595228379163,2.93359988549522,1.11329688115609,1.10487832330379,1.00761944340362,-0.17162760417898,-0.301461061161213,-0.937904682836874,-0.716088098857422,0.692001793245111,-0.0913857364160968,-0.6765809634911,-0.655938066244905,0.334639288028691,0.937904682836874,20.2973990502541,-119.653694995135,spherical,near_spherical,131.326086956521,247.369565217391,85.945652173913,59.0448827212372,37.0680679333922,18.9700071645455
140387_R3592810_SWAN.nii.gz,140387_R3592810_SWAN,2,97,0.219773441553115,21.3180238306522,3.44019272951171,0.468800008296966,0.468800008296966,1.0,3.28160005807876,2.81280004978179,4.0,4.90944695546502,2.75613212212674,2.42866744034623,2.02145706485245,1.7812814255351,1.13483306785461,-0.380512431435727,0.134281881638285,-0.91497468040736,0.230959871447916,0.97184769992829,0.0465788141203058,0.89547072945107,-0.193598616750672,-0.400813857405895,0.91497468040736,23.7978684116169,160.562191035838,stretched_oval,prolate_like,153.41237113402,286.835051546391,77.4329896907216,49.1247411833058,19.0173516312671,9.08381836856573
140387_R3592810_SWAN.nii.gz,140387_R3592810_SWAN,3,70,0.219773441553115,15.3841409087181,3.08573203289291,0.468800008296966,0.468800008296966,1.0,2.81280004978179,2.81280004978179,3.0,3.34088171604755,2.67429774263413,2.53019065552308,1.32040710400808,1.24925570656797,1.05695503095645,-0.461041867059011,0.0104605711333174,0.887316726580934,0.00298316847658979,-0.999906595933935,0.0133379201395676,0.887373369853175,0.00879635489131713,0.460967598227949,0.887316726580934,27.4620192288665,178.700240030375,mildly_oval,prolate_like,155.042857142857,249.757142857142,54.7857142857142,48.1446914627615,37.9509902135601,-12.2745143234862
140387_R3592810_SWAN.nii.gz,140387_R3592810_SWAN,4,113,0.219773441553115,24.834398895502,3.61980362057562,0.468800008296966,0.468800008296966,1.0,3.28160005807876,3.28160005807876,4.0,4.37916106233261,3.06575457893608,2.74099419506924,1.59765426362823,1.42841214114807,1.11848269669853,0.209701881763746,-0.193601049385493,0.958406883563332,0.845697660036321,0.527870665174129,-0.0784093658800583,-0.490734743618009,0.826965050365164,0.274423426260784,0.958406883563332,16.5830831443285,-42.7138273985034,mildly_oval,prolate_like,196.362831858407,314.106194690265,36.7079646017699,29.5079193269355,8.76855311846046,-32.6000422519936
140387_R3592810_SWAN.nii.gz,140387_R3592810_SWAN,5,67,0.219773441553115,14.7248205840587,3.04100496931449,0.468800008296966,0.468800008296966,1.0,2.34400004148483,2.81280004978179,4.0,4.09786574808679,2.39458037256788,2.15146637225042,1.90468500969431,1.71130850107668,1.11299920995891,0.0927678577153498,-0.0787624015034834,0.992567684686696,0.234590377458799,0.970532132266519,0.0550884292927376,0.967657728423972,-0.227736392233668,-0.108511088252539,0.992567684686696,6.98986913714466,-40.3321508034713,stretched_oval,prolate_like,196.432835820895,338.417910447761,44.6716417910447,29.6592408767136,-3.16587569119768,-25.4679374862879
140387_R3592810_SWAN.nii.gz,140387_R3592810_SWAN,6,106,0.219773441553115,23.2959848046302,3.54345958698434,0.468800008296966,0.468800008296966,1.0,2.81280004978179,2.81280004978179,4.0,4.46497306776997,2.91004863930024,2.62475332248303,1.70110197766931,1.53432936050293,1.10869414446433,0.144523419871162,-0.157796083415932,0.976838460118834,-0.221023026661729,0.95711222128672,0.187309950480181,0.964500804973242,0.242974467634341,-0.103448563468885,0.976838460118834,12.355580982335,-47.5138291490997,mildly_oval,prolate_like,207.915094339622,190.283018867924,86.6415094339622,22.5958246994095,62.9896013186365,21.2942530881912
140387_R3592810_SWAN.nii.gz,140387_R3592810_SWAN,7,127,0.219773441553115,27.9112270772457,3.76351313336851,0.468800008296966,0.468800008296966,1.0,3.75040006637573,3.75040006637573,4.0,4.84889715669852,3.1931412711635,3.0182287660974,1.60653732121445,1.51853511790654,1.05795203697971,-0.24316913002435,0.313047900597825,0.918079400778873,0.864361948531683,-0.35957207980018,0.351548490764339,-0.440167236551873,-0.879038640424564,0.183149863518432,0.918079400778873,23.3531009466857,127.83932117054,mildly_oval,prolate_like,209.889763779527,252.133858267716,96.4960629921259,22.2031294701576,33.3524872982126,29.0534726984681
140387_R3592810_SWAN.nii.gz,140387_R3592810_SWAN,8,56,0.219773441553115,12.3073127269744,2.86453986947939,0.468800008296966,0.468800008296966,1.0,2.81280004978179,2.81280004978179,2.0,3.00180990588826,2.77833520864685,1.96941227446901,1.52421610487708,1.08043474975442,1.41074331904219,-0.830161050452793,-0.528619289545949,-0.177184302439722,-0.556285647053418,0.806541514383141,0.200092639691989,-0.0371336665773009,-0.264674200284963,0.963622674344082,0.177184302439722,79.7942038542302,-147.512354813809,mildly_oval,oblate_like,218.267857142857,319.767857142857,42.5357142857142,19.2594943538008,5.50096299033611,-27.0544191669905
140387_R3592810_SWAN.nii.gz,140387_R3592810_SWAN,9,206,0.219773441553115,45.2733289599418,4.4219578887438,0.468800008296966,0.468800008296966,1.0,5.15680009126663,3.75040006637573,5.0,5.63569207652872,4.26524027146785,2.87027863232041,1.96346515389437,1.32130705841554,1.48600216837475,-0.328160831496913,-0.30894294381472,-0.892672799035766,-0.940237912026589,0.0158897047056015,0.340147300551169,0.0909018011875075,-0.950947829668622,0.295694247136131,0.892672799035766,26.7889447312826,-136.727772016896,stretched_oval,general_ellipsoid,235.640776699029,306.140776699029,68.1990291262135,10.8273493465108,9.87952609078107,-1.06450139619953
140387_R3592810_SWAN.nii.gz,140387_R3592810_SWAN,10,59,0.219773441553115,12.9666330516338,2.91480518103306,0.468800008296966,0.468800008296966,1.0,2.81280004978179,2.81280004978179,3.0,3.42894462457704,2.63023417528596,2.19730392676334,1.56052359567204,1.30366514768756,1.19702793193489,0.277800132114913,0.297499678132585,0.913411751680447,0.529510967394243,0.745927750156838,-0.40399248378549,0.80152680679198,-0.595890705630625,-0.0496894851742885,0.913411751680447,24.0188278129398,46.9611687504872,mildly_oval,prolate_like,239.101694915254,147.338983050847,46.1355932203389,7.8172022528094,85.6619351962107,-17.7869874491372
140387_R3592810_SWAN.nii.gz,140387_R3592810_SWAN,11,183,0.219773441553115,40.2185398042202,4.25085109534688,0.468800008296966,0.468800008296966,1.0,4.21920007467269,4.21920007467269,3.0,4.32883091867926,4.17165677290772,3.12909189753873,1.38341444113041,1.03767667244158,1.33318448594911,0.645146143049558,-0.742293017235375,-0.181073274317004,0.714991056447631,0.67007497202039,-0.199467594039165,-0.26939607144162,0.000780022740603514,-0.963029152339816,0.181073274317004,79.5677187667108,-49.0052468657511,mildly_oval,oblate_like,247.644808743169,273.890710382513,64.087431693989,4.9169750014432,25.1375047470458,-4.13280431758816
140387_R3592810_SWAN.nii.gz,140387_R3592810_SWAN,12,178,0.219773441553115,39.1196725964546,4.21177856200427,0.468800008296966,0.468800008296966,1.0,4.68800008296966,3.75040006637573,5.0,6.44495721864377,3.1757807747433,2.94058726759603,2.19172452035834,2.02940872679245,1.07998181510849,-0.518216203377416,-0.182801689471335,-0.835485193694969,-0.770665671661972,0.523399649350982,0.363493094268749,-0.370845505674394,-0.832247769228427,0.412113165933107,0.835485193694969,33.3336062745486,-160.569615210017,stretched_oval,prolate_like,250.949438202247,234.353932584269,71.0617977528089,2.94541212946721,43.093319994973,4.13059695386797
140387_R3592810_SWAN.nii.gz,140387_R3592810_SWAN,13,164,0.219773441553115,36.042844414711,4.09832892876252,0.468800008296966,0.468800008296966,1.0,3.75040006637573,4.21920007467269,4.0,4.62004050158465,3.46022729838459,3.21415774419672,1.43740316103846,1.33518410878427,1.07655802041208,-0.0645077583489649,0.539935557710295,0.839230804149171,0.99102766530942,-0.0639886465148409,0.117344022892339,-0.117059453715411,-0.839270544364134,0.530963311028717,0.839230804149171,32.9410166442037,96.8130092370178,mildly_oval,prolate_like,251.042682926829,377.884146341463,77.7195121951219,4.23844305392377,-24.4844657105916,5.98351934593648
140387_R3592810_SWAN.nii.gz,140387_R3592810_SWAN,14,114,0.219773441553115,25.0541723370552,3.6304501631215,0.468800008296966,0.468800008296966,1.0,2.81280004978179,3.28160005807876,4.0,4.34033727274524,2.99612231035597,2.82267225821716,1.53766958247099,1.44865156463841,1.06144888115645,-0.116698073583326,0.0877670607364301,0.989281811554032,0.332992249475191,0.941889204631654,-0.0442819149066793,0.935680352156329,-0.324255561630079,0.139142406693895,0.989281811554032,8.39628154867701,143.053663747796,mildly_oval,prolate_like,254.228070175438,190.131578947368,94.5438596491228,0.838929848573897,62.0631338649413,29.015755421678
140387_R3592810_SWAN.nii.gz,140387_R3592810_SWAN,15,77,0.219773441553115,16.9225549995899,3.1853398191821,0.468800008296966,0.468800008296966,1.0,4.21920007467269,2.81280004978179,2.0,3.98347798270941,2.80649570428856,1.98963804870729,2.00211188426837,1.41937790128177,1.41055590795119,-0.993597777052104,0.106646077713745,-0.037283663250671,0.10848919542692,0.992762303239593,-0.0515082880907154,-0.0315206585073211,0.0552233951753277,0.997976364806589,0.037283663250671,87.863308230104,173.87371180118,stretched_oval,general_ellipsoid,257.0,286.350649350649,63.4675324675324,0.65571793122821,19.2688575595036,-5.20017012045416
140387_R3592810_SWAN.nii.gz,140387_R3592810_SWAN,16,82,0.219773441553115,18.0214222073555,3.25284582641466,0.468800008296966,0.468800008296966,1.0,3.28160005807876,3.28160005807876,3.0,3.71029202723488,2.89616175536574,2.39742536180388,1.54761524022719,1.28110663030502,1.20802999814208,-0.340788137761923,-0.463571035154456,-0.817903014132229,-0.888564874259911,0.443010042136725,0.119140953485712,-0.307108953617812,-0.767361712578782,0.562885505832162,0.817903014132229,35.1245749860053,-126.320975834208,mildly_oval,general_ellipsoid,255.878048780487,309.475609756097,67.0243902439024,1.38156904006467,8.2145774369923,-2.41974113792998
140387_R3592810_SWAN.nii.gz,140387_R3592810_SWAN,17,111,0.219773441553115,24.3948520123958,3.59832060056128,0.468800008296966,0.468800008296966,1.0,3.28160005807876,3.75040006637573,4.0,4.57180031716187,2.95971209521074,2.71492990229556,1.68394782984867,1.54467737742455,1.09016151492832,-0.172519990483948,-0.30790581402502,0.935644624081711,-0.876631206996791,0.481151578057536,-0.00329937146896968,0.449170991720041,0.82078448366324,0.352928111057906,0.935644624081711,20.6674607943402,-119.2619612671,mildly_oval,prolate_like,255.945945945945,332.576576576576,68.4954954954954,1.56241963967379,-2.69094252009114,-1.72317318250804
140387_R3592810_SWAN.nii.gz,140387_R3592810_SWAN,18,103,0.219773441553115,22.6366644799709,3.50971030217549,0.468800008296966,0.468800008296966,1.0,2.81280004978179,2.81280004978179,4.0,4.51465696982783,2.76606636830837,2.6828945729828,1.68275601109755,1.6321578619926,1.03100076915549,-0.0598389432590461,-0.227150392473097,0.972019547164025,0.539636640446718,0.811843654887909,0.22293984907508,0.839768776007431,-0.537877847859119,-0.0739988082702819,0.972019547164025,13.5857269283113,-104.758311330042,mildly_oval,prolate_like,257.194174757281,271.281553398058,64.5242718446601,0.413505777644303,26.2367081477948,-3.64421060864895
140387_R3592810_SWAN.nii.gz,140387_R3592810_SWAN,19,135,0.219773441553115,29.6694146096706,3.84093347362904,0.468800008296966,0.468800008296966,1.0,3.28160005807876,3.75040006637573,4.0,4.49385411042037,3.18736332799421,2.98920452043404,1.50336120519711,1.40989703651021,1.06629148531174,0.309053838335204,-0.121684556025133,-0.943227752897063,-0.273240459609659,-0.961327226861004,0.0344907832330961,0.910947515635549,-0.247068475772804,0.330351013373236,0.943227752897063,19.3991211329959,-21.4911744472424,mildly_oval,prolate_like,258.977777777777,376.644444444444,63.637037037037,0.594539008731089,-22.97531140546,-8.04988639038746
140387_R3592810_SWAN.nii.gz,140387_R3592810_SWAN,20,123,0.219773441553115,27.0321333110332,3.72357894632703,0.468800008296966,0.468800008296966,1.0,3.28160005807876,4.21920007467269,5.0,5.39725309080431,3.08087459223962,2.72955507181158,1.9773380455087,1.75185744476564,1.12870944574672,0.140256933430359,-0.213575987851404,0.966805714731769,0.507350376504284,0.854024028526538,0.115058916039842,0.850249132952026,-0.474371432648088,-0.228140649165658,0.966805714731769,14.8039636820277,-56.7067974015695,stretched_oval,prolate_like,264.398373983739,158.699186991869,68.2520325203252,-4.06692581279277,78.5372220117265,3.80336656608443
140387_R3592810_SWAN.nii.gz,140387_R3592810_SWAN,21,51,0.219773441553115,11.2084455192089,2.77661450210445,0.468800008296966,0.468800008296966,1.0,3.75040006637573,2.81280004978179,2.0,3.48056005162153,2.54439799021747,1.65479178641608,2.10332204945231,1.36793067161794,1.53759404119842,-0.853328191792225,0.382136364540695,-0.354686898529156,0.408231697660234,0.912877312688874,0.00137586459480577,-0.324311390669606,0.143620370677563,0.9349841233991,0.354686898529156,69.2257436600865,155.876269946545,stretched_oval,general_ellipsoid,264.56862745098,313.509803921568,66.4901960784313,-2.64960809829918,6.28519556671382,-3.11820727252566
140387_R3592810_SWAN.nii.gz,140387_R3592810_SWAN,22,89,0.219773441553115,19.5598362982273,3.34289085999134,0.468800008296966,0.468800008296966,1.0,2.81280004978179,2.34400004148483,5.0,5.77262493185019,2.32459751093075,2.16763568981567,2.66309738254082,2.48327932242295,1.07241153199891,-0.211293916859458,0.207788187612016,-0.95508059858166,0.932836911768443,0.334625054642289,-0.133571586978514,-0.291839299513451,0.919157299864695,0.264536729708634,0.95508059858166,17.2382769533286,135.479282705556,elongated,prolate_like,264.76404494382,363.0,55.0337078651685,-2.19520901546427,-16.0372432691327,-16.1967512484681
140387_R3592810_SWAN.nii.gz,140387_R3592810_SWAN,23,192,0.219773441553115,42.1965007781982,4.31942500921286,0.468800008296966,0.468800008296966,1.0,3.75040006637573,3.28160005807876,8.0,9.06908337649839,2.79580579642414,2.60026259656204,3.4877567321428,3.24381735959551,1.07520132778921,-0.126533640244953,0.0116957711353715,-0.991893364643553,-0.377290804654212,-0.925346632596133,0.0372190578383199,-0.91740987928501,0.37894170855231,0.121500184813513,0.991893364643553,7.30048604988748,174.719035840213,elongated,prolate_like,267.208333333333,300.510416666666,66.2604166666666,-4.01019443761711,12.3542312936236,-2.92324949086953
140387_R3592810_SWAN.nii.gz,140387_R3592810_SWAN,24,131,0.219773441553115,28.7903208434581,3.80261736819713,0.468800008296966,0.468800008296966,1.0,2.81280004978179,3.28160005807876,4.0,4.58635201465086,3.08196984504981,2.93823954793996,1.5609183457715,1.48812358499138,1.04891714741591,-0.0163890989061047,-0.319355080929577,0.947493392969844,0.765589159543462,0.605508501733891,0.217330837934959,-0.643121012117144,0.728952526995029,0.234571049281406,0.947493392969844,18.6493391571283,-92.9378055641619,mildly_oval,prolate_like,266.519083969465,233.267175572519,62.4961832061068,-4.30941105252203,44.0661499139689,-4.43249743535601
140387_R3592810_SWAN.nii.gz,140387_R3592810_SWAN,25,95,0.219773441553115,20.878476947546,3.41638440455434,0.468800008296966,0.468800008296966,1.0,3.28160005807876,2.81280004978179,3.0,3.37729788354089,3.01680513822745,2.87460574868603,1.17487341875825,1.11949487248793,1.04946744074606,-0.494326103767524,-0.0913014497572218,-0.864468477393044,0.170561371467325,-0.985325388619545,0.00653430217595523,0.852379329698464,0.144214852958948,-0.502644560787068,0.864468477393044,30.1779323692206,-169.535467853107,spherical,near_spherical,268.157894736842,258.621052631578,41.0,-4.70112505247324,33.7299570241256,-26.7251052155992
140387_R3592810_SWAN.nii.gz,140387_R3592810_SWAN,26,66,0.219773441553115,14.5050471425056,3.02579969040773,0.468800008296966,0.468800008296966,1.0,2.81280004978179,2.81280004978179,3.0,3.49698716650149,2.66047509051111,2.26335579530446,1.54504527028243,1.31442206656017,1.17545597383783,0.082426060578026,-0.558902142790054,0.825126862562523,0.960881261375157,-0.17509620823626,-0.214589187517382,0.264410941671621,0.8105366818633,0.522606105282321,0.825126862562523,34.3986446459615,-81.6105775248902,mildly_oval,prolate_like,270.151515151515,322.833333333333,71.0757575757575,-5.20512674630364,1.54711425101216,1.12464914005249
140387_R3592810_SWAN.nii.gz,140387_R3592810_SWAN,27,149,0.219773441553115,32.7462427914142,3.9693642300775,0.468800008296966,0.468800008296966,1.0,4.21920007467269,5.15680009126663,4.0,5.33354640859307,3.90316700653252,3.09811964043636,1.72154307373418,1.36646635915567,1.25985031552325,0.49854568961724,-0.592869874535778,0.632421937658712,-0.355430269172976,0.525604362943994,0.772922620583627,0.790646266746194,0.610119140432561,-0.051313890498944,0.632421937658712,50.7709643990552,-49.9394407172129,mildly_oval,general_ellipsoid,275.8322147651,222.516778523489,67.731543624161,-8.81000132428091,48.6316242342527,1.11470829586079
140387_R3592810_SWAN.nii.gz,140387_R3592810_SWAN,28,195,0.219773441553115,42.8558211028575,4.34180584920898,0.468800008296966,0.468800008296966,1.0,4.21920007467269,3.75040006637573,4.0,4.37447892324662,3.89220157404846,3.69423076357701,1.18413797166556,1.12390862601099,1.05358918355164,0.122088070404558,0.110123001074404,0.986391112946208,0.957511353806027,-0.274690755419545,-0.0878464354404254,0.261278606849931,0.955205691734197,-0.138980488131078,0.986391112946208,9.46330179824898,42.0503463747703,spherical,near_spherical,277.764102564102,306.379487179487,63.6410256410256,-8.88505793510913,9.69819600444573,-5.76943966847581
140387_R3592810_SWAN.nii.gz,140387_R3592810_SWAN,29,68,0.219773441553115,14.9445940256118,3.05605969472489,0.468800008296966,0.468800008296966,1.0,2.81280004978179,2.81280004978179,4.0,4.56911453231193,2.48422718221468,2.26584533160271,2.01651651530867,1.83924987417558,1.096379857692,0.182906382416703,0.00386244278221037,0.98312274757885,0.217569558965964,0.975038576695916,-0.0443087007951717,0.958753744338237,-0.222001926772166,-0.177500428807524,0.98312274757885,10.5414707999377,1.20973790477213,stretched_oval,prolate_like,276.867647058823,360.279411764705,53.5588235294117,-7.88507334966048,-14.7735909862334,-17.620400025879
140387_R3592810_SWAN.nii.gz,140387_R3592810_SWAN,30,76,0.219773441553115,16.7027815580368,3.17149034070166,0.468800008296966,0.468800008296966,1.0,2.81280004978179,2.81280004978179,4.0,4.56670184232189,2.70885415785438,2.13625125826943,2.13771756699694,1.6858426390659,1.2680409887968,-0.0132234690264311,-0.183259587586461,0.982975616902345,0.145379882685997,0.972263233350871,0.183218161720705,0.989287536349828,-0.145327659555052,-0.0137855645926509,0.982975616902345,10.5874503599322,-94.1271408151117,stretched_oval,general_ellipsoid,279.5,147.421052631578,57.5263157894736,-11.1868678852915,84.4330330669487,-6.57268950139711
140387_R3592810_SWAN.nii.gz,140387_R3592810_SWAN,31,69,0.219773441553115,15.1643674671649,3.07096753891137,0.468800008296966,0.468800008296966,1.0,3.28160005807876,3.75040006637573,3.0,4.04858116177677,2.98043811009314,2.13597096574228,1.89542892984494,1.35838457710844,1.39535516067157,0.0862662963357017,-0.770584971986334,0.631472031894794,0.700912969044431,0.497383965384811,0.511204656476639,0.708010689143773,-0.398507204360095,-0.583020473166474,0.631472031894794,50.8411899287474,-83.6123847620932,stretched_oval,general_ellipsoid,280.289855072463,300.681159420289,72.9855072463768,-10.1813727657081,11.6724187783572,3.73211944124837
140387_R3592810_SWAN.nii.gz,140387_R3592810_SWAN,32,180,0.219773441553115,39.5592194795608,4.22749429925574,0.468800008296966,0.468800008296966,1.0,3.28160005807876,4.68800008296966,5.0,5.36148205025866,3.75180099740654,2.90492370946423,1.84565330676015,1.42904222637736,1.29153167953539,0.131904211775957,-0.42711510935001,0.89452443358507,0.331489537775435,0.869461243518424,0.366267432847673,0.93419268101457,-0.248213273988972,-0.256269790171381,0.89452443358507,26.5525900134691,-72.8379567420446,stretched_oval,general_ellipsoid,280.716666666666,296.261111111111,67.9333333333333,-10.3925953508406,14.0950150100307,-1.16120095789534
140387_R3592810_SWAN.nii.gz,140387_R3592810_SWAN,33,95,0.219773441553115,20.878476947546,3.41638440455434,0.468800008296966,0.468800008296966,1.0,3.28160005807876,3.28160005807876,3.0,3.62770857609643,3.03430587835269,2.83190080691205,1.28101541100662,1.195564561232,1.0714732207239,-0.634963915142368,0.255104004597366,0.729206948201579,0.52194476066193,-0.554234870008196,0.64838057935487,0.569556400442164,0.792304017221536,0.218768944345353,0.729206948201579,43.1800491344937,158.111641695298,spherical,near_spherical,289.221052631578,371.326315789473,80.8842105263157,-13.7380152632531,-22.0019031176441,9.22229118782438
140387_R3592810_SWAN.nii.gz,140387_R3592810_SWAN,34,102,0.219773441553115,22.4168910384178,3.49831505864477,0.468800008296966,0.468800008296966,1.0,3.75040006637573,2.81280004978179,4.0,4.6282900667757,2.90507127829987,2.58879914784072,1.78781350057075,1.59317607844868,1.12216943547858,-0.132277426184787,-0.329621696527475,0.934800630990521,-0.976245434123909,0.206595077963838,-0.0652941506823974,0.171602840518879,0.921231790017835,0.349119541398626,0.934800630990521,20.8040406496952,-111.865627312142,mildly_oval,prolate_like,295.431372549019,332.529411764705,74.4705882352941,-16.9815289166518,-3.46479896572872,4.09695331038285
140387_R3592810_SWAN.nii.gz,140387_R3592810_SWAN,35,106,0.219773441553115,23.2959848046302,3.54345958698434,0.468800008296966,0.468800008296966,1.0,2.81280004978179,2.81280004978179,4.0,4.55383394337507,2.84024491313104,2.67682646279577,1.70120626296367,1.60332439020372,1.06104932561245,-0.187861237378747,-0.10153336814823,-0.976933534403954,0.806956421579266,-0.582988030198053,-0.0945848313302848,0.559937040355887,0.806111612494367,-0.19145385616179,0.976933534403954,12.3300975726624,-151.610107233713,mildly_oval,prolate_like,295.688679245283,354.679245283018,91.5566037735849,-16.9951829324687,-15.0405946238282,20.3994503223056
140387_R3592810_SWAN.nii.gz,140387_R3592810_SWAN,36,72,0.219773441553115,15.8236877918243,3.11484443175616,0.468800008296966,0.468800008296966,1.0,3.28160005807876,2.81280004978179,3.0,3.35047911695912,2.96330844192805,2.33432064029941,1.43531229562763,1.13065486857627,1.2694521869746,0.482542130634339,0.15317586760968,0.862374771050784,0.399853138117463,0.83747691299468,-0.372491460490729,0.779275663741969,-0.524566081426278,-0.342870042605926,0.862374771050784,30.4157230960772,17.6112715307154,mildly_oval,oblate_like,301.555555555555,146.5,99.1527777777777,-21.7905026781502,81.6894916759596,34.8989021190338
140387_R3592810_SWAN.nii.gz,140387_R3592810_SWAN,37,117,0.219773441553115,25.7134926617145,3.66202087962106,0.468800008296966,0.468800008296966,1.0,3.28160005807876,2.81280004978179,4.0,4.5160782101437,2.94095228490471,2.80109139512904,1.61225664324874,1.53558363844383,1.04993085552969,-0.28241494296077,-0.190966829323969,0.940092266796411,0.538232645068045,0.779655211711179,0.32006775944267,-0.794070160486792,0.59638026539243,-0.117401700477181,0.940092266796411,19.9329428114466,-145.933742363661,mildly_oval,prolate_like,302.495726495726,165.461538461538,91.6068376068376,-22.002437611811,73.3538517526581,26.7364888304255
140387_R3592810_SWAN.nii.gz,140387_R3592810_SWAN,38,98,0.219773441553115,21.5377972722053,3.45197430342364,0.468800008296966,0.468800008296966,1.0,3.28160005807876,3.28160005807876,4.0,4.51383020864025,2.82066934295591,2.72197559157155,1.65829194891279,1.60026917721238,1.03625813239838,0.154253559455602,0.132254239552315,0.979139752801261,0.304262427615012,0.936482762443608,-0.174425946429441,0.940016071424896,-0.324821261259828,-0.104215803487177,0.979139752801261,11.7234441016608,40.6091954886888,mildly_oval,prolate_like,304.234693877551,168.734693877551,100.785714285714,-22.8428393422093,71.1529637253558,35.7764413730925
140387_R3592810_SWAN.nii.gz,140387_R3592810_SWAN,39,40,0.219773441553115,8.79093766212463,2.56062231575269,0.468800008296966,0.468800008296966,1.0,2.34400004148483,2.81280004978179,2.0,2.70723352051411,2.35523714058401,1.79480277752757,1.50837381934713,1.14945262787543,1.31225400922794,-0.265860840333146,-0.813274091519776,-0.51759372643033,-0.936853212900257,0.344517579079698,-0.0601140181948319,-0.227209311111622,-0.468927382190191,0.85351217869251,0.51759372643033,58.8290186058009,-108.102666494543,mildly_oval,oblate_like,304.175,187.375,81.525,-22.5167575982865,63.8120046759024,15.9435751787619
140387_R3592810_SWAN.nii.gz,140387_R3592810_SWAN,40,92,0.219773441553115,20.2191566228866,3.38003713240078,0.468800008296966,0.468800008296966,1.0,2.81280004978179,2.34400004148483,4.0,4.15665023350116,2.91142385932561,2.39068516418615,1.73868575242368,1.42770356854325,1.21781985471797,0.00652491682976615,-0.0435937941884039,0.999028030922367,0.974039186831554,-0.22579802203518,-0.016214677348746,0.226285412647144,0.973198250282674,0.0409887505280698,0.999028030922367,2.52638211084985,-81.4874264674531,mildly_oval,general_ellipsoid,306.293478260869,345.923913043478,45.7282608695652,-21.7661197856676,-7.77967035567955,-25.0573109758349
140387_R3592810_SWAN.nii.gz,140387_R3592810_SWAN,41,53,0.219773441553115,11.6479924023151,2.81244573799287,0.468800008296966,0.468800008296966,1.0,2.81280004978179,3.28160005807876,2.0,3.06259535712789,2.66864065157149,1.88745556354087,1.6226052768005,1.14762373694802,1.41388263815075,0.197639690125649,-0.912944021969533,-0.357031883222114,-0.976101034321695,-0.216854623168242,0.0141719161257363,0.0903621806020243,-0.345698257387351,0.933984684647556,0.357031883222114,69.081974696642,-77.7847595477018,mildly_oval,oblate_like,311.037735849056,335.603773584905,96.5283018867924,-24.4030590879573,-6.62079273543828,25.9397611932758
140387_R3592810_SWAN.nii.gz,140387_R3592810_SWAN,42,165,0.219773441553115,36.2626178562641,4.10664199196509,0.468800008296966,0.468800008296966,1.0,4.21920007467269,4.21920007467269,4.0,4.74097406169042,3.65235957914529,3.15677817456386,1.50183947034714,1.29805786066657,1.15698961953508,-0.571359092879737,-0.0646643042723243,-0.81814871187127,-0.380309376937301,0.904257554878123,0.194121230831146,0.727264439387217,0.4220625572102,-0.541248217552705,0.81814871187127,35.1001001971968,-173.542951683284,mildly_oval,prolate_like,314.442424242424,159.218181818181,73.430303030303,-27.5492597667726,77.45655638851,8.77206578214624
140387_R3592810_SWAN.nii.gz,140387_R3592810_SWAN,43,32,0.219773441553115,7.0327501296997,2.37707118957948,0.468800008296966,0.468800008296966,1.0,1.87520003318786,2.34400004148483,2.0,2.31485121812186,2.14235739817925,1.89007741119421,1.22473884107173,1.08051589342152,1.13347600764438,-0.0548640520999278,0.994681513801328,0.0871700745042366,-0.67994905652469,0.0267131554932859,-0.732772603100562,0.7312039498788,0.0994740841902515,-0.674867164897026,0.0871700745042366,84.9991757136598,93.1570875222071,spherical,near_spherical,313.40625,148.34375,58.46875,-27.0754525181837,83.616798175266,-5.78471547577646
140387_R3592810_SWAN.nii.gz,140387_R3592810_SWAN,44,119,0.219773441553115,26.1530395448207,3.68276931604946,0.468800008296966,0.468800008296966,1.0,3.28160005807876,3.28160005807876,4.0,4.47356124556815,3.03947836640372,2.71904405882544,1.64526986278428,1.47181874857731,1.11784814833662,0.011923019484162,0.326987362087741,0.944953494433075,0.988682233381244,-0.145193242240558,0.0377672318809385,0.149550269149387,0.933808431875926,-0.325017737292553,0.944953494433075,19.0991976283722,87.9117352651364,mildly_oval,prolate_like,317.336134453781,332.915966386554,23.6470588235294,-26.930010275203,-0.227600209289741,-46.687528464904
140387_R3592810_SWAN.nii.gz,140387_R3592810_SWAN,45,138,0.219773441553115,30.3287349343299,3.86917664581829,0.468800008296966,0.468800008296966,1.0,3.75040006637573,3.28160005807876,4.0,4.5391737054796,3.2608090409103,2.98019480599407,1.52311308520837,1.39203910702247,1.0941596953165,-0.355043236036717,0.228625382362543,-0.906462759899245,-0.530308851526065,0.749272374876529,0.396690597619846,0.769881044407304,0.621547538637606,-0.144782024698691,0.906462759899245,24.9789815396421,147.221027004266,mildly_oval,prolate_like,319.45652173913,195.942028985507,48.4855072463768,-29.3924577573678,62.0189742451884,-17.3516267975184
140387_R3592810_SWAN.nii.gz,140387_R3592810_SWAN,46,40,0.219773441553115,8.79093766212463,2.56062231575269,0.468800008296966,0.468800008296966,1.0,2.34400004148483,2.34400004148483,2.0,2.46646343941805,2.43112463765565,1.91924186796924,1.28512381924422,1.01453598931746,1.26671092280205,-0.966084791992221,0.017880255581991,0.25760526225539,0.0544094865921951,-0.961108200375984,0.27075936722265,0.252427776700821,0.275592677026003,0.927539160315897,0.25760526225539,75.0719858054382,178.939693245086,spherical,near_spherical,320.9,178.925,80.5,-30.4304241782287,67.6788626506924,15.1432309046387
140387_R3592810_SWAN.nii.gz,140387_R3592810_SWAN,47,186,0.219773441553115,40.8778601288795,4.27395400065182,0.468800008296966,0.468800008296966,1.0,4.68800008296966,4.21920007467269,4.0,5.46441685786452,3.90361772910898,3.09100989172167,1.7678419187526,1.39983400964617,1.26289396212015,-0.821037672123683,0.402789746822167,0.404546117035694,0.466902647853958,0.0660393130252486,0.881839399529254,-0.328479920818131,-0.912907020999448,0.242284363154593,0.404546117035694,66.1373123716635,153.868068601352,mildly_oval,general_ellipsoid,324.5,148.086021505376,82.2903225806451,-32.4248542439052,81.9351375453494,17.9447099150018
140387_R3592810_SWAN.nii.gz,140387_R3592810_SWAN,48,85,0.219773441553115,18.6807425320148,3.29204051056178,0.468800008296966,0.468800008296966,1.0,2.81280004978179,3.28160005807876,3.0,3.39183075900446,3.02427858726981,2.62641089207408,1.29143188114253,1.12153383398004,1.15148722402744,0.441769414320494,-0.0632754427418694,0.894894408808518,0.291596011164486,0.953475150429402,-0.0765304108612334,0.848417085426671,-0.294756434805839,-0.439667025482538,0.894894408808518,26.5051298344987,-8.15114002036477,spherical,near_spherical,322.376470588235,149.211764705882,87.9529411764705,-31.4537948026266,81.0250520490548,23.5628587680923
140387_R3592810_SWAN.nii.gz,140387_R3592810_SWAN,49,129,0.219773441553115,28.3507739603519,3.78316629981556,0.468800008296966,0.468800008296966,1.0,3.28160005807876,3.28160005807876,4.0,4.51510603641431,3.09336243157997,3.00419974338227,1.50293137011288,1.45961106604251,1.02967934751812,-0.188082589814929,-0.0656902542768893,0.979953942745038,-0.304028861235732,0.952646901608931,0.00550748496195937,0.933911875363094,0.296898419241227,0.199148029635864,0.979953942745038,11.4915943085951,-160.747590702556,mildly_oval,prolate_like,324.558139534883,250.333333333333,26.4651162790697,-31.125155782623,38.1123225818308,-41.148015044745
140387_R3592810_SWAN.nii.gz,140387_R3592810_SWAN,50,41,0.219773441553115,9.01071110367775,2.5817854433705,0.468800008296966,0.468800008296966,1.0,2.34400004148483,2.81280004978179,2.0,2.61781557424087,2.24946204644211,2.01675416612564,1.29803404808128,1.16375183052381,1.11538733090286,-0.415804440514005,0.908496886280732,-0.0417142046196451,0.908774824638037,0.416828973233382,0.0195429060609786,-0.0351423583861298,0.0297827918674301,0.998938436519309,0.0417142046196451,87.6092584425264,114.592809310445,spherical,near_spherical,323.926829268292,358.878048780487,70.4878048780487,-30.0595507558162,-15.7661920395202,-0.856384302444041
140387_R3592810_SWAN.nii.gz,140387_R3592810_SWAN,51,155,0.219773441553115,34.0648834407329,4.02194470039357,0.468800008296966,0.468800008296966,1.0,3.75040006637573,3.75040006637573,4.0,4.5591750748895,3.62045875262478,3.03588183319701,1.5017630215496,1.25928104320596,1.19255588706895,0.108442511311699,0.217836968767262,0.969941893506359,0.945684239123757,-0.323397199548615,-0.0330994138472812,0.306466216104372,0.920848145115362,-0.241074992531916,0.969941893506359,14.0835559563751,63.5351892049839,mildly_oval,prolate_like,329.309677419354,148.516129032258,70.6451612903225,-34.6029453421672,82.5191632623153,6.29785251293571
140387_R3592810_SWAN.nii.gz,140387_R3592810_SWAN,52,193,0.219773441553115,42.4162742197513,4.32691102940541,0.468800008296966,0.468800008296966,1.0,3.75040006637573,3.75040006637573,4.0,4.4445810821453,3.95912348855123,3.55533711087843,1.25011523338982,1.12261744171352,1.11357189630128,0.0683674490376635,-0.253185999066279,0.964998829941721,-0.472733045014358,0.843559343695797,0.254815819397008,0.878549577464775,0.473607942860258,0.0620173878532374,0.964998829941721,15.2038597229642,-74.8889000659685,spherical,near_spherical,333.502590673575,154.849740932642,85.3367875647668,-36.5982161756469,78.4714818665555,20.7255658610516
140387_R3592810_SWAN.nii.gz,140387_R3592810_SWAN,53,82,0.219773441553115,18.0214222073555,3.25284582641466,0.468800008296966,0.468800008296966,1.0,2.81280004978179,2.81280004978179,3.0,3.34699923661614,2.83969990055924,2.66777179405047,1.25460477694548,1.17864540402913,1.06444633191346,-0.0232844618209256,0.297672529742188,0.954384041607253,-0.999282633153459,-0.0354502238408903,-0.0133229391471359,-0.0298672549056214,0.954009615604851,-0.298284428721791,0.954384041607253,17.3724436348464,94.472667919478,spherical,near_spherical,335.317073170731,350.5,82.0243902439024,-35.5498750951118,-12.7784901446685,10.8893356857049
140387_R3592810_SWAN.nii.gz,140387_R3592810_SWAN,54,187,0.219773441553115,41.0976335704326,4.28159973072492,0.468800008296966,0.468800008296966,1.0,3.75040006637573,3.75040006637573,5.0,5.43367234265784,3.48203198942351,3.22524814820539,1.68473000928045,1.56048892117083,1.07961677037501,0.1447044086281,-0.0808971695273526,0.986162401476579,-0.474412575595377,0.86895411790357,0.140895170589303,0.868327900185495,0.488235997178507,-0.0873628572023415,0.986162401476579,9.542673570167,-29.2074243007961,mildly_oval,prolate_like,342.342245989304,368.716577540106,71.7967914438502,-38.6043683244064,-20.6316905739632,0.0552225679776796
140387_R3592810_SWAN.nii.gz,140387_R3592810_SWAN,55,69,0.219773441553115,15.1643674671649,3.07096753891137,0.468800008296966,0.468800008296966,1.0,2.34400004148483,3.28160005807876,3.0,3.23791308623782,2.97845933019017,2.1967510430896,1.4739554108434,1.08711005499312,1.35584746371675,-0.0668022320103437,0.171315147370192,0.982948921399258,0.378535135991253,0.915851089465086,-0.133895230481512,0.923173121694148,-0.36313620338262,0.12602969957251,0.982948921399258,10.5957717843568,111.302684539065,mildly_oval,oblate_like,343.826086956521,173.855072463768,102.057971014492,-41.3577508952576,68.2974785622479,36.7330471688098
140387_R3592810_SWAN.nii.gz,140387_R3592810_SWAN,56,56,0.219773441553115,12.3073127269744,2.86453986947939,0.468800008296966,0.468800008296966,1.0,2.34400004148483,2.34400004148483,3.0,3.44023784333342,2.45294625952881,2.19542434168774,1.56700359835161,1.40249213775855,1.11729938169634,0.153885123999658,0.0529302618616197,0.986670033998636,-0.366924706086493,0.930221803795594,0.00732501239657549,0.917434263952982,0.363160822670246,-0.162568718400926,0.986670033998636,9.36560337786664,18.9811459408273,mildly_oval,prolate_like,343.660714285714,249.107142857142,109.928571428571,-40.6064959373657,32.5565944115764,42.0740608767706
140387_R3592810_SWAN.nii.gz,140387_R3592810_SWAN,57,129,0.219773441553115,28.3507739603519,3.78316629981556,0.468800008296966,0.468800008296966,1.0,3.28160005807876,3.28160005807876,4.0,4.56146929767288,3.11262228519454,2.96899340353984,1.53636895664179,1.46547472829257,1.04837628857088,-0.196857102042734,0.0178650973521981,0.980269411780217,0.274503146824861,0.96085023909533,0.0376143644595327,0.94122011440395,-0.276491693052508,0.194054219006885,0.980269411780217,11.4005109911137,174.814520713096,mildly_oval,prolate_like,349.302325581395,197.75968992248,77.4883720930232,-43.5429394970784,58.8219802139341,11.4095169343343
140387_R3592810_SWAN.nii.gz,140387_R3592810_SWAN,58,61,0.219773441553115,13.40617993474,2.9473755325445,0.468800008296966,0.468800008296966,1.0,2.81280004978179,2.81280004978179,3.0,3.37644844274465,2.57906139708062,2.35475919161453,1.43388268947772,1.30917722492633,1.09525483805938,-0.196257068474509,0.144981540561959,-0.96977498213249,-0.132839773110233,-0.983822120036371,-0.120198297854674,0.971512613275717,-0.105234923021876,-0.212341360132138,0.96977498213249,14.1228031483057,143.545500733857,mildly_oval,prolate_like,349.311475409836,199.196721311475,45.0655737704918,-43.3328546887477,60.4614462901334,-20.9781306246753
140387_R3592810_SWAN.nii.gz,140387_R3592810_SWAN,59,99,0.219773441553115,21.7575707137584,3.4636760007232,0.468800008296966,0.468800008296966,1.0,3.28160005807876,3.28160005807876,3.0,3.59489775119827,3.17075395295081,2.79350600272795,1.28687668746289,1.13376749017461,1.13504461771496,-0.642618479328275,0.0283876810374099,-0.765660257288526,0.0138902744677971,-0.998717513550987,-0.0486866347342111,0.766060409041626,0.0419221622993317,-0.641400017155537,0.765660257288526,40.0342327599078,177.470602534359,spherical,near_spherical,373.80808080808,223.242424242424,92.0,-54.8737422907537,45.6443439382645,24.9463318741099
140387_R3592810_SWAN.nii.gz,140387_R3592810_SWAN,60,65,0.219773441553115,14.2852737009525,3.01044003659058,0.468800008296966,0.468800008296966,1.0,2.81280004978179,3.28160005807876,3.0,3.5080850648918,2.73477659348145,2.28844296000945,1.53295717926799,1.28276842549171,1.19503812909986,-0.316645672351518,0.295542343761137,0.901326933595811,0.696146462398554,0.71784101666594,0.0091857325232272,0.644294669441733,-0.630364178738119,0.433042008461976,0.901326933595811,25.6669613686933,136.974316757962,mildly_oval,prolate_like,377.415384615384,209.923076923076,82.0461538461538,-56.6307503340909,52.5471168728975,15.4493617862463
140387_R3592810_SWAN.nii.gz,140387_R3592810_SWAN,61,144,0.219773441553115,31.6473755836486,3.92445806671742,0.468800008296966,0.468800008296966,1.0,3.28160005807876,3.28160005807876,4.0,4.64884882890495,3.29837475652764,3.09330017964867,1.5028767203036,1.40943621391251,1.06629637117929,0.166808209542947,0.0956499354872401,0.981338937916132,0.734717050069058,-0.675801565776607,-0.0590177941955227,-0.657545342593874,-0.730851102164573,0.183004887633996,0.981338937916132,11.0862201354426,29.8305042629135,mildly_oval,prolate_like,380.833333333333,200.555555555555,95.4166666666666,-58.4053623499607,55.9413664013975,29.085824926332
14102064_R3512148_SWAN.nii.gz,14102064_R3512148_SWAN,1,72,0.307686954736709,22.153460741043,3.48455763771515,0.468799829483032,0.468799859285354,1.4000197649002,2.34399914741516,2.81279915571212,5.60007905960083,5.31184712909716,2.69480301739163,2.14253705170363,2.47923233106912,1.97114486469539,1.25776262083723,0.0621571806966596,0.0137650179309785,0.997971447071108,-0.126052395747516,0.992006443608259,-0.00583175496780923,0.990074380243299,0.125434206343616,-0.0633954372553166,0.997971447071108,3.65009565020113,12.4869104970258,stretched_oval,general_ellipsoid,294.277777777777,347.444444444444,66.4444444444444,-17.7313552689799,-25.6217498059445,57.256815547227
14248960_R3618729_SWAN.nii.gz,14248960_R3618729_SWAN,1,119,0.307677507400512,36.613623380661,4.11984960620871,0.468800067901611,0.468800157308578,1.39997518062591,3.28160047531127,3.28160110116004,5.59990072250366,5.88730190209897,3.1167035468032,2.76766383544844,2.12717376535906,1.88895151999219,1.12611347768621,0.0233701763666937,-0.0433536853474335,0.998786410011362,0.172752036906932,0.98420561720247,0.0386786350794584,0.984688056493575,-0.171638460240995,-0.0304904963063037,0.998786410011362,2.82304339385274,-61.672731515396,stretched_oval,prolate_like,169.100840336134,186.731092436974,67.5546218487395,39.8337272061895,37.3234758321978,54.581675048534
14248960_R3618729_SWAN.nii.gz,14248960_R3618729_SWAN,2,141,0.307677507400512,43.3825285434722,4.35952072170131,0.468800067901611,0.468800157308578,1.39997518062591,3.28160047531127,3.28160110116004,5.59990072250366,5.61470848016799,3.30070301314313,3.24146606606957,1.73215093594241,1.70106442712679,1.01827473922791,0.0768784761771703,-0.144047668106888,0.98657993554179,-0.141482361293232,0.977919132906719,0.153808032748166,0.986951083561676,0.151408186066465,-0.0548007285398217,0.98657993554179,9.39727246238563,-61.9110865228741,mildly_oval,prolate_like,208.0,285.163120567375,60.7021276595744,19.4233038507349,-6.04372227847153,38.5617501550743
14248960_R3618729_SWAN.nii.gz,14248960_R3618729_SWAN,3,114,0.307677507400512,35.0752358436584,4.06132108511779,0.468800067901611,0.468800157308578,1.39997518062591,3.28160047531127,3.75040125846862,4.19992554187774,4.51506455734921,3.42312196255165,3.16481223025532,1.42664532011902,1.31899026874975,1.08161929160501,-0.191338318441982,-0.142629473391193,0.971105803306696,0.175419215970694,0.96848699234058,0.176807930634695,0.965721360726799,-0.204180750775501,0.160288722150783,0.971105803306696,13.8068384237179,-143.298019974678,mildly_oval,prolate_like,252.175438596491,317.701754385964,52.0614035087719,-1.63609101773614,-18.3601923268615,23.9772264389811
14248960_R3618729_SWAN.nii.gz,14248960_R3618729_SWAN,4,136,0.307677507400512,41.8441410064697,4.30736833955298,0.468800067901611,0.468800157308578,1.39997518062591,3.75040054321289,3.75040125846862,4.19992554187774,4.51162185317243,3.63733381866918,3.55171691902635,1.27026504533734,1.24036508005282,1.02410577802081,-0.0790419931222753,-0.0891210519991149,0.992879550304984,0.871405141704151,-0.489906161013901,0.025397488304742,0.484154357963269,0.867207813324575,0.116383702355532,0.992879550304984,6.84146920196267,-131.570010321762,spherical,near_spherical,263.257352941176,183.419117647058,66.0588235294117,-4.04130863617447,41.7843652904471,51.3772460157805
14248960_R3618729_SWAN.nii.gz,14248960_R3618729_SWAN,5,132,0.307677507400512,40.6134309768676,4.26471832693201,0.468800067901611,0.468800157308578,1.39997518062591,2.81280040740966,3.28160110116004,6.99987590312957,6.18903154264878,3.33757122534485,2.75128867156109,2.24950278995518,1.85435189986374,1.21309379849665,0.0458619916237622,-0.161493273895099,0.985807587823782,0.234432191718947,0.961026167518467,0.146527310869394,0.971050063184258,-0.224384999122954,-0.0819337961920449,0.985807587823782,9.66452959268437,-74.1461424123145,stretched_oval,general_ellipsoid,286.318181818181,364.840909090909,44.8484848484848,-18.4601591895475,-37.9907068619222,10.6312124651969
14381011_R3645564_SWAN.nii.gz,14381011_R3645564_SWAN,1,84,0.219773918390274,18.461009144783,3.27908195846662,0.468801826238632,0.468798577785491,1.00000131130218,2.81281095743179,2.81279146671295,4.00000524520874,3.94450277741342,2.73561062444033,2.37060066722803,1.66392544807041,1.44190943775868,1.15397361616332,-0.126781547205238,-0.210877238290039,-0.969256018634608,0.957919755125047,-0.279708338418617,-0.0644436820818441,0.257519284771869,0.93663975774588,-0.237465328375159,0.969256018634608,14.2441543555781,-121.014714248915,mildly_oval,prolate_like,352.297619047619,311.154761904761,63.4047619047619,-47.0229451202654,-7.06209402788608,1.80537653594677
14790905_R3627621_SWAN.nii.gz,14790905_R3627621_SWAN,1,55,0.263729512691497,14.5051231980323,3.02580497887468,0.468800008296966,0.468800008296966,1.20000624656677,2.34400004148483,2.81280004978179,3.60001873970031,3.37381652490367,2.60573392262192,2.36975701288972,1.42369724260867,1.29476632115564,1.09957852575123,-0.255051180978749,0.213804546630026,-0.942993377983999,-0.026335357756692,-0.976421413925096,-0.214260755530131,0.966568851149866,0.0298133907639591,-0.254668053980045,0.942993377983999,19.4395107204498,140.027537197397,mildly_oval,prolate_like,186.727272727272,344.927272727272,45.690909090909,25.6225949810817,-22.4048890054564,-1.64506371698597
14790905_R3627621_SWAN.nii.gz,14790905_R3627621_SWAN,2,49,0.263729512691497,12.9227461218833,2.91151297599846,0.468800008296966,0.468800008296966,1.20000624656677,2.34400004148483,2.81280004978179,3.60001873970031,2.79103844998479,2.54674022327697,2.46700839429239,1.13134533974106,1.09592585237982,1.03231923700342,-0.146399286588499,-0.806924454807651,-0.572223883737608,0.0639056650995923,-0.584962820605805,0.808538536173186,0.987159214541685,-0.0818011169989402,-0.137205183587094,0.572223883737608,55.0945500230695,-100.28324560869,spherical,near_spherical,202.816326530612,354.877551020408,33.4897959183673,17.4868822833142,-25.8821885111,-16.2990352319819
14790905_R3627621_SWAN.nii.gz,14790905_R3627621_SWAN,3,91,0.263729512691497,23.9993856549263,3.57877037912703,0.468800008296966,0.468800008296966,1.20000624656677,2.81280004978179,3.75040006637573,3.60001873970031,3.91423144147859,3.37180363192252,2.52805715189854,1.54831604124892,1.16087170807357,1.33375292935538,-0.225237855245785,0.592866987196217,0.773160167143366,-0.29130435131488,0.716273523187493,-0.634108835205433,0.929736351590758,0.368050234986278,-0.011372820989108,0.773160167143366,39.3614765252751,110.802433397972,mildly_oval,oblate_like,206.241758241758,201.153846153846,24.1648351648351,17.7355245606523,46.7788874958078,-22.7459458767917
14790905_R3627621_SWAN.nii.gz,14790905_R3627621_SWAN,4,72,0.263729512691497,18.9885249137878,3.31002191229444,0.468800008296966,0.468800008296966,1.20000624656677,2.34400004148483,2.81280004978179,4.80002498626709,4.04703652676378,2.79087154740698,2.34649567935132,1.72471509850917,1.45009774116042,1.18937851536062,0.183949540747528,0.0643196347337358,0.980829012135393,0.0986778050922625,0.991607248351529,-0.0835329623494877,0.977969967453473,-0.112151904149801,-0.176058777556323,0.980829012135393,11.2371492490149,19.2726448818444,mildly_oval,prolate_like,214.097222222222,145.472222222222,43.1944444444444,15.5683124519936,71.4219510757441,1.83954661834933
14790905_R3627621_SWAN.nii.gz,14790905_R3627621_SWAN,5,137,0.263729512691497,36.1309432387352,4.10166536708676,0.468800008296966,0.468800008296966,1.20000624656677,3.75040006637573,3.75040006637573,4.80002498626709,3.95859166143401,3.75739096909758,3.40702389913085,1.16189136872326,1.0535479789011,1.10283669276757,-0.103234844657456,0.10593662830766,-0.988999493241202,-0.994476808041058,-0.0299191876891564,0.100601791616694,0.0189326468571815,-0.993922669522546,-0.108440222667402,0.988999493241202,8.50634324666163,134.259974651077,spherical,near_spherical,222.532846715328,184.277372262773,32.0656934306569,10.6438475768523,54.2655662455031,-12.5248279293699
14790905_R3627621_SWAN.nii.gz,14790905_R3627621_SWAN,6,69,0.263729512691497,18.1973363757133,3.26339567463102,0.468800008296966,0.468800008296966,1.20000624656677,2.34400004148483,2.81280004978179,4.80002498626709,4.20824557110146,2.70986373158877,2.1984086606441,1.914223522877,1.5529362314592,1.23264786029128,-0.0341608212289526,-0.137692291740996,0.989885786890626,-0.0292523422314659,0.990177271019546,0.136723342667798,0.998988157470816,0.0242858961414891,0.0378530907809133,0.989885786890626,8.15587209893723,-103.93348997513,stretched_oval,general_ellipsoid,248.072463768115,170.565217391304,38.3623188405797,-0.884928597258806,60.5223460521522,-4.17572097956756
14790905_R3627621_SWAN.nii.gz,14790905_R3627621_SWAN,7,138,0.263729512691497,36.3946727514267,4.1116209046035,0.468800008296966,0.468800008296966,1.20000624656677,3.28160005807876,3.28160005807876,4.80002498626709,4.13855027967226,3.51698783889719,3.51137245860825,1.17861329963059,1.17673147285319,1.00159919813552,0.0599552123155317,-0.0123176477650455,0.998125066346765,0.58253661240637,0.812420952473585,-0.0249658003681723,0.810590197154092,-0.582941224769229,-0.0558843514970048,0.998125066346765,3.50912195517542,-11.6097292021942,spherical,near_spherical,262.007246376811,233.014492753623,45.9565217391304,-8.02125222179229,30.9090665249032,3.23692312810327
14790905_R3627621_SWAN.nii.gz,14790905_R3627621_SWAN,8,207,0.263729512691497,54.59200912714,4.70663100947964,0.468800008296966,0.468800008296966,1.20000624656677,4.68800008296966,4.21920007467269,3.60001873970031,4.99473679667643,3.96520610854741,3.83590674553907,1.30210068388263,1.25964115356065,1.03370763983214,-0.923415697784991,0.360340171878147,-0.132130275164645,0.379422748826972,0.805224177723591,-0.455688930392159,0.0578085353286366,0.470923543837205,0.880277904472766,0.132130275164645,82.4072898385105,158.683012481316,mildly_oval,prolate_like,279.565217391304,124.618357487922,67.0241545893719,-13.9007942234728,80.1703876555236,32.0106276725711
14790905_R3627621_SWAN.nii.gz,14790905_R3627621_SWAN,9,75,0.263729512691497,19.7797134518623,3.35537031339148,0.468800008296966,0.468800008296966,1.20000624656677,2.81280004978179,3.28160005807876,3.60001873970031,3.82939050908527,2.84379814586564,2.47211046011661,1.5490369750325,1.34657606224706,1.15035237775398,0.255991587095366,0.119117706436885,0.95931187804051,-0.256411628031096,0.965198684875435,-0.0514254385024821,0.932052243357011,0.232814240818609,-0.277625908238435,0.95931187804051,16.400425438977,24.9534458713398,mildly_oval,prolate_like,298.533333333333,234.066666666666,68.96,-24.280278330557,29.0931143788248,31.3046958389878
14790905_R3627621_SWAN.nii.gz,14790905_R3627621_SWAN,10,52,0.263729512691497,13.7139346599578,2.96975861742478,0.468800008296966,0.468800008296966,1.20000624656677,2.34400004148483,2.81280004978179,3.60001873970031,3.40046275339099,2.6443687320419,2.13709823261459,1.59115884403252,1.28592609350861,1.23736414718134,0.206997179094279,0.311628195291229,0.927383435126238,0.0229824140793854,0.946103332696301,-0.323048436776957,0.978071560004734,-0.0881836252400809,-0.188678752776836,0.927383435126238,21.969454158151,56.4061356313959,mildly_oval,general_ellipsoid,302.307692307692,140.711538461538,70.75,-24.643085333644,72.6553196972952,36.3358563026771
14818785_R3645380_SWAN.nii.gz,14818785_R3645380_SWAN,1,143,0.219773396849632,31.4275957494974,3.91535229737846,0.468800008296966,0.468800008296966,0.999999821186065,3.28160005807876,3.28160005807876,4.99999910593032,4.86252181703885,3.25854605964171,2.80161144997062,1.7356160566412,1.49223663807087,1.16309706675274,-0.313848281647783,0.203709574038668,0.927362747554438,-0.420924214814809,0.845636117873834,-0.328210849195768,0.851071125987287,0.493357847401107,0.179655149991519,0.927362747554438,21.972622269788,147.013598141668,mildly_oval,prolate_like,138.027972027972,298.944055944055,85.027972027972,50.0775708817206,8.75411316455452,30.009527318808
14818785_R3645380_SWAN.nii.gz,14818785_R3645380_SWAN,2,101,0.219773396849632,22.1971130818128,3.48684485445481,0.468800008296966,0.468800008296966,0.999999821186065,3.28160005807876,3.28160005807876,3.99999928474426,4.24952900514336,2.86278634850978,2.69963249840966,1.5741138868519,1.48440312612061,1.06043557787818,-0.145415856650224,0.124245684672234,-0.981538200211794,-0.0477045012906078,-0.991810030821406,-0.11847845086198,0.9882198688507,-0.0295951449120978,-0.150151983690979,0.981538200211794,11.02668775023,139.48888165811,mildly_oval,prolate_like,161.950495049504,222.900990099009,76.1782178217821,39.9937729311479,45.0244846307847,22.4122030927204
14818785_R3645380_SWAN.nii.gz,14818785_R3645380_SWAN,3,537,0.219773396849632,118.018314108252,6.08578952071785,0.468800008296966,0.468800008296966,0.999999821186065,7.96960014104843,5.62560009956359,11.9999978542327,9.88594229118726,8.40216637721864,3.01045193495378,3.28387315419438,1.17659444568863,2.79099834800971,0.616988324541915,-0.230737602025267,0.752386580416337,0.652977665196451,-0.383531217503238,-0.653088029254154,-0.439255707001686,-0.894239321553304,0.0859677826533567,0.752386580416337,41.2024640783565,-20.504490739639,elongated,oblate_like,223.324022346368,191.374301675977,89.56052141527,11.5571456612634,60.1481335730165,36.1228608645059
14818785_R3645380_SWAN.nii.gz,14818785_R3645380_SWAN,4,112,0.219773396849632,24.6146204471588,3.60909383511504,0.468800008296966,0.468800008296966,0.999999821186065,2.81280004978179,3.28160005807876,3.99999928474426,3.97272831977742,3.05628912917838,2.83573878140082,1.4009500260863,1.29985356485085,1.0777752694374,0.0144033033260556,-0.291846729831153,0.956356644322691,-0.516484444919382,0.816807438109859,0.25703973857115,0.856175427707204,0.497645551909459,0.138969570968305,0.956356644322691,16.9898285388824,-87.174614687109,mildly_oval,prolate_like,228.482142857142,320.107142857142,82.2767857142857,7.42363001110996,0.208167522014792,26.5765470825094
14818785_R3645380_SWAN.nii.gz,14818785_R3645380_SWAN,5,144,0.219773396849632,31.647369146347,3.92445780062983,0.468800008296966,0.468800008296966,0.999999821186065,3.75040006637573,3.28160005807876,4.99999910593032,4.47263549150573,3.28748875513242,3.00184312202544,1.48996310256476,1.36050214149723,1.09515674920222,0.14966253206652,-0.119832916439115,0.981448520623029,0.916374698277389,-0.355943030691863,-0.183199266534869,0.371293063296987,0.926792658063057,0.0565405174008184,0.981448520623029,11.0535199613848,-38.683818495951,mildly_oval,prolate_like,232.756944444444,305.5625,97.7013888888888,5.49031455658324,6.50722410819596,42.229371792315
14818785_R3645380_SWAN.nii.gz,14818785_R3645380_SWAN,6,114,0.219773396849632,25.054167240858,3.63044991696835,0.468800008296966,0.468800008296966,0.999999821186065,3.28160005807876,2.81280004978179,3.99999928474426,4.07299552834776,3.09105187439775,2.83697126262651,1.43568445052803,1.31767297795392,1.08956051656865,-0.233684485599715,0.0206613453999938,0.972092932798226,0.728402065858679,-0.658537556766557,0.189099753518456,-0.64406676023748,-0.752264179084844,-0.138840243528311,0.972092932798226,13.5678154386235,174.94730022862,mildly_oval,prolate_like,238.570175438596,320.491228070175,75.2017543859649,2.75144391640073,0.431179242698758,19.4649084645523
14818785_R3645380_SWAN.nii.gz,14818785_R3645380_SWAN,7,379,0.219773396849632,83.2941174060106,5.41841048267524,0.468800008296966,0.468800008296966,0.999999821186065,6.56320011615753,6.09440010786056,7.99999856948852,7.99632834510114,6.06274960715941,3.66116513506882,2.18409387451758,1.3189276917619,1.65596179999825,-0.245314150486137,0.310490720459297,0.918377090350108,-0.809045708418469,0.456347287425319,-0.370394647570952,0.534102994993402,0.833872091971076,-0.139252737749957,0.918377090350108,23.3100349374335,128.311744295304,stretched_oval,general_ellipsoid,242.482849604221,188.593667546174,85.6569920844327,2.65132292249734,61.8621705746312,32.204265242679
14818785_R3645380_SWAN.nii.gz,14818785_R3645380_SWAN,8,189,0.219773396849632,41.5371720045805,4.29680951288516,0.468800008296966,0.468800008296966,0.999999821186065,3.75040006637573,3.28160005807876,5.99999892711639,6.22949574323863,3.29215383385626,2.9671908628886,2.09945906114517,1.89222498632201,1.10951872865074,0.0457391640791528,-0.089144695721647,0.994967915107836,0.878593497416012,-0.470384574866085,-0.0825337387154648,0.475375004777955,0.877947364568484,0.0568069527400654,0.994967915107836,5.75034491654131,-62.8381389497561,stretched_oval,prolate_like,239.576719576719,322.439153439153,87.068783068783,2.15197205633693,-0.906556145223977,31.2858212692515
14818785_R3645380_SWAN.nii.gz,14818785_R3645380_SWAN,9,52,0.219773396849632,11.4282166361808,2.79464478213636,0.468800008296966,0.468800008296966,0.999999821186065,2.34400004148483,2.34400004148483,3.99999928474426,3.30858078153914,2.3701443666172,2.11158240768872,1.56687267780404,1.39594061363499,1.12244938108359,-0.0604309545967157,-0.0592763698559152,0.996410764546045,-0.553008940241547,0.8330213467378,0.0160171124757552,0.830980873269325,0.550056131550085,0.0831206376581926,0.996410764546045,4.85588719261071,-135.552604293984,mildly_oval,prolate_like,238.903846153846,154.038461538461,52.4423076923076,5.08820800767996,79.2238766310306,-0.370048027937834
14818785_R3645380_SWAN.nii.gz,14818785_R3645380_SWAN,10,42,0.219773396849632,9.23048266768455,2.60260701644689,0.468800008296966,0.468800008296966,0.999999821186065,3.28160005807876,2.81280004978179,1.99999964237213,3.20389907995878,2.45623076767203,1.77880745054163,1.80115002272068,1.30439660724361,1.38083004257944,-0.900532567579873,0.426361115288294,-0.085189753480826,0.41364648048553,0.779781873792043,-0.469932780817963,0.133931638942915,0.458428215400723,0.878581747713081,0.085189753480826,85.1130634786046,154.664578740001,stretched_oval,general_ellipsoid,241.309523809523,298.380952380952,58.4047619047619,1.91613735362798,11.4452501468005,3.05698578243165
14818785_R3645380_SWAN.nii.gz,14818785_R3645380_SWAN,11,57,0.219773396849632,12.527083620429,2.88149000865671,0.468800008296966,0.468800008296966,0.999999821186065,2.34400004148483,2.81280004978179,2.99999946355819,3.12688217828244,2.46031130440331,2.26625962714556,1.37975461453234,1.27092948469006,1.0856264105548,0.186491100153658,0.0846508784520266,0.978802992609227,-0.592657225816632,0.804286796329438,0.0433608341416764,0.783567790462836,0.588181075883464,-0.200161284272857,0.978802992609227,11.818028960388,24.4139522204493,mildly_oval,prolate_like,243.228070175438,185.561403508771,77.1052631578947,2.41674147036515,63.6092951440236,23.7091283289421
14818785_R3645380_SWAN.nii.gz,14818785_R3645380_SWAN,12,122,0.219773396849632,26.8123544156551,3.71346022361647,0.468800008296966,0.468800008296966,0.999999821186065,3.28160005807876,3.75040006637573,3.99999928474426,3.98409466157964,3.34881702169226,2.96640303398309,1.34307260879181,1.18970210548152,1.12891504739181,0.145117249839758,0.00187768138483901,0.989412683419594,0.282360787702053,0.958333621092579,-0.043232583219838,0.948268616673155,-0.28564513823309,-0.138540555927056,0.989412683419594,8.34477235525454,0.74131239053159,mildly_oval,general_ellipsoid,244.696721311475,388.483606557377,54.0983606557377,-0.879196322042133,-30.5403534459163,-2.83283656613985
14818785_R3645380_SWAN.nii.gz,14818785_R3645380_SWAN,13,296,0.219773396849632,65.0529254674911,4.98987197592941,0.468800008296966,0.468800008296966,0.999999821186065,4.21920007467269,4.68800008296966,6.99999874830246,6.31811677375606,4.18068825854546,3.54162136991183,1.78396167005095,1.51126235275773,1.18044472344302,0.154295985461684,0.136142524639131,0.978600000947931,-0.291897472472993,0.952530814046133,-0.0864922762822636,0.943921932383333,0.272305455834974,-0.186711339474123,0.978600000947931,11.8746838465546,41.4234585195278,mildly_oval,prolate_like,246.972972972972,209.527027027027,75.7398648648648,0.342478963826494,52.4897420419682,21.9128591858379
14818785_R3645380_SWAN.nii.gz,14818785_R3645380_SWAN,14,124,0.219773396849632,27.2519012093544,3.73364246900112,0.468800008296966,0.468800008296966,0.999999821186065,2.81280004978179,2.81280004978179,4.99999910593032,4.80929047524348,2.88553982873123,2.73659924439329,1.7573966977798,1.66668656843947,1.0544254277067,-0.0508553127978396,0.0219698625887949,0.998464352041705,0.284306368548962,0.958710664584099,-0.00661440966504693,0.957383740180882,-0.28353339618208,0.055001702580189,0.998464352041705,3.17569698108624,156.635306638975,mildly_oval,prolate_like,251.629032258064,190.322580645161,95.8790322580645,-1.74520183133051,60.8015112161275,42.3569594740514
14818785_R3645380_SWAN.nii.gz,14818785_R3645380_SWAN,15,49,0.219773396849632,10.7688964456319,2.73983363454369,0.468800008296966,0.468800008296966,0.999999821186065,1.87520003318786,1.87520003318786,3.99999928474426,3.71416914943564,2.02974960044523,2.01568266759583,1.84263585193478,1.82986568817204,1.00697874376534,-0.0721925099575097,-0.0441270035259373,0.996414095176225,-0.540692219253194,0.841218304729515,-0.00192037159326173,-0.838117035708671,-0.538891984861366,-0.0845887883060575,0.996414095176225,4.85363231110606,-148.565026853224,stretched_oval,prolate_like,251.489795918367,138.428571428571,89.8775510204081,-0.911998522201827,85.3223250847386,37.267282857992
14818785_R3645380_SWAN.nii.gz,14818785_R3645380_SWAN,16,97,0.219773396849632,21.3180194944143,3.44019249625846,0.468800008296966,0.468800008296966,0.999999821186065,2.81280004978179,2.81280004978179,3.99999928474426,4.16727769255482,2.67701066877574,2.628959212828,1.58514353217067,1.55669073013467,1.01827774874302,-0.180682697212615,0.104296888678715,-0.97799587010371,0.563597744438005,0.825893495029255,-0.0160473465954401,0.806046738962677,-0.554095744326105,-0.208006155503465,0.97799587010371,12.0417420129803,150.004831805763,mildly_oval,prolate_like,254.391752577319,316.690721649484,90.5773195876288,-4.7404682279574,1.86201337271744,34.8408781162645
14818785_R3645380_SWAN.nii.gz,14818785_R3645380_SWAN,17,479,0.219773396849632,105.271457090973,5.85828735716688,0.468800008296966,0.468800008296966,0.999999821186065,6.56320011615753,5.15680009126663,8.99999839067459,8.15569237223085,5.32438059612572,3.8279351107858,2.13057226316374,1.53176359672058,1.39092759987583,-0.512030433454369,0.0286455412066426,0.858489527126283,0.793369699614628,-0.367295693113781,0.485446591865121,-0.329225386247667,-0.929663007110127,-0.165340068528559,0.858489527126283,30.8525922284478,176.797925650405,stretched_oval,general_ellipsoid,259.002087682672,186.724425887265,71.7661795407098,-4.94530359622372,63.4825850923959,18.2988366493459
14818785_R3645380_SWAN.nii.gz,14818785_R3645380_SWAN,18,83,0.219773396849632,18.2411919385194,3.26601516489135,0.468800008296966,0.468800008296966,0.999999821186065,2.81280004978179,2.81280004978179,3.99999928474426,3.6934495530452,2.81637195964393,2.45276854571778,1.50582881515399,1.3114210785965,1.14824204043261,0.102748576799841,0.0158399209001701,0.994581231911945,0.913629961514011,0.393888438652619,-0.100658786599616,-0.39334847576864,0.919021759699778,0.0259996501670607,0.994581231911945,5.96738721337462,8.76383682434947,mildly_oval,prolate_like,256.530120481927,125.457831325301,53.6987951807228,-2.78694046730827,92.8067446820527,1.3238841279421
14818785_R3645380_SWAN.nii.gz,14818785_R3645380_SWAN,19,110,0.219773396849632,24.1750736534595,3.58748197660663,0.468800008296966,0.468800008296966,0.999999821186065,2.81280004978179,2.81280004978179,3.99999928474426,4.16571251114169,2.88111086956829,2.8173640326908,1.47858511104903,1.44587025620637,1.02262641111969,-0.00643112029732438,-0.0366709287026392,0.999306701508504,0.885116221604405,0.464813474304542,0.0227532054375055,-0.465325600998335,0.884648900464487,0.0294687624869348,0.999306701508504,2.13364839001874,-99.9470252133868,mildly_oval,prolate_like,256.590909090909,161.418181818181,80.3272727272727,-3.53866681253367,74.981950583038,27.3044018898095
14818785_R3645380_SWAN.nii.gz,14818785_R3645380_SWAN,20,266,0.219773396849632,58.4597235620021,4.81525597000659,0.468800008296966,0.468800008296966,0.999999821186065,4.68800008296966,4.68800008296966,5.99999892711639,5.56951990860223,4.99877381537666,3.12861927544328,1.78018461764194,1.11417721911519,1.59775714949157,0.517034629318825,-0.698622610163954,0.494572179416561,-0.417662546577813,0.298433562611253,0.858193105246884,0.747150044683984,0.650279829976955,0.13748801203691,0.494572179416561,60.3584566784758,-53.4957027606681,mildly_oval,oblate_like,263.484962406015,199.612781954887,103.338345864661,-7.49242530442788,56.3402837044034,49.6073672262333
14818785_R3645380_SWAN.nii.gz,14818785_R3645380_SWAN,21,149,0.219773396849632,32.7462361305952,3.96936396094516,0.468800008296966,0.468800008296966,0.999999821186065,3.28160005807876,3.75040006637573,4.99999910593032,4.55146252342141,3.44060262399133,2.92938404608057,1.55372680803363,1.32286782893323,1.17451401723675,0.0138645599031626,0.0847595869014076,0.996304966567463,0.265412295811289,0.960345874627386,-0.0853938775225797,0.964035314296562,-0.265615537035135,0.00918146364499265,0.996304966567463,4.92697813268472,80.7101087255855,mildly_oval,prolate_like,266.993288590604,262.355704697986,53.4228187919463,-9.57868636788914,28.857752919497,-1.38085106120527
14818785_R3645380_SWAN.nii.gz,14818785_R3645380_SWAN,22,97,0.219773396849632,21.3180194944143,3.44019249625846,0.468800008296966,0.468800008296966,0.999999821186065,3.28160005807876,2.81280004978179,3.99999928474426,4.25209025887492,2.85426293416828,2.59235268393185,1.64024373891353,1.48973320151177,1.10103187419668,-0.0572845597138673,0.107769951279968,-0.992524113973812,-0.996597095947789,-0.0651914909408823,0.0504410334681717,0.059268099065355,-0.992036142038191,-0.11113768633169,0.992524113973812,7.01035319371842,117.992646841637,mildly_oval,prolate_like,268.835051546391,388.195876288659,50.2061855670103,-12.1528482269015,-29.9246070139954,-6.80093648689607
14818785_R3645380_SWAN.nii.gz,14818785_R3645380_SWAN,23,89,0.219773396849632,19.5598323196172,3.34289063333539,0.468800008296966,0.468800008296966,0.999999821186065,2.81280004978179,3.28160005807876,3.99999928474426,3.41226673483329,3.04419097019689,2.72873888393829,1.25049221635618,1.12091086539573,1.11560361752287,0.0171602679505036,0.458686604567296,0.888432396974801,0.0634340438261657,0.886273723488024,-0.458797350840796,0.997838487575883,-0.0642299450816943,0.0138876516040519,0.888432396974801,27.3230811811333,87.8574639187314,spherical,near_spherical,271.707865168539,250.494382022471,55.1123595505618,-11.6383413938554,34.4152545290214,0.498415107551046
14818785_R3645380_SWAN.nii.gz,14818785_R3645380_SWAN,24,686,0.219773396849632,150.764550238847,6.60338883942258,0.468800008296966,0.468800008296966,0.999999821186065,7.03200012445449,8.43840014934539,8.99999839067459,8.10584990873069,7.2044028237151,5.19715677846775,1.55967007620664,1.1251244700044,1.38622002968306,-0.160348269294501,0.748760978734993,0.643152726230769,-0.38247167528159,0.553547048816886,-0.739798001047184,0.909947168873859,0.364613029758852,-0.19761955467139,0.643152726230769,49.9726858892679,102.087403292424,mildly_oval,oblate_like,275.712827988338,299.406705539358,79.7157434402332,-14.3999393585086,10.655493032198,24.2152459977147
14818785_R3645380_SWAN.nii.gz,14818785_R3645380_SWAN,25,224,0.219773396849632,49.2292408943176,4.54717329390725,0.468800008296966,0.468800008296966,0.999999821186065,3.75040006637573,3.75040006637573,5.99999892711639,5.23296532002385,3.74968956334151,3.52483299172689,1.48459950650317,1.39557294854044,1.06379212068837,0.157099006500435,0.0126928782211559,0.98750128759361,0.706125448452707,0.697619199779956,-0.121302527367881,0.690439536240529,-0.71635629608515,-0.100632518874991,0.98750128759361,9.06825348338586,4.61920205492588,mildly_oval,prolate_like,275.633928571428,382.549107142857,109.491071428571,-15.7647990302523,-29.3817842914057,52.5161947085185
14818785_R3645380_SWAN.nii.gz,14818785_R3645380_SWAN,26,252,0.219773396849632,55.3828960061073,4.72925080463506,0.468800008296966,0.468800008296966,0.999999821186065,4.68800008296966,4.68800008296966,5.99999892711639,4.91188391265149,4.57995262427087,3.50131899292887,1.40286672610274,1.0724748301154,1.30806494167494,0.607930902034152,0.513150881113033,0.605884635524666,-0.45940419234614,-0.395048736553444,0.795540246500651,-0.647586138213853,0.761979441297758,0.0044186686709443,0.605884635524666,52.7074735192524,40.1675139422756,mildly_oval,oblate_like,278.138888888888,262.325396825396,53.5714285714285,-14.8021305708347,29.0219634302729,-1.27049746948372
14818785_R3645380_SWAN.nii.gz,14818785_R3645380_SWAN,27,631,0.219773396849632,138.677013412117,6.42197512793968,0.468800008296966,0.468800008296966,0.999999821186065,7.03200012445449,8.43840014934539,8.99999839067459,9.42783813633877,6.58701997378325,3.89126140047584,2.42282313267001,1.43127517054178,1.69277241898417,-0.607277437639154,0.337859038819198,-0.719072585781568,0.0737097689920694,-0.877211878961525,-0.474411413610514,0.791063198290477,0.341102021830651,-0.507807470419137,0.719072585781568,44.0220356066488,150.910607738561,stretched_oval,general_ellipsoid,282.765451664025,214.649762282091,79.9175911251981,-16.5354387822978,50.435590842411,25.8738221729254
14818785_R3645380_SWAN.nii.gz,14818785_R3645380_SWAN,28,82,0.219773396849632,18.0214185416698,3.25284560586398,0.468800008296966,0.468800008296966,0.999999821186065,2.34400004148483,2.34400004148483,3.99999928474426,4.35486846291988,2.54620502288954,2.27562239459978,1.91370434447045,1.71033692250665,1.1189048890237,-0.0663868287456622,0.0245387325699104,0.997492175193849,0.782398384146219,0.621691380139962,0.0367776609513707,-0.619229809888445,0.782877818349409,-0.0604711838977002,0.997492175193849,4.05860728106455,159.71404686908,stretched_oval,prolate_like,281.024390243902,189.158536585365,83.6097560975609,-15.3988450968569,62.2113022807894,30.014886120391
14818785_R3645380_SWAN.nii.gz,14818785_R3645380_SWAN,29,63,0.219773396849632,13.8457240015268,2.97924131949599,0.468800008296966,0.468800008296966,0.999999821186065,1.87520003318786,2.81280004978179,2.99999946355819,3.22789020607743,2.94317800791085,2.02137141710211,1.59688129493045,1.0967363161186,1.4560302886494,-0.0465742566355638,-0.403291663545723,0.913885481191909,0.150827555546335,0.901550114608035,0.405534757250417,0.987462347184317,-0.156726593036284,-0.0188384693772398,0.913885481191909,23.952056837355,-96.5876373021791,mildly_oval,oblate_like,284.571428571428,216.31746031746,68.0952380952381,-17.3041868252118,50.1178272931821,14.0245999950797
14818785_R3645380_SWAN.nii.gz,14818785_R3645380_SWAN,30,26,0.219773396849632,5.71410831809043,2.21811103352034,0.468800008296966,0.468800008296966,0.999999821186065,1.87520003318786,1.87520003318786,1.99999964237213,2.10707543827053,2.05417873123688,1.77453224905921,1.18739765895357,1.0257507811902,1.15758884197564,0.386715208847176,0.339791627842517,0.857317325670266,0.685936273926098,-0.727354837851337,-0.0211274221483723,0.616394983236127,0.59623534741106,-0.514354581139263,0.857317325670266,30.9833063173169,41.3045165412103,spherical,near_spherical,289.307692307692,273.307692307692,76.4230769230769,-20.3816507649608,23.1885673836446,21.3339298180698
14818785_R3645380_SWAN.nii.gz,14818785_R3645380_SWAN,31,140,0.219773396849632,30.7682755589485,3.88777847897602,0.468800008296966,0.468800008296966,0.999999821186065,3.28160005807876,3.28160005807876,3.99999928474426,4.3741995536496,3.23920559095938,3.02221263813188,1.44735003039144,1.35039269068255,1.07179936649382,0.189431270648935,-0.218986916489646,0.957162746927964,-0.406861985370609,0.869681774551482,0.279494071266764,0.893632541126729,0.442378052596805,-0.0756474720003431,0.957162746927964,16.831045361436,-49.1390589811892,mildly_oval,prolate_like,294.071428571428,125.828571428571,78.55,-20.594477596859,92.2363471153059,26.0203669407172
14818785_R3645380_SWAN.nii.gz,14818785_R3645380_SWAN,32,66,0.219773396849632,14.5050441920757,3.02579948525132,0.468800008296966,0.468800008296966,0.999999821186065,2.34400004148483,2.81280004978179,3.99999928474426,3.79433048305484,2.40398821481198,2.2424499387651,1.69204690702898,1.57834820473593,1.07203651383889,0.148925212762659,-0.0164500866363903,0.988711624111526,-0.181678172926171,0.982386104664334,0.0437102144200144,0.972015597861374,0.186136874401851,-0.14331343796764,0.988711624111526,8.61713207689804,-6.30326503253811,mildly_oval,prolate_like,293.181818181818,254.681818181818,41.3787878787878,-21.6416566453196,33.262818368434,-13.3729368455665
14818785_R3645380_SWAN.nii.gz,14818785_R3645380_SWAN,33,59,0.219773396849632,12.9666304141283,2.91480498340234,0.468800008296966,0.468800008296966,0.999999821186065,2.81280004978179,2.81280004978179,2.99999946355819,3.07398729555233,2.62352443969131,2.35182164442327,1.30706650431655,1.17170141396282,1.11552865665315,0.357968875639831,-0.377380945648144,0.854073712237338,-0.234225008990692,0.849148940633607,0.473375877906904,0.903878824420876,0.369499253696857,-0.215576836142013,0.854073712237338,31.3424473257906,-46.5121665861486,mildly_oval,general_ellipsoid,293.372881355932,396.864406779661,60.8474576271186,-23.8610194660249,-34.0356421835594,3.59598515577756
14818785_R3645380_SWAN.nii.gz,14818785_R3645380_SWAN,34,93,0.219773396849632,20.4389259070158,3.39223930834729,0.468800008296966,0.468800008296966,0.999999821186065,3.28160005807876,2.81280004978179,3.99999928474426,3.46183232072506,3.10381905261464,2.65972180188492,1.30157684847779,1.11534605015354,1.16697131647941,0.136039829799845,0.262546250240733,0.955281440829119,0.967279513449905,-0.24363789162925,-0.070787856462587,0.214157669879327,0.933654135237981,-0.28710006650099,0.955281440829119,17.1994034661175,62.6088112384632,mildly_oval,general_ellipsoid,307.967741935483,166.68817204301,53.1505376344086,-27.4544942420356,74.237859749826,-0.12308858291707
14818785_R3645380_SWAN.nii.gz,14818785_R3645380_SWAN,35,94,0.219773396849632,20.6586993038654,3.40435455157214,0.468800008296966,0.468800008296966,0.999999821186065,3.28160005807876,2.81280004978179,3.99999928474426,4.10298919015598,2.7012308646728,2.59471749589033,1.58128551437855,1.51893318109741,1.04105008308271,-0.32097094965285,0.131068147301102,-0.937975900672295,0.507409575560456,0.860045419151631,-0.0534546501798681,0.799695674684129,-0.493095343477659,-0.34255482792123,0.937975900672295,20.2856328466634,157.787402872878,mildly_oval,prolate_like,323.968085106383,381.531914893617,97.4255319148936,-38.2965352609555,-27.7840387428853,40.3094209715193
14818785_R3645380_SWAN.nii.gz,14818785_R3645380_SWAN,36,227,0.219773396849632,49.8885610848665,4.56738321854315,0.468800008296966,0.468800008296966,0.999999821186065,5.15680009126663,3.75040006637573,3.99999928474426,4.69418764622597,4.12916807887738,3.62041082132671,1.29658977334118,1.13683617536397,1.14052473121385,-0.85665190145671,0.0277438034375439,0.515148329223167,0.512631028663335,-0.06636800575297,0.856040137063645,-0.057939176574858,-0.997409429062705,-0.0426319438289502,0.515148329223167,58.992629967383,178.145048849885,spherical,near_spherical,327.977973568281,192.969162995594,57.5594713656387,-37.2314465081622,62.047136703022,3.75388794109155
14818785_R3645380_SWAN.nii.gz,14818785_R3645380_SWAN,37,151,0.219773396849632,33.1857829242944,3.98704510281651,0.468800008296966,0.468800008296966,0.999999821186065,3.75040006637573,3.28160005807876,3.99999928474426,4.41950337583859,3.58865419027132,2.9117602011666,1.51781158835398,1.23152110554972,1.2324690023696,-0.409152057037904,-0.0615795389574284,-0.910385937173593,-0.866658159743352,-0.285925736697619,0.408839953091902,0.285478945584288,-0.956271108773926,-0.0636186934192201,0.910385937173593,24.4412602201001,-171.440923944758,mildly_oval,general_ellipsoid,330.46357615894,339.536423841059,55.523178807947,-40.4036840312799,-6.47584757603557,-0.851204352126465
14818785_R3645380_SWAN.nii.gz,14818785_R3645380_SWAN,38,115,0.219773396849632,25.2739406377077,3.64103437894925,0.468800008296966,0.468800008296966,0.999999821186065,3.28160005807876,2.81280004978179,3.99999928474426,4.17852882291996,3.10882098065587,2.70016204210871,1.54751039298986,1.34408795132307,1.15134607929974,-0.214954050535111,0.0927189657666208,-0.97221291369006,0.907491417069221,-0.348913799666282,-0.233919833165411,0.360907306803623,0.932556890376992,0.00914123110687953,0.97221291369006,13.5384811967883,156.667376998505,mildly_oval,prolate_like,340.782608695652,141.6,111.669565217391,-42.9819039902447,84.2759093862512,58.6782441717734
14818785_R3645380_SWAN.nii.gz,14818785_R3645380_SWAN,39,102,0.219773396849632,22.4168864786624,3.49831482145069,0.468800008296966,0.468800008296966,0.999999821186065,2.81280004978179,3.28160005807876,3.99999928474426,4.27997039363793,2.83259399828129,2.61978150097142,1.63371273216903,1.51097206173382,1.08123291855864,0.0484936936805061,-0.101978243192318,0.993603945034755,-0.665239976493896,0.738735133916808,0.108287467378802,0.745053109078555,0.666236324311668,0.0320160088089573,0.993603945034755,6.48373829133028,-64.5675197316288,mildly_oval,prolate_like,348.313725490196,227.960784313725,35.4411764705882,-47.0556869989936,46.7647510276851,-19.0305602793563
14818785_R3645380_SWAN.nii.gz,14818785_R3645380_SWAN,40,340,0.219773396849632,74.7229549288749,5.2257882152668,0.468800008296966,0.468800008296966,0.999999821186065,4.68800008296966,5.15680009126663,6.99999874830246,5.64398112484056,4.60583882141621,4.13735135697196,1.36415320766261,1.22539701098466,1.11323366666811,-0.180054890034111,-0.424192972352994,-0.887491159832668,0.18402687499368,-0.900833317185042,0.393234591471112,0.96628895567261,0.0925184136035828,-0.240262350961219,0.887491159832668,27.4403392966053,-112.999502839027,mildly_oval,prolate_like,351.75294117647,311.047058823529,35.7794117647058,-49.8179599976085,7.89337117213974,-20.1566542968181
14818785_R3645380_SWAN.nii.gz,14818785_R3645380_SWAN,41,170,0.219773396849632,37.3614774644374,4.14771085513877,0.468800008296966,0.468800008296966,0.999999821186065,3.75040006637573,3.75040006637573,4.99999910593032,4.41218566138716,3.52236600488139,3.35582597861504,1.314783808667,1.25261987404847,1.04962713422198,-0.0318031125178202,-0.417912438338061,0.907930479671497,-0.193901937704805,0.893711695925412,0.404575633374581,0.980505278205324,0.163182714919376,0.109456845208697,0.907930479671497,24.7790922897713,-94.3518177086346,mildly_oval,prolate_like,363.376470588235,253.529411764705,72.5117647058823,-54.7822561304085,33.6285898951484,17.5140817033757
14818785_R3645380_SWAN.nii.gz,14818785_R3645380_SWAN,42,85,0.219773396849632,18.6807387322187,3.2920402873536,0.468800008296966,0.468800008296966,0.999999821186065,2.81280004978179,3.28160005807876,3.99999928474426,3.93172712434962,2.61698642309409,2.54174478409331,1.54686149016811,1.50238728395889,1.02960235798324,-0.193556783109963,-0.382446332887241,-0.90347693616009,0.522441333848402,-0.819642800634572,0.235033470073129,-0.83041605499823,-0.426521373238219,0.358453196069109,0.90347693616009,25.3810731587614,-116.84405458056,mildly_oval,prolate_like,363.729411764705,168.176470588235,85.7176470588235,-53.8807722031303,73.1125435400535,32.2009593681843
14818785_R3645380_SWAN.nii.gz,14818785_R3645380_SWAN,43,366,0.219773396849632,80.4370632469654,5.35573641186451,0.468800008296966,0.468800008296966,0.999999821186065,4.21920007467269,5.15680009126663,6.99999874830246,6.13947097611484,4.69609630090102,3.91511204626901,1.56814694025566,1.30735627694365,1.19947941346308,-0.0279532263006504,-0.053372738782015,0.998183333809121,0.209514834903469,0.976080315919842,0.0580581676355045,0.9774058272257,-0.210757129484929,0.0161022134042578,0.998183333809121,3.45414819516102,-117.642670976637,mildly_oval,prolate_like,373.120218579235,194.41256830601,119.967213114754,-58.9348194181507,59.6891880170162,65.9346357686559
14818785_R3645380_SWAN.nii.gz,14818785_R3645380_SWAN,44,146,0.219773396849632,32.0869159400463,3.94254311507788,0.468800008296966,0.468800008296966,0.999999821186065,3.28160005807876,3.28160005807876,3.99999928474426,4.39290846283379,3.29733712882985,3.12545315686069,1.40552689237747,1.33225942364975,1.05499489620948,0.0752516212433501,-0.0320670072075506,0.996648835121477,0.879856654527651,-0.468199130290865,-0.0814974961473384,0.469243498605633,0.883040928521225,-0.00701837393676467,0.996648835121477,4.6919879212804,-23.0803304502551,mildly_oval,prolate_like,387.794520547945,303.205479452054,57.5342465753424,-66.7829695322282,11.2623403052965,1.59443287903838
14818785_R3645380_SWAN.nii.gz,14818785_R3645380_SWAN,45,67,0.219773396849632,14.7248175889253,3.04100476312711,0.468800008296966,0.468800008296966,0.999999821186065,2.81280004978179,2.81280004978179,2.99999946355819,3.28494057310597,2.65424540707172,2.31082276945966,1.42154587384219,1.23761750302134,1.1486148752517,0.321679807689656,0.513464083142475,0.795535503071611,0.491061811704795,0.627894281698235,-0.603827018355307,0.809555679623056,-0.584896064556185,0.0501616911271621,0.795535503071611,37.294135448784,57.9332922258813,mildly_oval,prolate_like,394.835820895522,184.626865671641,97.8955223880597,-68.7874194414897,65.3922236925408,43.9745702839095
15202187_R3675677_SWAN.nii.gz,15202187_R3675677_SWAN,1,214,0.219775512814521,47.0319597423076,4.47848871675448,0.468800008296966,0.468800008296966,1.00000941753387,3.75040006637573,4.21920007467269,6.00005650520324,5.46215600506422,3.83282088350552,3.18442836665982,1.71527049006711,1.42510077331568,1.2036134722433,-0.0955492799254457,-0.224931978618896,0.969678266282335,0.213560220135168,0.946820152591168,0.240673286891284,0.972246042666951,-0.230080863267297,0.0424314609296961,0.969678266282335,14.1454958926124,-113.01539158024,mildly_oval,general_ellipsoid,292.803738317757,172.29906542056,60.0280373831775,-16.0625409776884,70.3265427700896,14.4169454141476
210447_R3664832_SWAN.nii.gz,210447_R3664832_SWAN,1,67,0.219778046011924,14.7251290827989,3.04102620646403,0.468800008296966,0.468800008296966,1.00002098083496,2.34400004148483,3.28160005807876,3.00006294250488,3.11580364042879,2.93787379238848,2.25990740018646,1.37873066842106,1.06056415646624,1.29999742119791,0.294912420421406,-0.0323238971581606,0.954977397614046,0.0712670083076689,0.997388052584937,0.0117510036890549,0.952862885103655,-0.0645928651890763,-0.296445752134523,0.954977397614046,17.2582187180818,-6.25494036155516,mildly_oval,oblate_like,181.029850746268,208.0,97.8955223880597,34.6917673865638,44.9632181884415,41.5641536855542
210447_R3664832_SWAN.nii.gz,210447_R3664832_SWAN,2,101,0.219778046011924,22.1975826472044,3.48686944158795,0.468800008296966,0.468800008296966,1.00002098083496,2.81280004978179,3.75040006637573,4.00008392333984,4.87210468293905,3.12983177427969,2.29629972046843,2.12171984323769,1.55666663076814,1.36298922409015,0.154083040614308,-0.485674828082167,-0.860452426321412,-0.198764982598635,-0.868285461108955,0.454502848967279,0.967858924785845,-0.100996630607985,0.230323212721211,0.860452426321412,30.6325806975195,-72.3980803226419,stretched_oval,general_ellipsoid,268.356435643564,214.356435643564,102.732673267326,-6.40472237603498,44.8602198554147,45.9600751491835
228600_R3608880_SWAN.nii.gz,228600_R3608880_SWAN,1,189,0.262280493974685,49.5710133612155,4.55767190534302,0.488299995660781,0.488299995660781,1.09999966621398,5.85959994792938,4.39469996094703,3.29999899864196,5.7703186581542,3.94963701910995,2.97910835015864,1.93692809388652,1.46097442125315,1.32577823794143,-0.909052987457701,-0.416670119409369,-0.00294577419543836,-0.359730863855443,0.788356539850354,-0.499086837799789,-0.210276892653579,0.452636695006667,0.866546969730664,0.00294577419543836,89.8312193271007,-155.375350084701,stretched_oval,general_ellipsoid,181.21164021164,263.978835978836,72.8941798941799,33.2613921066125,27.3712812464181,26.0947592239925
228600_R3608880_SWAN.nii.gz,228600_R3608880_SWAN,2,269,0.262280493974685,70.5534528791904,5.12672336201888,0.488299995660781,0.488299995660781,1.09999966621398,4.39469996094703,5.3712999522686,6.59999799728393,6.51040394281785,4.31823024226246,3.80635357080769,1.71040441244042,1.50765558517482,1.13447953846971,0.0243727239618184,-0.141949082825824,0.989573861928248,0.0467841467147008,0.988945337850069,0.140706653576832,0.998607637634951,-0.0428669643142649,-0.0307442584496876,0.989573861928248,8.28089778665292,-80.2572883526263,mildly_oval,prolate_like,190.550185873605,255.776951672862,93.9479553903345,29.8959083326271,29.650874096464,49.6883320216241
228600_R3608880_SWAN.nii.gz,228600_R3608880_SWAN,3,293,0.262280493974685,76.8481847345829,5.27486881960371,0.488299995660781,0.488299995660781,1.09999966621398,4.39469996094703,4.88299995660781,6.59999799728393,6.38145826860506,4.67205677369605,3.73108349640936,1.71034989561244,1.36587772317601,1.25219839711232,0.102542809629392,-0.138150048386598,0.985088593134694,0.312722598835094,0.944574758314125,0.0999154749457566,0.944293147476531,-0.297813851401495,-0.140061991783186,0.985088593134694,9.90690694265894,-53.4150978346697,mildly_oval,general_ellipsoid,196.044368600682,193.832764505119,75.6382252559727,27.2502868425882,61.4645573379306,32.1202515401836
228600_R3608880_SWAN.nii.gz,228600_R3608880_SWAN,4,132,0.262280493974685,34.6210252046585,4.04371402151729,0.488299995660781,0.488299995660781,1.09999966621398,3.41809996962547,3.41809996962547,5.49999833106994,6.13145658180384,3.32296576132364,2.75478035999947,2.22575152300163,1.84517597297225,1.20625433866686,-0.0825128115989617,-0.0711298448015427,0.994048379657923,-0.155848581498841,0.986098695087852,0.0576245016536672,0.984328631894263,0.150166270262476,0.0924512612603191,0.994048379657923,6.25418713281721,-139.237147421689,stretched_oval,general_ellipsoid,224.818181818181,221.825757575757,67.2878787878787,12.3691463123682,48.9650432429361,22.5842369138404
228600_R3608880_SWAN.nii.gz,228600_R3608880_SWAN,5,127,0.262280493974685,33.309622734785,3.99199844882604,0.488299995660781,0.488299995660781,1.09999966621398,6.34789994359016,4.88299995660781,2.19999933242797,6.83553203414408,3.27850315991557,2.10769666362453,3.24312893411769,2.08495514590875,1.55549098525289,-0.876828964550968,-0.476559896000906,0.0637309379193651,-0.439473032227325,0.848151237204637,0.295808946404876,0.195024154579367,-0.231365823646985,0.953118793634222,0.0637309379193651,86.3460098528357,-151.47575067746,elongated,general_ellipsoid,231.165354330708,298.59842519685,67.4803149606299,8.0998695539824,11.6795116184411,20.0209901084111
228600_R3608880_SWAN.nii.gz,228600_R3608880_SWAN,6,109,0.262280493974685,28.5885738432407,3.79371431100734,0.488299995660781,0.488299995660781,1.09999966621398,3.90639996528625,3.41809996962547,3.29999899864196,3.79273233176674,3.60962735744269,3.19400757837954,1.18745251496584,1.05072683581769,1.13012485689655,0.107152325371448,-0.508011145711073,0.854659613530915,0.978453948274693,0.206465175211183,5.03058542627126e-05,-0.176483002788243,0.836239682900983,0.519188734920652,0.854659613530915,31.2778493227464,-78.0894622170969,spherical,near_spherical,238.541284403669,265.385321100917,44.9449541284403,3.88061610095785,29.9081512833731,-3.22547027413997
228600_R3608880_SWAN.nii.gz,228600_R3608880_SWAN,7,139,0.262280493974685,36.4569886624813,4.11396624149834,0.488299995660781,0.488299995660781,1.09999966621398,3.41809996962547,3.41809996962547,5.49999833106994,5.71981127415102,3.10629360362819,3.00595510225925,1.90282658242368,1.8413620874312,1.03337990687004,-0.203121621537562,0.161437965025359,-0.965753276107527,0.383975047455408,0.920444926669349,0.0731047187278197,0.900724580432647,-0.355976011013561,-0.248950416322818,0.965753276107527,15.0381507058186,141.522858536875,stretched_oval,prolate_like,242.093525179856,205.273381294964,70.0935251798561,4.343418559026,57.0091967168163,26.6939457086779
228600_R3608880_SWAN.nii.gz,228600_R3608880_SWAN,8,60,0.262280493974685,15.7368296384811,3.1091347181367,0.488299995660781,0.488299995660781,1.09999966621398,3.41809996962547,2.92979997396469,2.19999933242797,3.27890611282993,2.95622149671519,2.13871080463529,1.53312271379723,1.10915441095103,1.38224461685426,0.775450478703343,0.608385225770446,-0.168949614213822,-0.55987665851553,0.786235079148602,0.261481409598607,0.291915539716953,-0.108174938781742,0.950307055793718,0.168949614213822,80.2732469681683,38.1162114772311,mildly_oval,oblate_like,242.9,317.683333333333,61.4666666666666,1.78124436625901,3.07830398855729,12.9830533488343
228600_R3608880_SWAN.nii.gz,228600_R3608880_SWAN,9,555,0.262280493974685,145.56567415595,6.52659681347733,0.488299995660781,0.488299995660781,1.09999966621398,5.85959994792938,5.85959994792938,12.0999963283538,11.6417848895189,4.70593325061221,4.42359376432523,2.63174819157355,2.47385253243964,1.06382581704584,0.0936724827799104,0.0824944962432291,0.992179481777074,0.0446304542783914,0.99521155889416,-0.0869601954595251,0.994602226279808,-0.0524271984091297,-0.0895421707700786,0.992179481777074,7.17032493831785,41.3693875475432,elongated,prolate_like,247.545945945945,258.562162162162,42.8072072072072,-0.512001816086012,33.5373818690242,-5.09554846101515
228600_R3608880_SWAN.nii.gz,228600_R3608880_SWAN,10,71,0.262280493974685,18.6219150722026,3.28858122579168,0.488299995660781,0.488299995660781,1.09999966621398,2.92979997396469,2.92979997396469,4.39999866485595,4.69114272273464,2.502850521768,2.34889006039681,1.9971742406463,1.87431997314039,1.06554604830895,-0.0920176674142324,0.0374307269033729,0.99505361140349,0.177886418769408,0.983836247406451,-0.0205587039130727,0.979739338243105,-0.175114759436992,0.0971887345646902,0.99505361140349,5.70112974518703,157.864608912252,stretched_oval,prolate_like,245.676056338028,326.098591549295,65.4647887323943,0.499435386253182,-1.32759650957991,17.1073251819946
228600_R3608880_SWAN.nii.gz,228600_R3608880_SWAN,11,1143,0.262280493974685,299.786604613065,8.30369139505135,0.488299995660781,0.488299995660781,1.09999966621398,10.2542999088764,7.81279993057251,8.79999732971191,8.76376298485116,8.43853430192067,6.26034526785497,1.39988492804869,1.03854089718595,1.34793432963674,-0.663524773192297,0.0302402603201663,0.747542909815803,-0.727726207147567,-0.257983329387586,-0.635499149636498,-0.173635949016113,0.965675995566765,-0.193184960065241,0.747542909815803,41.6220169242921,177.390540292427,mildly_oval,oblate_like,254.687664041994,187.021872265966,48.7760279965004,-2.58939641545758,67.9227187433561,4.33450486190936
228600_R3608880_SWAN.nii.gz,228600_R3608880_SWAN,12,325,0.262280493974685,85.2411605417728,5.46030510647436,0.488299995660781,0.488299995660781,1.09999966621398,6.83619993925094,4.39469996094703,6.59999799728393,7.3901852007952,5.70880917098718,3.64109073134562,2.0296624682198,1.29452307468131,1.56788434900588,-0.183372652655188,0.000502820693061734,0.983043344634177,0.956640992585977,-0.23011392507295,0.178565373999653,0.226301748915722,0.97316356726856,0.0417155819666207,0.983043344634177,10.5663094508979,179.842891342074,stretched_oval,general_ellipsoid,257.606153846153,318.332307692307,65.1723076923077,-5.21192374567,2.63924567721785,17.3631976807117
228600_R3608880_SWAN.nii.gz,228600_R3608880_SWAN,13,170,0.262280493974685,44.5876839756965,4.3995213609688,0.488299995660781,0.488299995660781,1.09999966621398,3.90639996528625,3.90639996528625,4.39999866485595,4.90565215476714,3.70900080838325,3.51020683229435,1.39753934430145,1.32263442587533,1.05663312322794,0.182206138899076,-0.0221265865588027,0.983011361640722,0.816960705290043,-0.552920147088221,-0.163873478500744,0.54715274737452,0.832940409099711,-0.0826688933597136,0.983011361640722,10.5762980055348,-6.92393091398308,mildly_oval,prolate_like,256.105882352941,217.747058823529,69.4411764705882,-2.71352954519476,51.1876898995545,25.8339126262156
228600_R3608880_SWAN.nii.gz,228600_R3608880_SWAN,14,330,0.262280493974685,86.5525630116462,5.48816428823919,0.488299995660781,0.488299995660781,1.09999966621398,4.88299995660781,5.3712999522686,7.69999766349792,6.74151950521648,4.57122760506259,4.26198476282362,1.58177935407496,1.47477222480681,1.07255841103338,-0.0953363060505132,0.325091404788469,-0.940864797556642,-0.0136150899292053,-0.945507364416763,-0.325315928229599,0.995352007118518,0.0182044600668466,-0.0945673281784573,0.940864797556642,19.8027013030016,106.344302779835,mildly_oval,prolate_like,259.978787878787,255.596969696969,41.6,-6.58863614131837,35.2548822550131,-6.01262993975118
228600_R3608880_SWAN.nii.gz,228600_R3608880_SWAN,15,65,0.262280493974685,17.0482321083545,3.19320579747706,0.488299995660781,0.488299995660781,1.09999966621398,2.4414999783039,3.41809996962547,3.29999899864196,3.64682769423627,2.78375807191995,2.35668571320568,1.54743913191363,1.31003758229645,1.18121735805549,-0.0541737108690509,0.317786536131178,0.94661339865038,0.0769011028323377,0.946517741222034,-0.313353452087426,0.995565884024682,-0.0558200949988783,0.0757145135391459,0.94661339865038,18.8063747861834,99.6743280501613,mildly_oval,prolate_like,270.046153846153,204.753846153846,59.9538461538461,-9.7876327329387,58.5280403289514,16.2643162151941
228600_R3608880_SWAN.nii.gz,228600_R3608880_SWAN,16,144,0.262280493974685,37.7683911323547,4.1627144531303,0.488299995660781,0.488299995660781,1.09999966621398,3.41809996962547,3.41809996962547,5.49999833106994,5.79748030753438,3.2974510888244,2.90246584979991,1.99743273738571,1.75817022038112,1.13608609350277,-0.200567204108448,0.155590568917828,-0.967245765821668,-0.26737957206951,-0.958518626070244,-0.0987431411103417,0.942486584029738,-0.238817123214056,-0.23384914065208,0.967245765821668,14.7049635952118,142.197378600777,stretched_oval,prolate_like,275.270833333333,282.5625,63.3472222222222,-13.3643299171687,20.4436447746185,17.1414412961651
228600_R3608880_SWAN.nii.gz,228600_R3608880_SWAN,17,62,0.262280493974685,16.2613906264305,3.14330376967872,0.488299995660781,0.488299995660781,1.09999966621398,1.95319998264312,2.4414999783039,4.39999866485595,4.47424614892228,2.59114736128344,1.97996054115875,2.25976531143583,1.72674322417004,1.3086863639045,0.0415531560892366,-0.153962392841557,0.987202571314279,0.169602125052784,0.974803602044733,0.144889808538045,0.984636204085855,-0.161411025122554,-0.0666185152362547,0.987202571314279,9.17620768064608,-74.8962140482211,stretched_oval,general_ellipsoid,273.5,301.935483870967,68.7741935483871,-12.5263882678362,10.5193721186219,22.3066753227143
228600_R3608880_SWAN.nii.gz,228600_R3608880_SWAN,18,222,0.262280493974685,58.2262696623802,4.80883764795529,0.488299995660781,0.488299995660781,1.09999966621398,3.90639996528625,5.3712999522686,5.49999833106994,5.82075798606294,4.41987759121782,3.29016746179684,1.76913730186975,1.31695004350994,1.34335946195395,-0.0166366680692553,-0.438562261410781,0.898546806873083,0.577664124091806,0.729295639323575,0.366649737761891,0.816105006119187,-0.525158084132653,-0.241208635121799,0.898546806873083,26.032295910824,-92.1724487270589,mildly_oval,general_ellipsoid,280.648648648648,315.085585585585,51.0765765765765,-17.1063467038434,5.76361590452693,2.58861129472519
253694_R3616180_SWAN.nii.gz,253694_R3616180_SWAN,1,67,0.307682573795318,20.6147324442863,3.40193773131596,0.468800008296966,0.468800008296966,1.39999890327453,2.34400004148483,3.28160005807876,4.1999967098236,4.29812508853657,2.99386147621764,2.29295859280739,1.87448875091727,1.43564594510454,1.30567620610718,0.0612847714713313,-0.11391664983571,0.991598292493444,-0.285443046902533,0.949973707025569,0.126776271183118,0.956434233892066,0.290814292720123,-0.0257022059168012,0.991598292493444,7.43234646891723,-61.7206792575457,stretched_oval,general_ellipsoid,140.940298507462,280.805970149253,48.8507462686567,54.5004083494196,18.7640073334159,-9.0678438569155
253694_R3616180_SWAN.nii.gz,253694_R3616180_SWAN,2,169,0.307682573795318,51.9983549714088,4.63088142290858,0.468800008296966,0.468800008296966,1.39999890327453,4.68800008296966,4.21920007467269,5.59999561309814,6.11744953186167,3.92720123780036,3.38503812361007,1.80720255089403,1.55771226413853,1.16016455188755,0.128633694831664,0.240298575384928,0.962138226671161,0.590232515362846,0.761094839047167,-0.268998557215856,0.796918408848986,-0.602487543973931,0.0439295913236066,0.962138226671161,15.8167766155357,61.8395106570064,stretched_oval,prolate_like,210.881656804733,309.142011834319,50.1834319526627,24.5340974712689,0.107380212995519,-6.07104806107683
253694_R3616180_SWAN.nii.gz,253694_R3616180_SWAN,3,141,0.307682573795318,43.3832429051399,4.35954465036187,0.468800008296966,0.468800008296966,1.39999890327453,3.75040006637573,4.21920007467269,5.59999561309814,5.64889560123941,3.53374361408549,3.33369220288186,1.69448625051711,1.59855841796867,1.06000896274428,0.056379040331876,-0.165499663060938,0.984597006565616,0.390426445752196,0.911291874077577,0.130821675182223,0.918906194488079,-0.377037109270283,-0.115993206544798,0.984597006565616,10.069298817393,-71.1881000780213,mildly_oval,prolate_like,215.27659574468,288.31914893617,63.1063829787234,21.3108234430881,9.69837587112757,11.9424185185752
253694_R3616180_SWAN.nii.gz,253694_R3616180_SWAN,4,150,0.307682573795318,46.1523860692977,4.45039452027155,0.468800008296966,0.468800008296966,1.39999890327453,3.75040006637573,4.21920007467269,5.59999561309814,6.40725861657366,3.82720673901159,3.00065824722545,2.13528435718999,1.67413444151396,1.27545572460656,-0.0165653125314064,-0.172228013850468,0.984917814675853,0.146979306740472,0.97393247500508,0.172779100358141,0.989000846213402,-0.147624677393726,-0.00918045824408503,0.984917814675853,9.96361929014182,-95.4939484849432,stretched_oval,general_ellipsoid,292.486666666666,231.213333333333,18.2266666666666,-20.5864188915491,28.7504493803034,-50.1566773185196
253694_R3616180_SWAN.nii.gz,253694_R3616180_SWAN,5,143,0.307682573795318,43.9986080527305,4.38006045677793,0.468800008296966,0.468800008296966,1.39999890327453,4.21920007467269,3.75040006637573,4.1999967098236,4.42843875795141,3.88635901035494,3.67383793392309,1.20539850630333,1.13948267418222,1.05784715609512,0.125897214426966,-0.440054910357383,0.889101550594691,0.641974440835589,0.719413813983408,0.265165196742858,0.756319184414466,-0.537396911156178,-0.373076200214427,0.889101550594691,27.2394356253585,-74.0344746162077,spherical,near_spherical,318.104895104895,361.384615384615,57.2307692307692,-20.5131942158812,-32.4326434959168,5.58026771236315
253694_R3616180_SWAN.nii.gz,253694_R3616180_SWAN,6,154,0.307682573795318,47.383116364479,4.48960706514991,0.468800008296966,0.468800008296966,1.39999890327453,3.75040006637573,4.21920007467269,5.59999561309814,5.85775923235111,3.62154309520257,3.35314421279944,1.74694521338843,1.61747605326327,1.08004394245216,0.100841369110063,0.00180039746183835,0.994900887950647,-0.0844312975098154,0.996406408178412,0.00675468295362295,0.991313459142373,0.0846819243402884,-0.100630996284487,0.994900887950647,5.78854779738619,1.02283634730181,mildly_oval,prolate_like,328.396103896103,233.032467532467,53.7987012987012,-35.7023228839427,25.9321889084969,0.120653768705025
296981_R3625921_SWAN.nii.gz,296981_R3625921_SWAN,1,293,0.30768272280693,90.1510377824306,5.56319183670913,0.468800008296966,0.468800008296966,1.39999961853027,6.56320011615753,5.15680009126663,6.99999809265136,7.78346157263572,4.96258590653418,3.70327209084807,2.10177955648224,1.56842858123369,1.3400543586301,-0.41116327504296,-0.318778572493099,-0.854005259336972,-0.88806940593282,-0.0712405007746404,0.454155833712951,0.20561491069977,-0.945148143292172,0.253806019883857,0.854005259336972,31.3499867348544,-142.213257737762,stretched_oval,general_ellipsoid,161.378839590443,288.941979522184,76.075085324232,45.54348586904,3.91724373852841,19.5245766175128
296981_R3625921_SWAN.nii.gz,296981_R3625921_SWAN,2,75,0.30768272280693,23.0762042105197,3.53228104180761,0.468800008296966,0.468800008296966,1.39999961853027,3.28160005807876,2.34400004148483,6.99999809265136,5.67717442080791,2.57517116967229,2.31297870964124,2.45448624198036,2.20458138381937,1.11335705726047,-0.0584149038842794,0.0385641161524882,-0.997547245973627,0.994743074162144,-0.0819390027919889,-0.0614183704432214,0.0841065717446429,0.995890962287956,0.0335749284814042,0.997547245973627,4.01377882030479,146.568166084912,stretched_oval,prolate_like,251.866666666666,320.866666666666,56.88,1.53779167051115,-5.58902280330658,-7.28585517421365
296981_R3625921_SWAN.nii.gz,296981_R3625921_SWAN,3,51,0.30768272280693,15.6918188631534,3.1061676190043,0.468800008296966,0.468800008296966,1.39999961853027,2.34400004148483,2.34400004148483,5.59999847412109,5.12592162920504,2.20259279755328,1.9671130712574,2.60580934777098,2.32722164301049,1.11970828201825,0.0247496905257842,0.0985074305375026,0.99482849725356,-0.216349043501406,0.972077837902515,-0.0908722643868705,0.976002327965924,0.212981133407796,-0.0453706140296306,0.99482849725356,5.82952743738494,75.8965344784493,elongated,prolate_like,328.411764705882,164.862745098039,82.7647058823529,-26.5458698267592,68.965476233293,32.7457651208501
314914_R3597047_SWAN.nii.gz,314914_R3597047_SWAN,1,158,0.307682394981384,48.6138184070587,4.52814547268621,0.468800008296966,0.468800008296966,1.3999980688095,3.75040006637573,3.75040006637573,5.59999227523803,5.8134662314509,3.41099425204516,3.39420875403915,1.71276036706133,1.7043318756592,1.00494533460442,-0.173932784730527,-0.011047518804053,-0.984695556364584,-0.974587560153472,-0.1414059753949,0.173733812819262,0.141161163178778,-0.989890045636832,-0.0138283606809795,0.984695556364584,10.0369520722642,-176.36568197972,mildly_oval,prolate_like,195.455696202531,194.715189873417,66.6202531645569,32.0119794723636,47.698738550225,-16.8830279353298
314914_R3597047_SWAN.nii.gz,314914_R3597047_SWAN,2,89,0.307682394981384,27.3837331533432,3.73965332512489,0.468800008296966,0.468800008296966,1.3999980688095,3.28160005807876,3.28160005807876,4.19999420642852,4.71704431186536,3.1623296010747,2.6432357012897,1.78457195836292,1.49163588459036,1.19638577805668,-0.351723494025743,-0.0110581508601365,0.936038621558895,-0.0364463273725854,0.999333826418285,-0.00188907311621021,0.935394167702243,0.0347796014316224,0.351892214112338,0.936038621558895,20.6034055079057,-178.199219703735,mildly_oval,prolate_like,360.966292134831,213.393258426966,76.067415730337,-45.4617725936382,45.0949413372057,-0.663937647565376
333804_R3548478_SWAN.nii.gz,333804_R3548478_SWAN,1,104,0.21976900100708,22.8559761047363,3.5210083122901,0.468799978494644,0.468799859285354,0.999980151653289,1.87519991397857,3.28159901499748,4.99990075826644,5.47412074355788,2.92852689828808,2.00219014781657,2.73406636703687,1.86924038387964,1.46266172645075,0.0020186209227465,-0.0210485166593296,0.999776417563452,-0.0495750553961813,0.998547016511489,0.021122729427547,0.998768361058777,0.0496066100680718,-0.000972206520482473,0.999776417563452,1.21161478600892,-84.5219029788794,elongated,general_ellipsoid,276.509615384615,228.211538461538,72.951923076923,-13.2514728399026,40.1051668184343,27.0231266400928
333804_R3548478_SWAN.nii.gz,333804_R3548478_SWAN,2,160,0.21976900100708,35.1630401611328,4.06470718140164,0.468799978494644,0.468799859285354,0.999980151653289,2.81279987096786,3.75039887428283,5.99988090991973,6.19384879908059,3.09467149454056,2.58139767704027,2.39941674007478,2.00145598975769,1.19883562384265,0.00886288470622257,-0.120237259739697,0.992705621342486,0.389605245538133,0.914708657599857,0.107311809047454,0.920939304147594,-0.385812225159021,-0.0549520244758082,0.992705621342486,6.92462291272987,-85.7842587997494,stretched_oval,prolate_like,290.71875,310.50625,70.625,-19.8456641345188,1.68114621347712,22.7458854271535
333804_R3548478_SWAN.nii.gz,333804_R3548478_SWAN,3,60,0.21976900100708,13.1861400604248,2.93116109290098,0.468799978494644,0.468799859285354,0.999980151653289,1.87519991397857,2.81279915571212,2.99994045495986,3.49671295641337,2.75063823882087,2.04403461966629,1.71069165011707,1.27123694677941,1.34569063182987,-0.0254354915770845,0.334249707169831,0.942141268083037,0.118769614962817,0.936781472099625,-0.329141689994511,0.992595997538684,-0.10352587496728,0.0635262062651541,0.942141268083037,19.5856791584706,94.3516657009433,mildly_oval,general_ellipsoid,307.45,330.8,73.0833333333333,-27.7200231872615,-7.93938572329956,24.6209405668623
333804_R3548478_SWAN.nii.gz,333804_R3548478_SWAN,4,44,0.21976900100708,9.66983604431152,2.64326169704319,0.468799978494644,0.468799859285354,0.999980151653289,2.34399989247322,2.81279915571212,1.99996030330657,2.82106355620351,2.27310856224455,1.98721604315596,1.41960586817892,1.24105975537652,1.14386584693355,-0.0917911859477858,0.99572272984997,-0.0105177679391349,0.948948468376421,0.0906705411940567,0.302118614662553,0.301780023441483,0.0177510061601972,-0.953212315925448,0.0105177679391349,89.3973651759181,95.266953255332,mildly_oval,prolate_like,312.75,235.545454545454,65.4545454545454,-30.1173646140298,37.0300668594299,19.1011625703699
377014_R3558007_SWAN.nii.gz,377014_R3558007_SWAN,1,79,0.307681888341903,24.3068691790103,3.59398947074281,0.468800097703933,0.468800246715545,1.3999947309494,2.34400048851966,3.28160172700881,4.1999841928482,4.48880869649057,3.05542404103798,2.45231711275858,1.83043566149614,1.46912789720854,1.24593349903307,-0.119697134808563,0.248489278371944,0.96121052556285,-0.0517549123027938,0.965293091979244,-0.255989600627993,0.99146055139433,0.080388588190987,0.10268227655009,0.96121052556285,16.0106331672965,115.72008867037,stretched_oval,general_ellipsoid,303.949367088607,297.848101265822,18.0253164556962,-30.72904937007,28.228370542579,-36.187199168756
422509_R3543850_SWAN.nii.gz,422509_R3543850_SWAN,1,46,0.184640973806381,8.49348479509353,2.53140964477401,0.429699957370758,0.429700136184692,0.999993741512298,2.14849978685379,2.14850068092346,1.99998748302459,2.41417710409447,2.33735638831519,1.98922004886089,1.21362998803321,1.0328664965956,1.17501147731426,-0.895814323477722,0.40268010440953,0.188056989673024,-0.434173225136459,-0.883311144229668,-0.176790930350738,0.0949226444361731,-0.240021157384935,0.966115694718205,0.188056989673024,79.1605859955026,155.795467339812,spherical,near_spherical,226.065217391304,285.91304347826,46.4565217391304,5.74092083148983,-17.8067493961881,44.4038272545794
422509_R3543850_SWAN.nii.gz,422509_R3543850_SWAN,2,436,0.184640973806381,80.5034645795822,5.35720973857744,0.429699957370758,0.429700136184692,0.999993741512298,4.72669953107833,4.72670149803161,6.99995619058609,6.68972523153925,4.18933146633357,4.06357433860276,1.64626623610372,1.5968479184088,1.03094741654807,-0.251578940338367,-0.174478197925283,0.951979724167993,-0.454566475829134,0.889677581446142,0.0429315749119834,-0.854445642408283,-0.421937388152422,-0.303136082722936,0.951979724167993,17.8280306873076,-145.257430397216,mildly_oval,prolate_like,235.036697247706,291.151376146789,49.6307339449541,1.96178068059983,-20.5710064870467,47.2464412448825
426209_R3567667_SWAN.nii.gz,426209_R3567667_SWAN,1,215,0.21978411078453,47.253583818674,4.48551221015279,0.468801438808441,0.46880155801773,1.0000422000885,4.21921294927597,4.21921402215957,5.0002110004425,4.96740110972158,3.74556146791313,3.58788204223109,1.38449398593735,1.32621000944064,1.04394777303882,-0.11082461654425,0.0456767552965862,0.992789775528231,-0.34031181605262,0.936809625930299,-0.0810900278659489,0.933758947599854,0.346844862712292,0.0882772280223156,0.992789775528231,6.88451444302683,157.600819940442,mildly_oval,prolate_like,200.906976744186,224.046511627906,93.906976744186,23.4385596504651,42.8617799358312,34.8837258103412
426209_R3567667_SWAN.nii.gz,426209_R3567667_SWAN,2,160,0.21978411078453,35.1654577255249,4.06480033286698,0.468801438808441,0.46880155801773,1.0000422000885,5.15681582689285,3.28161090612411,6.000253200531,8.11867963724555,3.06561655631455,2.65464064307633,3.05829704612568,2.64830238488982,1.15481414191035,-0.602815996368243,0.0799883019036056,0.793860659109103,0.766163674820366,-0.219708055187489,0.603921844174792,-0.222724264300754,-0.972280948103123,-0.0711593988688679,0.793860659109103,37.4522258956557,172.441515652592,elongated,prolate_like,240.09375,194.78125,80.0,5.68445848469855,55.8921849373728,19.5822533041646
426209_R3567667_SWAN.nii.gz,426209_R3567667_SWAN,3,82,0.21978411078453,18.0222970843315,3.25289846365636,0.468801438808441,0.46880155801773,1.0000422000885,5.15681582689285,2.34400779008865,3.0001266002655,4.81868938067028,2.77902983815134,2.07707289211662,2.31994235684229,1.73394661493657,1.33795489253119,-0.995721029127588,0.0751477031152064,0.053781547668361,0.0715729631540883,0.258998157387472,0.963222334362756,-0.0584546242690765,-0.962950038779999,0.263268455602182,0.053781547668361,86.917056870802,175.684032774468,stretched_oval,general_ellipsoid,261.280487804878,311.085365853658,84.8414634146341,-6.1121810398337,2.35450569122303,29.0409757068903
440598_R3557027_SWAN.nii.gz,440598_R3557027_SWAN,1,139,0.263722896575927,36.6574826240539,4.12149399762523,0.468797981739044,0.468800753355026,1.19997942447662,3.2815858721733,3.75040602684021,4.79991769790649,5.01603534545001,3.38614709030699,3.18140154144948,1.57667470770277,1.48134006340381,1.06435702824366,0.0399415797099532,0.0207985001890238,0.998985531727142,-0.129253922328589,0.991490776503481,-0.0154746137657115,0.990806789325218,0.128504717806041,-0.0422899956093804,0.998985531727142,2.58103317355778,27.5070307999575,mildly_oval,prolate_like,276.035971223021,225.273381294964,46.1582733812949,-9.42411725947351,30.715586161338,1.34778794757485
440598_R3557027_SWAN.nii.gz,440598_R3557027_SWAN,2,345,0.263722896575927,90.984399318695,5.58028144362439,0.468797981739044,0.468800753355026,1.19997942447662,4.21918183565139,6.56321054697036,4.79991769790649,6.08284220300843,5.06617464673316,4.20266443624461,1.44737756137482,1.20067755795407,1.20546732283487,0.00236917117956103,0.948978283307497,0.315332530574752,-0.182173989944885,0.310466276846535,-0.932964805514447,0.983263456259553,0.0552350319254504,-0.173614707996504,0.315332530574752,71.619110477497,89.8569585522632,mildly_oval,general_ellipsoid,281.159420289855,296.559420289855,50.6144927536231,-10.7787112759534,-2.46287768706679,8.31515064904115
440598_R3557027_SWAN.nii.gz,440598_R3557027_SWAN,3,56,0.263722896575927,14.7684822082519,3.04400770421732,0.468797981739044,0.468800753355026,1.19997942447662,1.87519192695617,2.34400376677513,3.59993827342987,3.93823035390018,2.58529708755632,2.02672654242061,1.94314835843446,1.52331829593429,1.27560232396649,0.0554161804967223,0.00770396736705136,0.998433621141617,0.142145929918956,0.9897239354716,-0.0155263054871903,0.988293266974246,-0.142783684086851,-0.0537516326445657,0.998433621141617,3.20732332060343,7.91454261428777,stretched_oval,general_ellipsoid,282.607142857142,319.928571428571,53.9821428571428,-10.9330981301276,-13.2355735333736,12.8691423565947
440598_R3557027_SWAN.nii.gz,440598_R3557027_SWAN,4,121,0.263722896575927,31.9104704856872,3.93530316682935,0.468797981739044,0.468800753355026,1.19997942447662,3.2815858721733,3.28160527348518,4.79991769790649,5.05672806682183,3.15895508448426,2.8401688069583,1.78043222446251,1.60075972325747,1.11224201770857,-0.0152792831949783,0.009401241166475,0.999839067135095,-0.0772128851403729,0.996958766057228,-0.0105541058335849,0.996897544321053,0.0773617182214609,0.0145069183659405,0.999839067135095,1.02793540836898,148.396291183611,mildly_oval,prolate_like,299.97520661157,314.97520661157,52.3719008264462,-19.2441232365763,-11.1237598582755,11.4954355870766
440598_R3557027_SWAN.nii.gz,440598_R3557027_SWAN,5,153,0.263722896575927,40.3496031761169,4.25546361803744,0.468797981739044,0.468800753355026,1.19997942447662,3.75038385391235,3.75040602684021,4.79991769790649,4.98606455900541,3.47220137021,3.30142324260344,1.51027729333894,1.43599521668982,1.05172863794097,-0.00735066549331632,-0.0765262120375041,0.997040473896619,-0.500223129105891,0.863630838720339,0.0625986862379212,0.865865341045775,0.498282563694931,0.0446284426491666,0.997040473896619,4.40916026216151,-95.48666855278,mildly_oval,prolate_like,333.78431372549,223.849673202614,38.7320261437908,-37.125218312536,30.5803275422826,-5.39001560606842
440598_R3557027_SWAN.nii.gz,440598_R3557027_SWAN,6,216,0.263722896575927,56.9641456604003,4.77383776002702,0.468797981739044,0.468800753355026,1.19997942447662,3.75038385391235,3.75040602684021,5.99989712238311,6.36838782264661,3.72011629655581,3.41142220675555,1.86678383286461,1.71187869275555,1.09048838610153,-0.105334051184744,0.0637178448364962,0.992393457208582,0.422680453979676,0.906180914510233,-0.0133185585155392,0.900136640452183,-0.418062419295001,0.122383994413756,0.992393457208582,7.07142535372004,148.829747683731,stretched_oval,prolate_like,350.625,231.74537037037,26.0879629629629,-46.1282515334767,26.0867692595153,-19.7075539273813
450813_R3573987_SWAN.nii.gz,450813_R3573987_SWAN,1,64,0.219768464565277,14.0651817321777,2.99489942101798,0.468798607587814,0.468799203634262,0.999981999397277,2.81279164552688,2.81279522180557,2.99994599819183,3.19196635670172,2.62032501653688,2.38879492973535,1.3362245193041,1.2181566548261,1.09692338338443,0.0421115946102504,0.219146451517425,0.974782768819136,0.365948412559971,0.904464635347183,-0.219147171442217,0.92968186652436,-0.365948843683934,0.0421078479879038,0.974782768819136,12.8944618347792,79.1225295222396,mildly_oval,prolate_like,212.828125,305.609375,49.125,15.469970984057,13.0773772694192,1.57967443638881
450813_R3573987_SWAN.nii.gz,450813_R3573987_SWAN,2,55,0.219768464565277,12.0872655510902,2.8473650307233,0.468798607587814,0.468799203634262,0.999981999397277,2.34399303793907,2.81279522180557,2.99994599819183,3.13733353074597,2.54174108035176,2.13753570622518,1.46773385895218,1.23432459545084,1.18909877058399,-0.151797293464151,-0.141309054468013,0.97825831599957,0.374415132888053,0.907748976518291,0.189222366263651,0.914751818780033,-0.394998160445527,0.0848855893734032,0.97825831599957,11.9694510500791,-137.049343342661,mildly_oval,prolate_like,320.036363636363,217.6,82.0545454545454,-34.7600980024023,52.1643640586852,37.1003781897904
450813_R3573987_SWAN.nii.gz,450813_R3573987_SWAN,3,55,0.219768464565277,12.0872655510902,2.8473650307233,0.468798607587814,0.468799203634262,0.999981999397277,2.34399303793907,2.34399601817131,2.99994599819183,3.27105552171269,2.44806104013837,2.10362370685542,1.55496228296571,1.336182173598,1.16373524036664,0.0733895744926793,-0.0115910001411203,0.997235989659173,-0.120613154645529,0.992489703956318,0.020412115695133,0.989983048987323,0.12177781512421,-0.0714403699692022,0.997235989659173,4.26096086669011,-8.97504321478096,mildly_oval,prolate_like,351.727272727272,192.963636363636,104.963636363636,-49.6662796708501,62.1576496315061,60.6982358755776
474423_R3634237_SWAN.nii.gz,474423_R3634237_SWAN,1,273,0.307683080434799,83.9974809587001,5.43361938005729,0.468800008296966,0.468800008296966,1.40000116825103,4.21920007467269,5.15680009126663,5.60000467300415,6.29924732265388,4.96624803485393,3.83791094551079,1.64132190978066,1.26841174231426,1.29399772568015,-0.0279361036106851,-0.241747571882241,0.969936949293145,0.4065434307259,0.883694623187625,0.231961746593906,0.913204255930001,-0.400801602340012,-0.073593902689088,0.969936949293145,14.0847200682528,-96.5918037396829,mildly_oval,general_ellipsoid,322.355311355311,198.619047619047,72.5201465201465,-23.2274818456434,53.1013929370667,3.74617907325072
475755_R3653737_SWAN.nii.gz,475755_R3653737_SWAN,1,97,0.219774886965751,21.3181640356779,3.4402002713498,0.468800008296966,0.468800008296966,1.00000655651092,3.75040006637573,3.28160005807876,3.00001966953277,3.73226080109951,3.0695094985212,2.69527008712659,1.38474463799598,1.21591440029672,1.13885043030829,-0.692570265541106,0.382958992309867,0.611300938570628,-0.258862677810762,-0.922938392065962,0.284911983755224,0.673302711508695,0.0390785703385736,0.738333477512249,0.611300938570628,52.316371148794,151.059456694248,mildly_oval,prolate_like,207.587628865979,335.288659793814,70.9381443298969,20.2842373279902,2.91779119563625,10.8794425265844
475755_R3653737_SWAN.nii.gz,475755_R3653737_SWAN,2,35,0.219774886965751,7.6921210438013,2.4491525067497,0.468800008296966,0.468800008296966,1.00000655651092,2.34400004148483,2.34400004148483,2.00001311302185,2.58011681082096,2.30348740796028,1.72804741707579,1.49308218358211,1.12009156286451,1.33300011631524,0.550210428733759,-0.749111558573185,-0.368917818659746,0.67040298124414,0.659681778685931,-0.339676012707308,-0.497823590091491,0.0604303208813168,-0.865170416430543,0.368917818659746,68.351108166545,-53.703314559847,mildly_oval,oblate_like,218.0,321.685714285714,72.4285714285714,15.3543691513128,9.42841801097881,11.0335015211786
475755_R3653737_SWAN.nii.gz,475755_R3653737_SWAN,3,42,0.219774886965751,9.23054525256157,2.60261289853265,0.468800008296966,0.468800008296966,1.00000655651092,2.34400004148483,2.81280004978179,2.00001311302185,2.71287247080243,2.33696425604938,1.90817320475156,1.42171185720829,1.16085321535405,1.22471285637492,0.221086560504377,-0.949182258588692,0.223995028393068,0.865563928469569,0.0851485758493286,-0.493506642065896,0.449354891479629,0.30298970281397,0.840403130344022,0.223995028393068,77.0562107357861,-76.8882657875945,mildly_oval,oblate_like,234.285714285714,249.714285714285,78.4285714285714,7.43507387183076,43.6084611740495,9.7293588263648
475755_R3653737_SWAN.nii.gz,475755_R3653737_SWAN,4,366,0.219774886965751,80.4376086294651,5.35574851622782,0.468800008296966,0.468800008296966,1.00000655651092,5.15680009126663,5.62560009956359,5.00003278255462,5.53402809872507,5.03280542161915,4.2143383957705,1.31314279467425,1.09959110975219,1.19421008684781,0.198691895472273,-0.188313359504272,0.961800191986802,0.301323803082701,0.94557004844093,0.122887140039928,0.932590744308248,-0.265396612871435,-0.244620402883644,0.961800191986802,15.8876806886191,-43.4638352852662,mildly_oval,general_ellipsoid,267.434426229508,284.494535519125,77.0,-7.94519501425391,27.2602446818574,12.0897977969665
475755_R3653737_SWAN.nii.gz,475755_R3653737_SWAN,5,108,0.219774886965751,23.7356877923011,3.56561460114903,0.468800008296966,0.468800008296966,1.00000655651092,3.28160005807876,3.28160005807876,3.00001966953277,3.3907402590399,3.17747064246402,3.04230510710568,1.11452998291341,1.06711930355098,1.04442865873072,-0.974373791251805,-0.155504919681418,0.162523644053596,0.082603754454094,0.424676695427406,0.901568812743067,-0.209218389898384,0.891890085333239,-0.400948551578123,0.162523644053596,80.6465919867006,-170.932365309843,spherical,near_spherical,325.833333333333,136.009259259259,85.9259259259259,-35.9537788313097,96.9426207272594,6.20593972490341
475755_R3653737_SWAN.nii.gz,475755_R3653737_SWAN,6,39,0.219774886965751,8.57122059166431,2.53910903019804,0.468800008296966,0.468800008296966,1.00000655651092,1.87520003318786,2.34400004148483,2.00001311302185,2.65811125041804,2.11245829519279,2.00277483920194,1.32721422218247,1.25830235629596,1.05476574492744,-0.112890531432933,0.981987127706132,-0.151515705232989,0.909799737981876,0.163456179515276,0.381505588617492,0.399399755484275,-0.0947805802774507,-0.91186428646009,0.151515705232989,81.285225885132,96.5580088294974,mildly_oval,prolate_like,368.461538461538,341.948717948717,89.4871794871794,-54.8424589025954,3.29215799207584,30.8165330728277
479083_R3663183_SWAN.nii.gz,479083_R3663183_SWAN,1,782,0.307682216167449,240.607493042945,7.71679284547758,0.468800216913223,0.468799382448196,1.39999854564666,7.96960368752479,8.90718826651573,9.79998981952667,9.91655426294278,7.84213258888422,4.96336768303613,1.99794875097319,1.2645226474491,1.58000234713361,-0.473907531438649,-0.564387162231892,0.675928089927883,0.425226864803394,0.525492779439936,0.736912106160542,0.771099063088006,-0.636650979630379,0.00904240236206288,0.675928089927883,47.473736751779,-130.019681699095,stretched_oval,general_ellipsoid,279.565217391304,299.503836317135,59.6150895140665,-4.43213501890832,19.8585808053422,53.7309849666017
479083_R3663183_SWAN.nii.gz,479083_R3663183_SWAN,2,68,0.307682216167449,20.9223906993865,3.41877795711908,0.468800216913223,0.468799382448196,1.39999854564666,2.34400108456611,2.81279629468917,4.19999563694,4.50020765851721,2.65813631864146,2.42538112235556,1.85546412357104,1.69299355603297,1.09596644178538,-0.215923590330491,0.180654746541803,0.959552429881091,-0.38216012307396,0.888699705669276,-0.253311021227731,0.898515800345706,0.42139849987305,0.12285219100145,0.959552429881091,16.3515404301921,140.082107183704,stretched_oval,prolate_like,361.0,193.10294117647,49.0441176470588,-43.8779521455769,63.5815427938805,27.3323379517258
514714_R3576719_SWAN.nii.gz,514714_R3576719_SWAN,1,126,0.24175089597702,30.4606128931045,3.87477663008916,0.468800008296966,0.468800008296966,1.10000050067901,2.81280004978179,2.81280004978179,4.40000200271606,4.91758050897093,2.99145413445704,2.94158039104367,1.67174778698676,1.64387628489028,1.0169547443154,0.0444436995722899,-0.0393092866207799,0.99823821683689,0.403738502638888,0.914696467417936,0.0180442228997936,0.9137942761121,-0.402225250921065,-0.056523167517834,0.99823821683689,3.4015561124137,-41.4919162376094,mildly_oval,prolate_like,207.428571428571,215.404761904761,74.5,22.812121560531,43.7235550096347,14.6640676528747
514714_R3576719_SWAN.nii.gz,514714_R3576719_SWAN,2,970,0.24175089597702,234.498369097709,7.65092130141399,0.468800008296966,0.468800008296966,1.10000050067901,7.03200012445449,6.09440010786056,12.1000055074691,11.7204796998697,5.69965900520519,5.25018157941992,2.23239511292572,2.05634752696012,1.08561178675174,-0.145428482857739,0.121185589593654,-0.981918840459095,0.959713911274445,-0.223890130576111,-0.169771664116592,0.240415816617796,0.967050806475776,0.0837434941625209,0.981918840459095,10.9120746514788,140.19554795803,stretched_oval,prolate_like,240.363917525773,196.350515463917,64.7443298969072,9.30021483449591,55.7273017291171,4.33516147900468
514714_R3576719_SWAN.nii.gz,514714_R3576719_SWAN,3,172,0.24175089597702,41.5811541080474,4.29832555300461,0.468800008296966,0.468800008296966,1.10000050067901,4.21920007467269,2.81280004978179,5.50000250339508,5.98159264948489,3.59304367864703,2.72007560187767,2.19905382238485,1.66477036865226,1.32093522553812,-0.353822990694941,-0.0507359244609171,0.933935306766364,0.927406022189533,-0.148589338299182,0.343277261918696,-0.1213563400168,-0.987596615280199,-0.0996271259488068,0.933935306766364,20.9431884464813,-171.839782348043,stretched_oval,general_ellipsoid,256.372093023255,193.703488372093,68.0930232558139,1.97856071106224,57.8891788703757,7.96114117970559
531887_R3668692_SWAN.nii.gz,531887_R3668692_SWAN,1,52,0.307681828737258,15.9994550943374,3.12633507559615,0.468798398971557,0.46880105137825,1.39999711513519,2.34399199485778,2.8128063082695,2.79999423027038,2.93574613512781,2.82731191292087,2.46321527489819,1.19183498293674,1.03835240877081,1.14781356779209,-0.0508006804794734,-0.9928977217359,0.107579761268004,0.061661568889181,0.104395089701282,0.99262254466055,0.996803461964768,-0.0570594375885312,-0.0559202896731883,0.107579761268004,83.8241818806875,-92.9289308431515,spherical,near_spherical,243.0,187.5,65.5,9.8064959635958,72.3505621775984,48.9367080908268
531887_R3668692_SWAN.nii.gz,531887_R3668692_SWAN,2,94,0.307681828737258,28.9220919013023,3.8084099676558,0.468798398971557,0.46880105137825,1.39999711513519,2.81279039382934,3.28160735964775,4.19999134540557,4.5228782988148,3.29564541632775,2.70321659905118,1.67314683566322,1.37238013422406,1.21915699152058,0.0885102136876056,-0.0594085524384199,0.994302049666069,0.296838026161203,0.954437346105229,0.0306029179054423,0.950817084563427,-0.292437987027639,-0.102112170898119,0.994302049666069,6.11932319673247,-33.8697338913945,mildly_oval,general_ellipsoid,256.436170212765,209.765957446808,76.9574468085106,3.98657801537279,64.0203413429888,66.3339477440421
531887_R3668692_SWAN.nii.gz,531887_R3668692_SWAN,3,166,0.307681828737258,51.0751835703849,4.60331228379651,0.468798398971557,0.46880105137825,1.39999711513519,3.75038719177246,4.6880105137825,5.59998846054077,4.94662471522209,4.26657528063459,3.45866642872726,1.43021156192919,1.1593900001423,1.23358969954342,0.0130626948012783,-0.182914732989236,0.983041996285003,-0.340002811132244,0.923732742182927,0.176397022201001,0.940333693125318,0.336541262662821,0.0501250845247609,0.983041996285003,10.5667307400206,-85.9152069894364,mildly_oval,oblate_like,260.33734939759,240.915662650602,34.3072289156626,-2.26010827639375,43.3919428743152,8.73753488297203
531887_R3668692_SWAN.nii.gz,531887_R3668692_SWAN,4,57,0.307681828737258,17.5378642380237,3.22348777262375,0.468798398971557,0.46880105137825,1.39999711513519,1.87519359588623,2.8128063082695,4.19999134540557,4.48997964195526,2.75591198391489,1.94316485563176,2.3106529685025,1.62921735823255,1.41825948319701,0.0616615589044687,0.104395133440083,0.992622540680745,0.307151637071722,0.944267822148956,-0.11838983021454,0.949660846827766,-0.312185739853847,-0.0261598897985897,0.992622540680745,6.96399423551822,59.4315439886938,stretched_oval,general_ellipsoid,262.526315789473,196.859649122807,77.0,1.45169615265177,70.1969869157724,65.9018271811175
531887_R3668692_SWAN.nii.gz,531887_R3668692_SWAN,5,262,0.307681828737258,80.6126391291618,5.35963036635997,0.468798398971557,0.46880105137825,1.39999711513519,4.68798398971557,4.6880105137825,5.59998846054077,6.03731531048096,4.46345141403151,4.1875830922949,1.44171833189162,1.3526114099734,1.06587769499886,0.00519003958615489,-0.122191780895383,0.99249293809614,0.837869051297099,0.542294868385048,0.0623837206468396,-0.545846605162653,0.831255342481994,0.105195243369405,0.99249293809614,7.02497354555793,-87.5678500676923,mildly_oval,prolate_like,272.419847328244,210.206106870229,78.5114503816794,-3.35892378042615,64.4701396452675,68.9347136164127
531887_R3668692_SWAN.nii.gz,531887_R3668692_SWAN,6,88,0.307681828737258,27.0760009288787,3.72559205985236,0.468798398971557,0.46880105137825,1.39999711513519,2.81279039382934,3.28160735964775,4.19999134540557,4.35968344831242,3.32434538301971,2.67458605616999,1.63004044616738,1.31144118495661,1.2429382765048,0.0155110001850319,0.293890141075164,0.955713342928767,0.25658086366026,0.922652097773003,-0.287887767851349,0.966398297430523,-0.249683182160708,0.0610953293590242,0.955713342928767,17.1155177812103,86.9788335332339,mildly_oval,general_ellipsoid,292.75,264.920454545454,80.1590909090909,-14.0200118650893,39.7867959160357,74.5167872254228
531887_R3668692_SWAN.nii.gz,531887_R3668692_SWAN,7,87,0.307681828737258,26.7683191001415,3.71142617378008,0.468798398971557,0.46880105137825,1.39999711513519,3.2815887928009,3.28160735964775,4.19999134540557,4.62314338879026,3.00619722089296,2.67418930745289,1.72880183759081,1.53787095426061,1.12415273388266,-0.217232008064736,-0.0490931319088872,0.974884669625868,0.231640662918051,0.967612462382429,0.100343041239021,0.948236709875254,-0.247620651484457,0.198824432611701,0.974884669625868,12.8682724262962,-167.26541995221,mildly_oval,prolate_like,300.091954022988,176.011494252873,54.9885057471264,-17.5063790711306,77.6890225715335,35.2464923959696
531887_R3668692_SWAN.nii.gz,531887_R3668692_SWAN,8,141,0.307681828737258,43.3831378519535,4.35954113145767,0.468798398971557,0.46880105137825,1.39999711513519,3.2815887928009,3.28160735964775,5.59998846054077,5.77203930353466,3.38888700491379,3.06743701684104,1.88171404069411,1.70322565938769,1.10479432383057,-0.106689485259493,0.117417816429452,0.987335003998138,-0.353388741988902,0.923689311164468,-0.148035311584808,0.929372772772349,0.364706886177722,0.0570538027127455,0.987335003998138,9.12850353870237,132.25926293855,stretched_oval,prolate_like,303.177304964539,369.191489361702,42.3971631205673,-24.6357835823973,-13.9884905605874,27.5723290382653
531887_R3668692_SWAN.nii.gz,531887_R3668692_SWAN,9,495,0.307681828737258,152.302505224943,6.62576672647511,0.468798398971557,0.46880105137825,1.39999711513519,6.09437918663024,6.09441366791725,8.39998269081115,7.29944952100883,5.85373254275598,5.17659823888356,1.41008615777435,1.24697352803416,1.13080681030762,0.214663800233526,-0.0140227838939618,0.976587330657716,-0.435750467148891,0.893490330408319,0.108611969167099,0.874094378913869,0.448863443598045,-0.185689595164837,0.976587330657716,12.4226454248061,-3.73750212071544,mildly_oval,prolate_like,317.876767676767,201.042424242424,18.5292929292929,-29.5607202226615,61.1849512689492,-13.6911017345396
531887_R3668692_SWAN.nii.gz,531887_R3668692_SWAN,10,94,0.307681828737258,28.9220919013023,3.8084099676558,0.468798398971557,0.46880105137825,1.39999711513519,3.75038719177246,3.750408411026,4.19999134540557,4.17385241676623,3.35017811711721,3.0202430935081,1.38195909651702,1.24585985307485,1.10924121449637,0.058602967071742,0.0917048777491386,0.994060313888148,-0.601153079720338,0.798220439017564,-0.0381982391918676,0.796982225017058,0.595343888968067,-0.101906755788009,0.994060313888148,6.24790728939589,57.419847250034,mildly_oval,prolate_like,326.382978723404,312.148936170212,19.2978723404255,-36.1153699683144,9.8079016639831,-6.79654487523627
531887_R3668692_SWAN.nii.gz,531887_R3668692_SWAN,11,225,0.307681828737258,69.2284114658832,5.09442588025277,0.468798398971557,0.46880105137825,1.39999711513519,4.21918559074401,4.6880105137825,5.59998846054077,5.70243949847652,4.45531975303389,3.91546005433642,1.45639067168135,1.27991700137647,1.13787899536851,-0.0589320925679351,-0.149121982254237,0.987061114052281,-0.553261432797621,0.827906679131449,0.0920451934011602,0.830920450731769,0.540678430361431,0.131293714615787,0.987061114052281,9.22689251027766,-111.563627781485,mildly_oval,prolate_like,332.546666666666,230.866666666666,29.8577777777777,-36.1482958782961,49.350717441274,3.94045707902147
531887_R3668692_SWAN.nii.gz,531887_R3668692_SWAN,12,273,0.307681828737258,83.9971392452716,5.43361201180765,0.468798398971557,0.46880105137825,1.39999711513519,5.15678238868713,4.6880105137825,5.59998846054077,5.83486494651685,4.58082152770982,4.36948459265075,1.33536686599851,1.27375950170099,1.04836655916226,0.0783340119287597,0.0960131865209348,0.992292925798244,0.942713840797992,0.316628632991665,-0.105056761504082,-0.324275187060375,0.943677792884799,-0.0657101687186484,0.992292925798244,7.11806129789313,50.790121894753,mildly_oval,prolate_like,345.941391941391,161.65934065934,75.5604395604395,-36.8141206507485,88.6026319236436,64.312793686945
531887_R3668692_SWAN.nii.gz,531887_R3668692_SWAN,13,70,0.307681828737258,21.5377280116081,3.45197060316815,0.468798398971557,0.46880105137825,1.39999711513519,2.81279039382934,3.28160735964775,4.19999134540557,3.71956263359069,3.1937337158642,2.56137519423823,1.452174067258,1.16464394483314,1.24688242591262,-0.188921858831292,0.150836824787018,0.970338489159272,0.425737049173231,0.903019226208395,-0.0574825369939465,0.884904795001698,-0.402249337334645,0.23481689546717,0.970338489159272,13.9898686231951,141.395835018621,mildly_oval,oblate_like,345.128571428571,230.828571428571,64.3285714285714,-39.0511853537921,54.7430135502346,52.1713577614564
531887_R3668692_SWAN.nii.gz,531887_R3668692_SWAN,14,83,0.307681828737258,25.5375917851924,3.65365138091835,0.468798398971557,0.46880105137825,1.39999711513519,2.81279039382934,3.28160735964775,4.19999134540557,4.34404254244137,3.12975103246199,2.57154345722144,1.68927440453801,1.38798342020967,1.21707102544698,-0.0476266327010063,0.0322900653503174,0.998343155201274,-0.531075578005482,0.845684764289405,-0.0526878533906608,0.845984890115483,0.532705013237575,0.0231286525298939,0.998343155201274,3.29866738177501,145.863381749694,mildly_oval,general_ellipsoid,362.602409638554,172.831325301204,43.8795180722891,-47.6007648792387,79.2178050143172,21.2870253314634
540395_R3600296_SWAN.nii.gz,540395_R3600296_SWAN,1,134,0.307679504156112,41.2290535569191,4.28615870419666,0.468800157308578,0.468800157308578,1.39998400211334,3.28160110116004,4.68800157308578,4.19995200634002,4.61314119175356,4.14513806589924,3.01931502429948,1.52787673847443,1.11290411040935,1.3728736592701,0.424872069923538,0.718731928708874,0.550370910253539,0.000332274728297908,0.607850558680518,-0.794051376111952,0.905253342325999,-0.337553126138987,-0.25801990861444,0.550370910253539,56.6075373169051,59.4109161869628,mildly_oval,oblate_like,297.216417910447,320.492537313432,37.2238805970149,-13.6519030445992,-24.2987672575096,-13.8678136256718
561150_R3542171_SWAN.nii.gz,561150_R3542171_SWAN,1,73,0.219765365123748,16.0428716540336,3.12916042432605,0.468798667192459,0.468800812959671,0.999964356422424,2.81279200315475,2.81280487775802,2.99989306926727,3.34862311876113,2.57138628790009,2.52463661417917,1.32637825972822,1.30226373785938,1.01851738719876,-0.447312383909375,-0.526460966960894,-0.723014855634316,-0.894337384863097,0.27097539495031,0.355995754704685,-0.00850136680464871,-0.805860524903734,0.592044374320312,0.723014855634316,43.6960432273229,-130.353197313229,mildly_oval,prolate_like,144.438356164383,299.657534246575,86.958904109589,53.778413842598,7.30714635489739,50.0041725625322
561150_R3542171_SWAN.nii.gz,561150_R3542171_SWAN,2,98,0.219765365123748,21.5370057821273,3.45193201750113,0.468798667192459,0.468800812959671,0.999964356422424,3.28159067034721,3.28160569071769,2.99989306926727,3.44409015578334,3.02728803852629,2.9103922457128,1.18337662590212,1.1376816847134,1.04016496160807,-0.584236310969599,0.414693377750055,0.697636965330022,-0.0664741694429734,-0.881162686725805,0.468116977174537,0.808856673176095,0.227116098003661,0.542373635316181,0.697636965330022,45.7622764849414,144.632708091708,spherical,near_spherical,274.316326530612,379.928571428571,62.9081632653061,-8.543061889556,-31.2060235545077,31.7162399801368
561150_R3542171_SWAN.nii.gz,561150_R3542171_SWAN,3,157,0.219765365123748,34.5031623244285,4.03912003419805,0.468798667192459,0.468800812959671,0.999964356422424,3.75038933753967,3.75040650367736,3.99985742568969,4.14215123795141,3.48481407712089,3.41819741220227,1.21179403599241,1.18862904771482,1.01948882901871,-0.492059227254187,0.485452546276924,0.722643440561984,-0.421333806752908,-0.859191513272178,0.290289109007152,0.761810698376647,-0.161634677078634,0.627310681404812,0.722643440561984,43.7268387298099,135.387237456585,spherical,near_spherical,301.598726114649,302.369426751592,52.1273885350318,-19.0304483959249,2.9252050695407,13.6356444486007
561150_R3542171_SWAN.nii.gz,561150_R3542171_SWAN,4,49,0.219765365123748,10.7685028910636,2.739800257952,0.468798667192459,0.468800812959671,0.999964356422424,2.34399333596229,2.34400406479835,2.99989306926727,3.22779528187768,2.35918570018958,2.00016099144899,1.61376773953547,1.36818194583762,1.17949790555634,0.205649129589635,-0.0989225996425886,-0.973613247023158,-0.0268364475409171,-0.995073886548495,0.0954346131791629,0.978257757742001,-0.00650227569586053,0.207290809801993,0.973613247023158,13.1913799051335,-25.688769074185,mildly_oval,prolate_like,321.367346938775,313.163265306122,18.1020408163265,-27.7781059894026,-8.24458505810069,-19.0422974122422
561150_R3542171_SWAN.nii.gz,561150_R3542171_SWAN,5,341,0.219765365123748,74.9399895071983,5.23084279958766,0.468798667192459,0.468800812959671,0.999964356422424,5.15678533911705,6.09441056847572,6.99975049495697,8.20939658216086,5.00568801362311,3.47201404318797,2.36444797746931,1.64001363245547,1.44172458733113,-0.105541944048577,-0.395880835519562,0.912216674981761,0.81664831716755,0.488919584972124,0.306664581420963,-0.567403228853921,0.777326188610045,0.271693894644552,0.912216674981761,24.1865002391527,-104.927866301213,stretched_oval,general_ellipsoid,333.847507331378,317.046920821114,24.9296187683284,-33.8773773806361,-8.39305759890993,-12.1914116355243
561150_R3542171_SWAN.nii.gz,561150_R3542171_SWAN,6,594,0.219765365123748,130.540626883506,6.29383988872011,0.468798667192459,0.468800812959671,0.999964356422424,6.09438267350196,6.56321138143539,6.99975049495697,7.00780714959835,5.87916697604022,4.48080454835175,1.56396180060479,1.19197280467756,1.3120784253361,-0.183680666998976,-0.249223301895519,0.950867581928791,-0.554252296836941,0.825153367774066,0.109207651298299,0.811828678984541,0.506961207039957,0.28969730847007,0.950867581928791,18.0349979997877,-126.390675535386,mildly_oval,oblate_like,345.045454545454,323.311447811447,48.3063973063973,-39.8210091599159,-6.41559691946352,11.1191165337106
561150_R3542171_SWAN.nii.gz,561150_R3542171_SWAN,7,84,0.219765365123748,18.4602906703948,3.27903941895449,0.468798667192459,0.468800812959671,0.999964356422424,2.34399333596229,2.81280487775802,3.99985742568969,4.60736382446906,2.40036215717736,2.37974764655768,1.93607243656008,1.91944528482609,1.00866247757382,-0.00827007261965323,0.436756532869482,0.899541737161036,0.998172829273338,-0.0502400064416806,0.0335699963240928,-0.059854897872483,-0.898175747138926,0.435543015616259,0.899541737161036,25.9021041405261,91.0847774523771,stretched_oval,prolate_like,385.0,216.5,35.5,-55.4257054030895,41.0453245807439,-11.818143568933
574622_R3540113_SWAN.nii.gz,574622_R3540113_SWAN,1,124,0.219773411750793,27.2519030570983,3.73364255338441,0.468799233436584,0.468797296285629,1.00000727176666,3.28159463405609,3.75037837028503,3.00002181529998,3.59328161536984,3.32272817983563,3.14588556519432,1.14221625068802,1.08142508832834,1.05621393753093,-0.544397978213566,0.803448465087162,0.241042330859259,0.664391749418211,0.237584601651008,0.70861637037493,-0.512068788955146,-0.545915855244574,0.663145108080121,0.241042330859259,76.0519322709924,124.120652876311,spherical,near_spherical,155.08064516129,302.145161290322,80.9677419354838,44.2460871159789,-4.90376268591609,20.0655801335289
574622_R3540113_SWAN.nii.gz,574622_R3540113_SWAN,2,158,0.219773411750793,34.7241990566253,4.04772691827729,0.468799233436584,0.468797296285629,1.00000727176666,3.75039386749267,4.21917566657066,4.00002908706665,4.50062612921554,3.5915646622772,3.11416310988999,1.44521207476975,1.25311014903514,1.15330011163226,-0.347331881234244,-0.722352988257826,0.59796883249319,-0.936770066642357,0.296305251558095,-0.186185499279528,0.0426896535609529,0.624827462787994,0.779594917392849,0.59796883249319,53.2754359249444,-115.679830178766,mildly_oval,prolate_like,232.943037974683,186.037974683544,64.3417721518987,10.4968428242998,53.3304287528124,26.4907359205233
574622_R3540113_SWAN.nii.gz,574622_R3540113_SWAN,3,43,0.219773411750793,9.45025670528411,2.62310088815217,0.468799233436584,0.468797296285629,1.00000727176666,2.34399616718292,2.81278377771377,2.00001454353332,2.61153969114045,2.40283387832946,2.00318363999737,1.30369459843625,1.08685819468971,1.19950753907545,-0.857096305815795,-0.455039451723428,-0.241505734781097,-0.514998604852014,0.768440297921383,0.379836735362673,-0.012742038981061,-0.449931779168504,0.892972023378598,0.241505734781097,76.0245729047415,-152.035801242655,mildly_oval,general_ellipsoid,235.023255813953,312.465116279069,59.5348837209302,4.84433597811434,-0.686061495265299,2.26049793719553
574622_R3540113_SWAN.nii.gz,574622_R3540113_SWAN,4,75,0.219773411750793,16.4830058813095,3.15751869372981,0.468799233436584,0.468797296285629,1.00000727176666,2.34399616718292,2.81278377771377,3.00002181529998,3.22707786207026,2.81948206296418,2.50841314238825,1.28650173591331,1.14456406886219,1.12401024190128,-0.318632423311576,0.217589803923102,-0.922566017173458,-0.0691854499115229,-0.97603844066357,-0.206306412570149,0.945350068670401,0.00190776721071694,-0.326051542074465,0.922566017173458,22.6958531906915,145.671355715692,spherical,near_spherical,238.986666666666,300.84,60.0133333333333,3.43148218105235,4.34516189455986,4.72473221381505
574622_R3540113_SWAN.nii.gz,574622_R3540113_SWAN,5,74,0.219773411750793,16.2632324695587,3.14342244042084,0.468799233436584,0.468797296285629,1.00000727176666,2.34399616718292,2.81278377771377,3.00002181529998,3.28058686590403,2.84581535132044,2.41334638156468,1.35935184893644,1.15277572888974,1.17919888046711,-0.289706285987543,0.154167993173757,-0.944617646320499,-0.029928242707304,-0.987918616475658,-0.152056264288171,0.956647567366246,0.0157809094033843,-0.290820210354517,0.944617646320499,19.157920039669,151.98020223471,mildly_oval,general_ellipsoid,266.959459459459,354.567567567567,51.9459459459459,-12.0993375623145,-16.0615159847043,-9.89764529622687
574622_R3540113_SWAN.nii.gz,574622_R3540113_SWAN,6,149,0.219773411750793,32.7462383508682,3.96936405065595,0.468799233436584,0.468797296285629,1.00000727176666,4.21919310092926,4.21917566657066,4.00002908706665,5.14454689169139,3.60536480715895,2.94289112285936,1.74812681710523,1.42691438089043,1.22510981774137,-0.414745205590905,0.810867519463292,-0.412892577214468,0.873217382336989,0.227071865048235,-0.43119574590672,0.255886337313844,0.539381343747597,0.802240580121164,0.412892577214468,65.6133280311108,117.088986216139,mildly_oval,general_ellipsoid,269.892617449664,260.013422818791,92.4496644295302,-6.85140795655699,11.8715646886985,43.0129083745531
574622_R3540113_SWAN.nii.gz,574622_R3540113_SWAN,7,576,0.219773411750793,126.589485168457,6.22968858192051,0.468799233436584,0.468797296285629,1.00000727176666,5.62559080123901,6.09436485171318,8.0000581741333,7.46705377605957,5.03124154939211,4.74860934917665,1.57247169160256,1.48413740480453,1.05951894111156,-0.220711396858731,0.574635525628072,-0.788086601829276,0.726919924708383,0.63564148632966,0.259898680101647,-0.650287553593505,0.515513252538448,0.5580073333735,0.788086601829276,37.9929407216301,111.011251784687,mildly_oval,prolate_like,331.795138888888,206.048611111111,21.4583333333333,-39.8513582776714,60.9217197280894,-12.0061461441348
576277_R3637395_SWAN.nii.gz,576277_R3637395_SWAN,1,72,0.219765111804008,15.8230880498886,3.11480507880516,0.468800008296966,0.468800008296966,0.999962091445922,2.81280004978179,2.81280004978179,2.99988627433776,3.21929754976676,2.67620862392174,2.54298901593416,1.26595023792666,1.2029322082705,1.05238701667716,-0.159619771273535,-0.367372021789798,0.916274700198941,-0.970536937339665,0.228109908213014,-0.0776139358259419,0.180498149236847,0.901667159977076,0.39295896826634,0.916274700198941,23.6125951158541,-113.48450386309,spherical,near_spherical,223.736111111111,175.805555555555,56.0555555555555,10.3613692799149,63.0846336136132,5.34106436811595
617977_R3570602_SWAN.nii.gz,617977_R3570602_SWAN,1,1115,0.219769388437271,245.042868107557,7.76392172520848,0.468798369169235,0.468797653913497,0.999990046024322,9.3759673833847,10.3135483860969,4.99995023012161,10.0769654681233,6.89139454973674,5.20910513549185,1.93449070541208,1.46225345180798,1.32295171060816,-0.481064425322006,0.875210449342251,-0.0508299916559349,0.876576616287297,0.481108351900445,-0.012173311379781,-0.0138005241900189,0.0504125291348512,0.998633127048321,0.0508299916559349,87.0864004470306,118.795646760783,stretched_oval,general_ellipsoid,240.47264573991,194.554260089686,58.8744394618834,8.3911270055803,58.6576395654056,54.4452399839851
617977_R3570602_SWAN.nii.gz,617977_R3570602_SWAN,2,289,0.219769388437271,63.5133532583713,4.95019309495274,0.468798369169235,0.468797653913497,0.999990046024322,4.68798369169235,4.21917888522148,4.99995023012161,5.33882960291674,4.25822636789729,4.0047997363018,1.33310775930255,1.25376838656725,1.06328072520038,0.165284895251489,0.242106757561747,0.956067581996503,0.831199401494029,0.487574870596314,-0.267167177098823,-0.530837506547598,0.838841500824753,-0.120650230569213,0.956067581996503,17.0464172422788,55.6788706466954,mildly_oval,prolate_like,237.477508650519,313.200692041522,64.1280276816609,3.61030716436131,2.9894209742211,55.6613304838989
617977_R3570602_SWAN.nii.gz,617977_R3570602_SWAN,3,234,0.219769388437271,51.4260368943214,4.6138288279185,0.468798369169235,0.468797653913497,0.999990046024322,4.21918532252311,4.21917888522148,3.99996018409729,4.43140096908626,4.11617700693319,4.01353472640057,1.10411427112789,1.0765817314518,1.02557403573898,0.0519161249811218,-0.254218207316765,0.965752462609127,0.806936078701559,0.580417405205143,0.109406584009734,0.588352684073673,-0.773620539284976,-0.235270865896579,0.965752462609127,15.0383303457088,-78.4578373293073,spherical,near_spherical,244.021367521367,196.935897435897,67.4871794871794,7.04904715907879,57.074274923318,63.0408122179806
617977_R3570602_SWAN.nii.gz,617977_R3570602_SWAN,4,205,0.219769388437271,45.0527246296405,4.41476386792301,0.468798369169235,0.468797653913497,0.999990046024322,3.75038695335388,3.75038123130798,4.99995023012161,4.83623451850311,3.64836712974596,3.52150822698411,1.37334182025891,1.32558877616021,1.03602402566882,0.0439065271888859,-0.0658116028963052,0.996865612705358,-0.11966206406801,0.990297825778568,0.0706484726036084,0.991843338079756,0.122388925897968,-0.0356053861704452,0.996865612705358,4.53761308835824,-56.2905741348174,mildly_oval,prolate_like,251.434146341463,318.40487804878,70.8048780487805,-2.82337605735151,0.789162388589326,62.5247908797569
617977_R3570602_SWAN.nii.gz,617977_R3570602_SWAN,5,112,0.219769388437271,24.6141715049743,3.60907189308368,0.468798369169235,0.468797653913497,0.999990046024322,2.81279021501541,3.28158357739448,3.99996018409729,4.12577643439948,2.93383286022189,2.84437202629274,1.45050520686524,1.40627521435813,1.03145187517743,0.0376733741191518,-0.293411295491418,0.955243701136273,-0.180097618686371,0.938275780073145,0.295302232080336,0.982927039319794,0.183162147307181,0.017494661124053,0.955243701136273,17.2067145698961,-82.6833781803532,mildly_oval,prolate_like,257.401785714285,189.008928571428,71.2946428571428,1.45037826177265,61.1636727991447,67.4663005085562
660322_R3515056_SWAN.nii.gz,660322_R3515056_SWAN,1,126,0.219774559140205,27.6915944516658,3.75361546823267,0.468800127506256,0.468800127506256,1.000004529953,3.75040102005004,4.2192011475563,4.00001811981201,5.00288213003555,3.06089948823299,2.63156477609137,1.90110544702846,1.63444835391299,1.16314806918008,-0.163287198042488,0.702630221408241,0.692566287743807,0.885330617786793,-0.205408954925915,0.417129306625054,0.435346974452204,0.681262015086742,-0.588519395292341,0.692566287743807,46.1664023345763,103.082982401818,stretched_oval,prolate_like,134.095238095238,290.611111111111,97.547619047619,56.3236859516676,3.15093935839832,49.6322305581005
660322_R3515056_SWAN.nii.gz,660322_R3515056_SWAN,2,39,0.219774559140205,8.57120780646801,2.53910776771649,0.468800127506256,0.468800127506256,1.000004529953,1.87520051002502,2.81280076503753,2.000009059906,2.87307587326328,2.0355458256482,1.90952113237357,1.50460543460547,1.41145231763493,1.06599806157577,-0.0953513203490302,-0.942173041580883,0.321275715586976,0.879224598846783,0.0716250927442884,0.4709925167899,-0.46676785503118,0.327383270506602,0.821552167364916,0.321275715586976,71.2599076922724,-95.7788643919569,mildly_oval,prolate_like,157.538461538461,298.897435897435,90.4615384615384,45.1725102318211,-0.71320873957414,42.7906530268999
660322_R3515056_SWAN.nii.gz,660322_R3515056_SWAN,3,99,0.219774559140205,21.7576813548803,3.46368187184968,0.468800127506256,0.468800127506256,1.000004529953,2.81280076503753,3.28160089254379,3.000013589859,3.3254377476525,3.11974826599651,2.88394115645287,1.15308793323046,1.0659314355257,1.08176557590851,-0.021251464345339,-0.695271208821636,0.718433240772501,0.286205158045566,0.684290875408611,0.670695613032193,0.957932660875121,-0.219872563127411,-0.184448023064741,0.718433240772501,44.0747230634799,-91.7507416101367,spherical,near_spherical,210.555555555555,215.757575757575,97.010101010101,21.8864844722692,39.5333837411846,47.0008455481882
660322_R3515056_SWAN.nii.gz,660322_R3515056_SWAN,4,49,0.219774559140205,10.76895339787,2.73983846448404,0.468800127506256,0.468800127506256,1.000004529953,2.81280076503753,2.81280076503753,2.000009059906,2.89902300004128,2.50863214970847,1.96563815610564,1.47485079643797,1.15561900949813,1.27624310807977,0.0943792702175465,-0.992142431896578,0.0821337213545495,0.979076744823621,0.0775621957312857,-0.188129831602866,0.180281116866921,0.0981707727568913,0.978703846052282,0.0821337213545495,85.2887773070722,-84.5659911535914,mildly_oval,oblate_like,246.632653061224,191.551020408163,71.5918367346938,5.3734016970028,50.0028702372647,20.9503607083394
660322_R3515056_SWAN.nii.gz,660322_R3515056_SWAN,5,37,0.219774559140205,8.1316586881876,2.49494038618503,0.468800127506256,0.468800127506256,1.000004529953,1.87520051002502,2.34400063753128,2.000009059906,2.58602462764012,2.06819949617106,1.99229276864583,1.29801436231576,1.25037484654054,1.03810018724146,0.159092660541798,0.975467009883068,-0.152163195259292,0.817300873430951,-0.216588539951359,-0.533955697273417,-0.553812971724873,-0.0394146798987846,-0.831707686244236,0.152163195259292,81.2476922424557,80.7369676899736,spherical,near_spherical,267.459459459459,371.945945945945,90.5405405405405,-7.6657441935779,-32.8346856033077,44.9138232184559
660322_R3515056_SWAN.nii.gz,660322_R3515056_SWAN,6,73,0.219774559140205,16.0435428172349,3.12920406048808,0.468800127506256,0.468800127506256,1.000004529953,2.34400063753128,2.81280076503753,3.000013589859,3.34085186388083,2.7269618216494,2.42267921806612,1.37899059808158,1.225118678728,1.12559756211809,-0.165656134618155,0.399619193449934,-0.901588900380763,-0.205077145842894,-0.908193792946518,-0.364866275101367,0.964625009688377,-0.124452941627903,-0.232400636840474,0.901588900380763,25.632286507818,112.515717175837,mildly_oval,prolate_like,272.068493150684,286.383561643835,75.0273972602739,-8.28293096925425,6.33412475261379,27.0337582434596
660322_R3515056_SWAN.nii.gz,660322_R3515056_SWAN,7,70,0.219774559140205,15.3842191398143,3.08573726338301,0.468800127506256,0.468800127506256,1.000004529953,3.28160089254379,3.28160089254379,2.000009059906,3.52556098214377,2.84364276848195,2.00810379275806,1.75566671148085,1.23980445828849,1.41608356039022,-0.224205329810332,0.969027923346824,-0.103522238474546,0.97323152139142,0.228143866952583,0.0277629562918275,-0.0505210436826089,0.0945265028765096,0.994239591043908,0.103522238474546,84.0579669275307,103.02736877221,mildly_oval,general_ellipsoid,273.9,168.942857142857,69.5,-6.9874723117865,60.9535709754696,18.2295413971604
660322_R3515056_SWAN.nii.gz,660322_R3515056_SWAN,8,74,0.219774559140205,16.2633173763752,3.14342791078737,0.468800127506256,0.468800127506256,1.000004529953,2.81280076503753,2.81280076503753,3.000013589859,3.20850011321081,2.89189443191394,2.38838018752359,1.34337913619085,1.1094803730741,1.21081829727972,-0.230884434124536,-0.43512857731886,0.870261741822227,-0.456175225602575,0.838441932568302,0.298193375609803,0.859416395948687,0.328143637621689,0.392078068071874,0.870261741822227,29.5109301574558,-117.950956995596,mildly_oval,oblate_like,283.797297297297,244.364864864864,48.0945945945946,-13.0653887536011,24.592280381636,-1.02705487667303
660322_R3515056_SWAN.nii.gz,660322_R3515056_SWAN,9,69,0.219774559140205,15.1644445806741,3.07097274437483,0.468800127506256,0.468800127506256,1.000004529953,2.34400063753128,2.81280076503753,3.000013589859,3.15684171172691,2.82930517825196,2.36403713382175,1.33536045883657,1.11576571378465,1.19681080206978,-0.0385695385645885,0.299931431028906,0.953180742239302,0.0330871478164934,0.953750782465911,-0.298771962531679,0.998707981015614,-0.0200145353834232,0.0467096031785913,0.953180742239302,17.6018806863034,97.3277082125284,mildly_oval,general_ellipsoid,290.898550724637,183.681159420289,89.1304347826087,-15.1758820318846,55.547024488989,38.2375174379242
660322_R3515056_SWAN.nii.gz,660322_R3515056_SWAN,10,72,0.219774559140205,15.8237682580947,3.11484971159343,0.468800127506256,0.468800127506256,1.000004529953,2.34400063753128,2.81280076503753,3.000013589859,3.24944785053352,2.78092299113955,2.3995590503811,1.35418540753036,1.16847818543942,1.15893084218864,0.0547426135241611,-0.377142134516625,0.924536130519942,0.210645231048972,0.909448027166321,0.35851481492347,0.976028602501417,-0.175123088870454,-0.129228753935033,0.924536130519942,22.4014889310367,-81.7411311795382,mildly_oval,general_ellipsoid,382.027777777777,307.333333333333,35.0972222222222,-60.272213215571,-3.8118120513132,-12.2390946637578
660322_R3515056_SWAN.nii.gz,660322_R3515056_SWAN,11,170,0.219774559140205,37.3616750538349,4.14771816696813,0.468800127506256,0.468800127506256,1.000004529953,3.75040102005004,4.68800127506256,4.00001811981201,3.98916031323937,3.88078286394042,3.39785566289043,1.17402288649481,1.02792669755011,1.14212704981093,-0.0341501132068223,-0.887508789956616,0.4595235766723,-0.50593764980058,0.411875071569957,0.757882589807622,0.861893766239335,0.20660850217013,0.463089691689189,0.4595235766723,62.6436309509359,-92.2035753982302,spherical,near_spherical,389.711764705882,283.517647058823,39.4529411764705,-63.4220936332856,7.72622819117764,-8.55762078263893
670090_R3525129_SWAN.nii.gz,670090_R3525129_SWAN,1,47,0.219774097204208,10.3293825685977,2.70204086842199,0.468800067901611,0.468800157308578,1.00000250339508,2.34400033950805,3.28160110116004,2.00000500679016,3.15615348441562,2.2233137962696,1.91917430417866,1.64453717285795,1.41957176252456,1.15847413725201,-0.216412562200791,0.973652880136945,-0.0718726089878492,0.852090904303603,0.224301093668497,0.472895453755037,0.476557125353042,0.0410985204131176,-0.878182337498937,0.0718726089878492,85.8784492051905,102.531345475888,mildly_oval,prolate_like,175.765957446808,343.212765957446,83.4468085106382,36.7407701540703,-21.848323673099,20.4813604285095
670090_R3525129_SWAN.nii.gz,670090_R3525129_SWAN,2,69,0.219774097204208,15.1644127070903,3.07097059278541,0.468800067901611,0.468800157308578,1.00000250339508,2.34400033950805,3.28160110116004,3.00000751018524,3.51142596735942,2.93485211939466,2.05987844854301,1.70467629769276,1.19645754692528,1.42476956418012,-0.277316167179371,-0.764713300644674,-0.581643629070301,0.132137263755593,-0.629991505706772,0.76527801893462,0.951648825433062,-0.135367169411348,-0.275753952822858,0.581643629070301,54.4337700207081,-109.932705590335,mildly_oval,oblate_like,226.579710144927,356.072463768115,95.8260869565217,12.8242848618529,-28.1321565590501,32.5466099690567
670090_R3525129_SWAN.nii.gz,670090_R3525129_SWAN,3,131,0.219774097204208,28.7904067337512,3.80262114964851,0.468800067901611,0.468800157308578,1.00000250339508,3.75040054321289,3.75040125846862,4.00001001358032,4.47784231140236,3.28355237180412,2.73482215655846,1.63734314520741,1.36371886431707,1.20064566682324,-0.515025540256682,0.536646144870404,-0.66840078402037,0.47250198007571,0.828342856168343,0.300981712832199,0.715185690368484,-0.160807424674996,-0.680184093067127,0.66840078402037,48.0562437809606,133.822260847257,mildly_oval,general_ellipsoid,236.206106870229,306.541984732824,69.5877862595419,8.67209016575606,-3.57644603405332,7.49151784586172
670090_R3525129_SWAN.nii.gz,670090_R3525129_SWAN,4,74,0.219774097204208,16.2632831931114,3.1434257084343,0.468800067901611,0.468800157308578,1.00000250339508,2.34400033950805,2.81280094385147,3.00000751018524,3.25303467057878,2.96986835140262,2.32740008368075,1.39771184739073,1.09534642134639,1.27604547762403,0.117816500622187,-0.161559156756572,0.979805037264683,-0.381058138467739,0.903786585245268,0.194844818864133,0.917013613469638,0.39631861828433,-0.0449175412567963,0.979805037264683,11.5343402791291,-53.8987180060866,mildly_oval,oblate_like,253.013513513513,205.689189189189,80.0,1.48046825195636,43.239919846632,20.2346300310528
670090_R3525129_SWAN.nii.gz,670090_R3525129_SWAN,5,107,0.219774097204208,23.5158284008502,3.55457121820936,0.468800067901611,0.468800157308578,1.00000250339508,2.81280040740966,3.75040125846862,3.00000751018524,3.74891849186603,2.94625571562884,2.9242781602748,1.28199791073012,1.2724348643532,1.00751554884641,-0.0485066858861055,0.890158209394204,-0.45306231764786,-0.688622694065419,-0.358365573096231,-0.630375206712235,0.723495602365646,-0.281411581615813,-0.63036627058406,0.45306231764786,63.0596705167942,93.1190886743128,spherical,near_spherical,270.429906542056,286.495327102803,62.9813084112149,-7.2274458192155,6.37225287170889,1.35900087722146
670090_R3525129_SWAN.nii.gz,670090_R3525129_SWAN,6,97,0.219774097204208,21.3180874288082,3.44019615055577,0.468800067901611,0.468800157308578,1.00000250339508,2.81280040740966,3.28160110116004,3.00000751018524,3.30297756939718,3.11753069977724,2.83415436690138,1.16541907807525,1.05948517832821,1.09998620265193,0.0816973868162355,0.848567735806752,0.5227411737516,0.0553746263742217,0.519819609958558,-0.852479456559774,0.995117675323533,-0.0985919411023751,0.00452121757406913,0.5227411737516,58.4836957175182,84.5006952819772,spherical,near_spherical,281.659793814433,253.20618556701,64.020618556701,-12.2629911569703,21.9832429332207,3.17062743421495
670090_R3525129_SWAN.nii.gz,670090_R3525129_SWAN,7,141,0.219774097204208,30.9881477057933,3.89701728143467,0.468800067901611,0.468800157308578,1.00000250339508,3.28160047531127,3.28160110116004,4.00001001358032,4.29266616142058,3.41781842512483,2.95113363756283,1.45458209915754,1.25596670960184,1.15813746338759,0.295251968375428,0.146541179157497,0.944114377594984,0.176108229558633,0.962888180986679,-0.204529319164485,0.939048543288449,-0.226653995612904,-0.258487523142891,0.944114377594984,19.245592775486,26.3963923827682,mildly_oval,prolate_like,353.290780141844,289.056737588652,31.6453900709219,-46.0632223874134,7.29748224325028,-29.997994764475
670090_R3525129_SWAN.nii.gz,670090_R3525129_SWAN,8,152,0.219774097204208,33.4056627750396,3.99583141337429,0.468800067901611,0.468800157308578,1.00000250339508,3.28160047531127,3.28160110116004,4.00001001358032,4.42314515073781,3.43656769391197,3.12980554016245,1.41323321656214,1.28708221245681,1.09801316721216,0.0881108175010982,0.188583382012799,0.978096514597563,-0.600408280167906,0.793552600386578,-0.0989149509705971,0.794824748573611,0.578541768974646,-0.183147592412736,0.978096514597563,12.0140700611081,64.9568561217474,mildly_oval,prolate_like,376.388157894736,295.16447368421,95.6381578947368,-56.9788076707945,1.4254340169688,33.7743252661485
693527_R3531149_SWAN.nii.gz,693527_R3531149_SWAN,1,113,0.219766661524772,24.8336327522993,3.61976639644858,0.468799531459808,0.468797892332077,0.99997466802597,3.28159672021865,3.28158524632453,2.99992400407791,3.46205377283318,3.25633327242648,3.10978609566107,1.11327714072154,1.0631755054523,1.04712451990504,-0.471303131044994,0.731820797849764,-0.492251641441365,-0.331129376149039,-0.664120199208322,-0.670296723290996,0.817451341009563,0.152913965477426,-0.555329293521992,0.492251641441365,60.511316825434,122.782118368117,spherical,near_spherical,237.415929203539,278.849557522123,80.0176991150442,8.58238925094163,24.3479517399275,31.3189202441578
693527_R3531149_SWAN.nii.gz,693527_R3531149_SWAN,2,80,0.219766661524772,17.5813329219818,3.22614878011528,0.468799531459808,0.468797892332077,0.99997466802597,2.81279718875885,2.81278735399246,2.99992400407791,3.28781548452639,2.87437573125563,2.5684979656806,1.28005376233777,1.14383636376242,1.11908818681659,-0.390486949720748,0.287475389865383,-0.874572948540904,0.92050566722277,0.107726202084817,-0.375585385758211,0.0137571330061499,0.951710547176045,0.306688401615262,0.874572948540904,29.0055255448924,143.63960450406,spherical,near_spherical,242.625,313.775,81.0125,5.8716754419962,7.99360552306753,31.7822083477862
693527_R3531149_SWAN.nii.gz,693527_R3531149_SWAN,3,196,0.219766661524772,43.0742656588554,4.34917036357465,0.468799531459808,0.468797892332077,0.99997466802597,3.75039625167846,3.75038313865661,4.99987334012985,5.06755096327069,3.53001701327612,3.36305004832654,1.50683186109356,1.43555992625871,1.0496474814678,-0.0987591296331807,0.204844083340318,-0.973799535753925,0.993309519624686,-0.0385698036960629,-0.108851129832545,0.0598567668444519,0.978034391912325,0.199664457777585,0.973799535753925,13.1445262452388,115.739577697236,mildly_oval,prolate_like,244.642857142857,297.612244897959,92.8214285714285,6.34917674850369,14.9859865640138,43.9735625077951
693527_R3531149_SWAN.nii.gz,693527_R3531149_SWAN,4,428,0.219766661524772,94.0601311326026,5.64246645525615,0.468799531459808,0.468797892332077,0.99997466802597,5.6255943775177,4.68797892332077,7.99979734420776,8.27437358758071,4.56855872103681,3.73514876379205,2.21527283405448,1.81115622953027,1.22312630900372,-0.298535977281511,-0.295382162340746,0.907538235249335,-0.952419431929933,0.153407681488415,-0.263369149565041,0.0614287876393229,0.942982216922065,0.327125423374444,0.907538235249335,24.832659704997,-135.30424830457,stretched_oval,general_ellipsoid,266.240654205607,185.467289719626,82.3785046728972,-3.56927066809001,68.1943196632886,37.1899906577298
693527_R3531149_SWAN.nii.gz,693527_R3531149_SWAN,5,151,0.219766661524772,33.1847658902406,3.98700437250259,0.468799531459808,0.468797892332077,0.99997466802597,4.21919578313827,4.21918103098869,2.99992400407791,4.14822026535654,3.83690088778198,2.92700491226133,1.4172235406847,1.08113823804151,1.31086246958761,-0.630255865183286,-0.662602179571204,0.404642924106621,0.68627077735019,-0.719172449187267,-0.108735497815352,-0.363056420625268,-0.209163428824155,-0.907987167026764,0.404642924106621,66.1312471341249,-133.566802635462,mildly_oval,oblate_like,363.754966887417,359.754966887417,102.132450331125,-48.8789395111125,-13.5397684455275,57.7428999430444
700409_R3581454_SWAN.nii.gz,700409_R3581454_SWAN,1,85,0.21976999938488,18.6804499477148,3.29202332344345,0.468797802925109,0.468801945447921,0.999984860420227,3.28158462047576,2.81281167268753,2.99995458126068,3.59178728117,2.81862806769881,2.58037592287133,1.39196279477496,1.27430338267454,1.09233233914319,-0.669931300637375,0.407240328534802,-0.620763535689058,-0.520447993937407,0.338680701478624,0.783855387206386,0.529458155129225,0.848204395921651,-0.0149453908060059,0.620763535689058,51.6280866426772,148.705263305923,mildly_oval,prolate_like,235.635294117647,308.517647058823,84.8470588235294,5.14065459125181,16.3461792668546,3.10776594408295
700409_R3581454_SWAN.nii.gz,700409_R3581454_SWAN,2,76,0.21976999938488,16.7025199532508,3.17147378295287,0.468797802925109,0.468801945447921,0.999984860420227,2.81278681755065,2.81281167268753,2.99995458126068,3.13496084820827,2.841848461959,2.57633696703178,1.21682873332368,1.10314145534952,1.10305775149945,0.0332829434151284,0.218349554084063,0.975302885215109,0.211985328587546,0.952098234358503,-0.220388685270025,0.976705926131942,-0.214085086735884,0.0145982703096568,0.975302885215109,12.7602338501004,81.3331384262139,spherical,near_spherical,273.197368421052,294.618421052631,84.1052631578947,-12.5780873650587,22.3995953562399,1.53037351418875
700409_R3581454_SWAN.nii.gz,700409_R3581454_SWAN,3,93,0.21976999938488,20.4386099427938,3.39222182811077,0.468797802925109,0.468801945447921,0.999984860420227,2.81278681755065,2.81281167268753,3.9999394416809,4.13949108401066,2.79946834903893,2.42909988753112,1.70412550972448,1.4786704359175,1.15247148271216,0.0420101839594676,-0.18480239027158,0.981877396110941,0.233835425078912,0.957269300518741,0.170166037335667,0.971368178612958,-0.222449011762852,-0.0834284048982973,0.981877396110941,10.9246114166897,-77.192891784568,mildly_oval,prolate_like,278.268817204301,290.63440860215,77.5376344086021,-14.4905800152049,24.8298290617744,-5.00488186892002
700409_R3581454_SWAN.nii.gz,700409_R3581454_SWAN,4,394,0.21976999938488,86.5893797576427,5.48894234225572,0.468797802925109,0.468801945447921,0.999984860420227,4.68797802925109,5.62562334537506,5.99990916252136,5.96237582912348,4.89190007233281,4.17556798361987,1.42791971116575,1.2188261699876,1.17155320941318,0.0806140544358482,-0.307840368242084,0.948016709719819,-0.172894007873374,0.932375812978709,0.31746339224196,0.981635898013563,0.189498419657971,-0.0219388394915445,0.948016709719819,18.5553453407691,-75.3254886436984,mildly_oval,prolate_like,378.312182741116,154.497461928934,74.6395939086294,-63.2964982143815,87.2689828294007,-5.71702710430371
701505_R3534601_SWAN.nii.gz,701505_R3534601_SWAN,1,88,0.219758450984954,19.338743686676,3.33024776120873,0.46880030632019,0.468800008296966,0.999931097030639,2.81280183792114,3.28160005807876,2.99979329109191,3.62746825627481,2.86993681501636,2.55037718437652,1.42232618708185,1.26395404849849,1.12529896855941,-0.295093235511098,-0.429034411067268,-0.853726804355909,-0.944376401974426,-0.00478603162537133,0.328831727932567,0.145166090218856,-0.903275466301085,0.403757647889334,0.853726804355909,31.3806390236204,-124.520498576217,mildly_oval,prolate_like,231.420454545454,189.28409090909,73.0568181818181,9.81195751554068,59.3235807149586,21.5180834705242
701505_R3534601_SWAN.nii.gz,701505_R3534601_SWAN,2,53,0.219758450984954,11.6471979022026,2.81238179165819,0.46880030632019,0.468800008296966,0.999931097030639,3.28160214424133,2.34400004148483,1.99986219406127,3.1507449929114,2.40037064019957,1.99690597182043,1.57781339601037,1.31260770322096,1.2020449004974,-0.988479471217962,0.132347802792305,-0.0734329222944776,0.0961045094932066,0.923641330069071,0.371012960209354,0.116928432110107,0.359681459744989,-0.925719714211588,0.0734329222944776,85.7888129466307,172.374005072994,mildly_oval,general_ellipsoid,233.339622641509,188.943396226415,77.5094339622641,8.92392167619446,58.4230881128108,25.8836929486923
701505_R3534601_SWAN.nii.gz,701505_R3534601_SWAN,3,54,0.219758450984954,11.8669563531875,2.82995963419667,0.46880030632019,0.468800008296966,0.999931097030639,1.87520122528076,2.34400004148483,2.99979329109191,3.26268641094598,2.5269228189192,1.98681361875936,1.64217034760579,1.29116979217492,1.27184693876675,0.0873783481073619,-0.342515470685429,0.93544009782731,-0.0367098941416598,0.937286774138337,0.346620666864306,0.995498572552535,0.0646270482575798,-0.0693248633563431,0.93544009782731,20.7006375025936,-75.6886520772905,mildly_oval,general_ellipsoid,233.444444444444,193.925925925925,90.0185185185185,8.5713641863894,52.9452355537149,37.3633673021707
701505_R3534601_SWAN.nii.gz,701505_R3534601_SWAN,4,40,0.219758450984954,8.79033803939819,2.56056409510531,0.46880030632019,0.468800008296966,0.999931097030639,2.34400153160095,2.81280004978179,1.99986219406127,2.73715106960663,2.15785604488947,1.95300424342151,1.40150799918967,1.26845860551686,1.10489060746179,-0.00230533158294355,0.946603126942211,0.322392936506865,0.849937229632404,-0.168008171504398,0.499379575065443,0.526878915056473,0.275164994813975,-0.804165924730672,0.322392936506865,71.1922985679625,90.1395363116674,mildly_oval,prolate_like,249.4,229.7,76.55,-0.746973216335746,41.1826028481125,20.2345115872099
701505_R3534601_SWAN.nii.gz,701505_R3534601_SWAN,5,240,0.219758450984954,52.7420282363891,4.65285374648245,0.46880030632019,0.468800008296966,0.999931097030639,4.6880030632019,4.68800008296966,3.99972438812255,4.41857896072609,4.15104590716277,4.00561361668299,1.10309664974253,1.06444955308773,1.03630711905763,-0.0119152422407461,-0.976136552186786,0.216830483297986,0.98733694337188,0.0228198353036704,0.156987309581969,-0.158189087030098,0.215955288431674,0.96350377588413,0.216830483297986,77.4770600729126,-90.6993480438902,spherical,near_spherical,252.329166666666,373.433333333333,52.3916666666666,-9.78122799164268,-17.0444041260207,-20.4322855104808
701505_R3534601_SWAN.nii.gz,701505_R3534601_SWAN,6,2912,0.219758450984954,639.936609268188,10.6916839205628,0.46880030632019,0.468800008296966,0.999931097030639,11.7200076580047,13.126400232315,11.9991731643676,14.6131675867165,8.71294341190126,7.75243391036126,1.88497802827907,1.67717921440371,1.12389779940674,-0.456664870723271,-0.280822326355163,-0.844154024374563,0.378168013478408,-0.920152953318987,0.101525839470251,-0.80526154100956,-0.272868766110778,0.526399550771169,0.844154024374563,32.4185904371684,-148.410903063933,stretched_oval,prolate_like,262.409684065934,217.263049450549,80.459478021978,-6.14701368674974,46.4435604077579,25.6783142235129
701505_R3534601_SWAN.nii.gz,701505_R3534601_SWAN,7,1824,0.219758450984954,400.839414596557,9.14795316127567,0.46880030632019,0.468800008296966,0.999931097030639,8.90720582008361,11.7200002074241,15.9988975524902,15.0526516220288,8.6652916971635,5.47591598609839,2.74888286457328,1.73712001258493,1.58243693277287,0.0301600979686022,-0.606454923681998,0.794545652579124,-0.380847598107839,0.727972236673654,0.570097824629989,0.924145808574606,0.319795009614312,0.209011187068462,0.794545652579124,37.3876375677856,-87.152923103352,elongated,general_ellipsoid,264.583881578947,290.934758771929,78.5570175438596,-11.1206552208362,13.9174799404695,14.9638417861643
701505_R3534601_SWAN.nii.gz,701505_R3534601_SWAN,8,182,0.219758450984954,39.9960380792617,4.24299757570323,0.46880030632019,0.468800008296966,0.999931097030639,4.21920275688171,4.68800008296966,3.99972438812255,4.91103710838805,3.7686679916629,3.17141205012343,1.54853328131767,1.30312277952112,1.1883249265942,-0.411261398791796,-0.402450963309638,-0.817861408794276,0.496136462109078,-0.851531429561157,0.169537121113397,0.764665072322322,0.336046792278509,-0.549872603945334,0.817861408794276,35.1287179640628,-135.620343338903,mildly_oval,prolate_like,260.71978021978,273.648351648351,74.6538461538461,-8.37937738247865,22.5013381698793,13.234791592137
701505_R3534601_SWAN.nii.gz,701505_R3534601_SWAN,9,41,0.219758450984954,9.01009649038314,2.58172674153892,0.46880030632019,0.468800008296966,0.999931097030639,2.34400153160095,2.34400004148483,1.99986219406127,2.52657555260169,2.47563423449017,1.90011887726956,1.32969341172608,1.02057707774509,1.30288386905961,0.3091770928073,0.880352570416452,0.359706654156371,0.856822352718569,-0.421977485217073,0.296294545767703,0.412631774303726,0.216597215427668,-0.884771532715615,0.359706654156371,68.9178182511343,70.6488832639511,mildly_oval,oblate_like,263.219512195122,264.195121951219,75.5609756097561,-9.037099977376,26.648526047788,15.2851660264338
701505_R3534601_SWAN.nii.gz,701505_R3534601_SWAN,10,413,0.219758450984954,90.7602402567863,5.57569494553004,0.46880030632019,0.468800008296966,0.999931097030639,7.03200459480285,7.03200012445449,6.99951767921447,8.62183891998339,5.58648958300546,3.46957936494921,2.48498103461299,1.5433375095179,1.61013454237189,-0.655460576548407,0.431677052886805,-0.61969859980622,0.224485903079818,0.894818711574008,0.385882822545224,0.721094662238784,0.113817377530821,-0.683423801650732,0.61969859980622,51.7058720257031,146.631665703377,stretched_oval,general_ellipsoid,275.077481840193,258.351089588377,52.4891041162227,-14.1792279227916,35.8779932830942,-6.13963322816573
701505_R3534601_SWAN.nii.gz,701505_R3534601_SWAN,11,70,0.219758450984954,15.3830915689468,3.08566187287146,0.46880030632019,0.468800008296966,0.999931097030639,2.81280183792114,2.81280004978179,2.99979329109191,3.33544341516102,2.74879659087704,2.36723577155229,1.40900346946592,1.21341951100747,1.16118412196624,-0.364122451636014,0.377781010252325,-0.851290989325806,-0.275483272144817,-0.916825959233403,-0.289031360312569,0.889676237168872,-0.129273619770166,-0.437909264858092,0.851290989325806,31.6476366520875,133.945294897399,mildly_oval,prolate_like,271.7,299.714285714285,85.1,-14.9258585954916,8.64544459602661,20.3117492172467
701505_R3534601_SWAN.nii.gz,701505_R3534601_SWAN,12,142,0.219758450984954,31.2057000398635,3.90611569447727,0.46880030632019,0.468800008296966,0.999931097030639,3.28160214424133,3.28160005807876,3.99972438812255,4.23666027803683,3.28544492450021,3.1350060645088,1.3514041730253,1.28952406002706,1.04798678436208,0.227617707239553,-0.228196659702298,0.946634281996866,-0.382538155713891,0.873038707626289,0.302436727943602,0.895463421237307,0.43096368697018,-0.111425139618691,0.946634281996866,18.8026627854981,-45.0727741756764,mildly_oval,prolate_like,273.239436619718,275.75352112676,74.3521126760563,-14.3222241471816,22.2880869375568,12.847706710841
701505_R3534601_SWAN.nii.gz,701505_R3534601_SWAN,13,69,0.219758450984954,15.1633331179618,3.07089771458894,0.46880030632019,0.468800008296966,0.999931097030639,3.75040245056152,2.34400004148483,2.99979329109191,3.9053750219459,2.43333959996406,2.26291733793735,1.72581426483109,1.60494450589781,1.07531086494836,-0.706681104578266,0.383402790992213,-0.594646211029232,0.705678121609626,0.442742340235852,-0.553170506122651,-0.0511879391414643,0.810543965508264,0.583436607408712,0.594646211029232,53.5125846057153,151.518396649633,mildly_oval,prolate_like,278.362318840579,249.811594202898,44.0724637681159,-15.2253213177563,42.0721651391274,-13.1941312490355
701505_R3534601_SWAN.nii.gz,701505_R3534601_SWAN,14,480,0.219758450984954,105.484056472778,5.86222837727547,0.46880030632019,0.468800008296966,0.999931097030639,5.15680336952209,5.15680009126663,7.99944877624511,7.47238284868079,4.61982357235407,4.3749876928252,1.70797802721484,1.61746065226321,1.05596264417621,0.203624348320084,-0.457147171810049,0.865767629377129,-0.149723190746769,0.859352806049695,0.488974151553148,0.967532992162968,0.229192534870986,-0.106539621904642,0.865767629377129,30.0295255958576,-65.9906585339519,mildly_oval,prolate_like,281.883333333333,231.2,46.4645833333333,-15.8697726006478,50.0067542918647,-8.58970558626267
701505_R3534601_SWAN.nii.gz,701505_R3534601_SWAN,15,78,0.219758450984954,17.1411591768264,3.19899716491865,0.46880030632019,0.468800008296966,0.999931097030639,3.28160214424133,2.81280004978179,2.99979329109191,3.24059116609075,2.84005296695497,2.58534897202796,1.25344439035199,1.14103194686725,1.09851822623667,-0.735839636645722,0.181779542686148,-0.652300718228875,0.67660232989039,0.236312140039401,-0.697399354499912,-0.0273736429432947,0.954522273355008,0.296880301369423,0.652300718228875,49.2847083934722,166.123654071241,spherical,near_spherical,280.871794871794,242.730769230769,46.1538461538461,-16.0186437622476,44.8485204367301,-10.2963585037356
701505_R3534601_SWAN.nii.gz,701505_R3534601_SWAN,16,241,0.219758450984954,52.9617866873741,4.65930708865913,0.46880030632019,0.468800008296966,0.999931097030639,4.21920275688171,4.21920007467269,4.99965548515319,4.82934240515411,4.2029971856928,3.74967796978198,1.28793524245894,1.1490234686793,1.1208955061112,0.137169420756052,0.0633838670151212,0.9885175948923,-0.490710462754423,0.871236882277262,0.0122285200713547,0.860457896560191,0.486753305445382,-0.150610185197435,0.9885175948923,8.69101505912893,24.8009281463293,spherical,near_spherical,286.298755186722,255.336099585062,48.9004149377593,-19.2324273574883,38.7515331801042,-9.09866734015218
701505_R3534601_SWAN.nii.gz,701505_R3534601_SWAN,17,61,0.219758450984954,13.4052655100822,2.94730851832279,0.46880030632019,0.468800008296966,0.999931097030639,2.81280183792114,3.75040006637573,1.99986219406127,3.38428104265911,2.74334227609274,1.89337139113474,1.7874364525128,1.23363426873559,1.44891926060454,0.210849524349494,0.932198338183063,0.294191666044988,0.925057785434124,-0.0930152248224396,-0.368261132294658,-0.315928111584431,0.349791975665487,-0.881949546216068,0.294191666044988,72.8909275324863,77.2549947964522,mildly_oval,general_ellipsoid,337.344262295082,215.377049180327,23.5409836065573,-40.7807933879161,65.9679894852833,-28.1122088924844
722199_R3679936_SWAN.nii.gz,722199_R3679936_SWAN,1,192,0.219775006175041,42.1968011856079,4.31943525954306,0.468800008296966,0.468800008296966,1.00000715255737,3.75040006637573,3.28160005807876,5.00003576278686,5.16434597238441,3.43740962778804,3.33012594654272,1.55079599248969,1.50239469007004,1.03221610322477,-0.185687304674674,-0.119084455529993,0.975366145267396,-0.916621717961015,0.37861514548222,-0.128277814814856,0.354012501255042,0.917861353398541,0.179459424083957,0.975366145267396,12.7438133222493,-147.327250415061,mildly_oval,prolate_like,359.255208333333,202.026041666666,96.203125,-48.5105648399912,61.5525834956254,19.4258756225729
744114_R3556455_SWAN.nii.gz,744114_R3556455_SWAN,1,165,0.219774901866912,36.2628588080406,4.10665108765417,0.468799799680709,0.468800008296966,1.00000703334808,4.21919819712638,3.75040006637573,4.00002813339233,4.60442133726158,3.46638675327436,3.40815860174645,1.35099972604036,1.32830571571744,1.01708493011389,0.0140005909930231,0.298352744052131,-0.954352986880855,0.0581195383411721,-0.953075671248042,-0.297100797942554,0.998211451905283,0.0513069682563394,0.0306837464056765,0.954352986880855,17.378401831215,87.3132918995196,mildly_oval,prolate_like,243.521212121212,289.175757575757,79.6242424242424,9.59425281632803,9.23858926244869,9.30160032526562
744114_R3556455_SWAN.nii.gz,744114_R3556455_SWAN,2,58,0.219774901866912,12.7469443082809,2.89824984973425,0.468799799680709,0.468800008296966,1.00000703334808,1.87519919872283,2.81280004978179,3.00002110004425,3.22234121708691,2.7736846733789,1.95937357073318,1.64457725939476,1.16175470413565,1.415597676119,0.00209493179823974,-0.1816828060879,0.983354955869337,-0.172090059453006,0.968621061109647,0.179327218827156,0.985078993126044,0.169601291111974,0.0292366098398925,0.983354955869337,10.4684975734014,-89.3393682442401,mildly_oval,oblate_like,346.51724137931,164.258620689655,65.051724137931,-38.886597888785,68.987071416148,2.02899488402081
744114_R3556455_SWAN.nii.gz,744114_R3556455_SWAN,3,106,0.219774901866912,23.2961395978927,3.54346743529611,0.468799799680709,0.468800008296966,1.00000703334808,3.28159859776496,2.81280004978179,3.00002110004425,3.35353487636401,3.2508875261265,2.95960039931811,1.13310394103766,1.03157517736696,1.09842109998211,-0.957887043812506,0.102024885283606,-0.268408893442455,0.287127222323453,0.329840414172176,-0.899312659412479,0.0032201703300985,0.938507444808827,0.345243981180629,0.268408893442455,74.4303913435468,173.920327462401,spherical,near_spherical,355.943396226415,297.396226415094,33.0094339622641,-45.0942160253817,9.63832561357192,-35.1336612468761
764508_R3557894_SWAN.nii.gz,764508_R3557894_SWAN,1,205,0.219766780734062,45.0521900504827,4.41474640652932,0.468797832727432,0.468801826238632,0.999970436096191,3.75038266181945,3.28161278367042,4.99985218048095,5.20241146808253,3.71830133712915,3.27786671356694,1.58713331647988,1.39913659394245,1.13436623940176,-0.0952506929183445,0.109605152944634,0.98940083684347,0.987183793568976,-0.117446997668991,0.108047954415178,-0.128044770347483,-0.987012114001912,0.0970135227694412,0.98940083684347,8.34944797625873,130.991777230902,mildly_oval,prolate_like,253.556097560975,325.312195121951,73.780487804878,3.2523258866606,6.9421251698556,35.0204574563336
764508_R3557894_SWAN.nii.gz,764508_R3557894_SWAN,2,58,0.219766780734062,12.7464732825756,2.89821415053811,0.468797832727432,0.468801826238632,0.999970436096191,2.34398916363716,2.81281095743179,2.99991130828857,3.25447479503124,2.54079549778463,2.21477533388425,1.46943789071534,1.28088813045712,1.1472023635592,0.0624713698899877,0.152531610021786,0.986322176516492,0.207112609601412,0.964758136341691,-0.162314833908055,0.976320487794946,-0.214419789913777,-0.0286785425914599,0.986322176516492,9.48729468790117,67.7277878942394,mildly_oval,prolate_like,264.344827586206,190.344827586206,85.0689655172413,-3.74457131480349,71.0278904672455,35.7464789961432
764508_R3557894_SWAN.nii.gz,764508_R3557894_SWAN,3,172,0.219766780734062,37.7998862862587,4.16387123090385,0.468797832727432,0.468801826238632,0.999970436096191,3.75038266181945,3.75041460990905,3.99988174438476,4.40370396273388,3.5504287295942,3.36036931963396,1.31048213569976,1.24033019618934,1.0565590838036,-0.338250140800809,-0.000776963215490145,0.941055916817058,-0.72241478621341,-0.640638207242861,-0.260191398937177,-0.603078534610928,0.76784248628792,-0.216134674087062,0.941055916817058,19.7703533327776,-179.868391378387,mildly_oval,prolate_like,266.372093023255,188.60465116279,66.5174418604651,-6.16560107946047,68.5834299434669,17.4743514967172
764508_R3557894_SWAN.nii.gz,764508_R3557894_SWAN,4,228,0.219766780734062,50.1068260073661,4.57403437074904,0.468797832727432,0.468801826238632,0.999970436096191,3.75038266181945,3.75041460990905,5.99982261657714,5.87955732517854,3.74074084206675,3.14078712060051,1.87200122116343,1.57176280673057,1.19102018011062,-0.10336434997477,-0.0160473330887478,0.994514099575783,-0.696279446856371,0.715188766948139,-0.0608272925304506,0.710289196764021,0.698747100696624,0.0850984502114051,0.994514099575783,6.00427163695229,-171.175270047452,stretched_oval,prolate_like,273.486842105263,310.491228070175,61.469298245614,-7.31913573392913,11.3583009418777,22.535472134504
764508_R3557894_SWAN.nii.gz,764508_R3557894_SWAN,5,201,0.219766780734062,44.1731229275465,4.38584380117826,0.468797832727432,0.468801826238632,0.999970436096191,3.75038266181945,3.75041460990905,4.99985218048095,5.25012614481369,3.64815879500013,3.20858120766157,1.63627653627006,1.43911667222629,1.1370006114506,-0.112583282262174,-0.0970428039223311,0.988892157296218,-0.664330151421088,0.747435770213101,-0.00228458284628704,0.738911668921197,0.657208082431157,0.148617232914796,0.988892157296218,8.5478190161312,-139.239825334147,mildly_oval,prolate_like,286.532338308457,315.676616915422,67.9701492537313,-12.7975014141154,9.90495582457297,29.8460824036442
764508_R3557894_SWAN.nii.gz,764508_R3557894_SWAN,6,118,0.219766780734062,25.9324801266193,3.67238730268625,0.468797832727432,0.468801826238632,0.999970436096191,2.81278699636459,2.81281095743179,3.99988174438476,4.43047928029349,3.0563274810703,2.70793680747218,1.63610881467698,1.44960882226598,1.12865539278345,0.0684518855119306,0.202476213815413,0.976891868227408,0.610372673328507,0.76604507825847,-0.201544381538621,0.789151150936037,-0.610064194093497,0.0711487179180217,0.976891868227408,12.3412720191311,71.3209563843913,mildly_oval,prolate_like,298.330508474576,207.64406779661,70.5169491525423,-20.3776304034547,60.0301273207464,24.1813705796217
764508_R3557894_SWAN.nii.gz,764508_R3557894_SWAN,7,125,0.219766780734062,27.4708475917577,3.74361471522903,0.468797832727432,0.468801826238632,0.999970436096191,3.28158482909202,3.28161278367042,3.99988174438476,4.05878537991097,3.38270191403686,2.80270802942207,1.44816560886932,1.19986492545164,1.2069405298469,0.280061145426411,0.363240565872349,0.888606800630729,0.424157412522786,0.783573041813637,-0.453986538946804,0.861194661051972,-0.504053151411296,-0.0653771850718559,0.888606800630729,27.3013031688015,52.3675127078278,mildly_oval,oblate_like,356.688,199.168,109.656,-44.7699892401695,69.8893796852976,64.2291536120772
800416_R3621501_SWAN.nii.gz,800416_R3621501_SWAN,1,102,0.21977598965168,22.4171509444713,3.49832857865438,0.468800008296966,0.468800008296966,1.00001156330108,2.81280004978179,3.28160005807876,3.00003468990325,3.54263833651031,3.16866252981086,2.75909913105709,1.28398370925984,1.11802323635952,1.14844098718441,0.449489721346006,0.85410828952655,0.261644835925192,0.23711368548556,0.16831474355808,-0.956790074810787,0.861241017694666,-0.492106875447812,0.126865017153062,0.261644835925192,74.8323167039094,62.2436109736343,spherical,near_spherical,233.313725490196,271.029411764705,105.950980392156,10.1959061622619,26.1162572492863,74.6544238935389
825318_R3598560_SWAN.nii.gz,825318_R3598560_SWAN,1,102,0.307677775621414,31.3831331133842,3.91350499256898,0.468799948692321,0.468799948692321,1.39997732639312,2.3439997434616,3.28159964084625,5.59990930557251,5.87207375669113,3.1259197193172,2.38265845858561,2.46450503030841,1.8785107373051,1.31194620364213,-0.0514075634732572,0.120329292209616,0.991402099984701,-0.145404672605903,0.981234463517964,-0.126634943001465,0.988035800769442,0.150664491639361,0.0329464316268079,0.991402099984701,7.51874724377968,113.133337133048,stretched_oval,general_ellipsoid,302.85294117647,316.186274509803,37.6764705882353,-24.2770260474085,-0.681820239786137,13.7717308690406
825318_R3598560_SWAN.nii.gz,825318_R3598560_SWAN,2,87,0.307677775621414,26.767966479063,3.71140987674325,0.468799948692321,0.468799948692321,1.39997732639312,2.3439997434616,2.81279969215393,5.59990930557251,5.9570818399663,2.85775197962155,2.20368036363266,2.70324223888183,2.0845342361569,1.29680875084382,0.065543758830516,0.124603649623669,0.990039365974317,0.00965306102675644,0.992047236004289,-0.125495418040119,0.997803003649107,-0.0177823518329977,-0.0638196981511713,0.990039365974317,8.0936099234652,62.2548233628305,elongated,general_ellipsoid,342.71264367816,326.310344827586,44.5862068965517,-42.677332300662,-3.74154923891585,24.604275832231
825318_R3598560_SWAN.nii.gz,825318_R3598560_SWAN,3,170,0.307677775621414,52.3052218556404,4.63997323505234,0.468799948692321,0.468799948692321,1.39997732639312,3.75039958953857,3.75039958953857,5.59990930557251,5.87430055607838,3.60325746118134,3.41929158356299,1.71798760430872,1.63027499959785,1.05380233686495,0.0290022998119851,0.139826593612619,0.989751175965104,0.884413321470867,-0.465006232185269,0.0397778937819432,0.465802472525086,0.874195474563641,-0.137150752247172,0.989751175965104,8.21005874839456,78.2820826480952,mildly_oval,prolate_like,353.505882352941,199.623529411764,72.5588235294117,-46.6859561142128,61.1975936945308,53.8154172644895
825318_R3598560_SWAN.nii.gz,825318_R3598560_SWAN,4,145,0.307677775621414,44.613277465105,4.40036298026878,0.468799948692321,0.468799948692321,1.39997732639312,3.28159964084625,4.21919953823089,4.19993197917938,4.54507210945804,4.15337866091829,3.27670802136881,1.38708486682905,1.09430718470854,1.2675461572506,-0.0820001770666191,-0.0599836463115577,0.994825579253073,0.146019660986651,0.986692372004092,0.0715291663189294,0.985877390736995,-0.151129498126962,0.0721501575154611,0.994825579253073,5.8311732702875,-143.814294606746,mildly_oval,oblate_like,362.910344827586,193.524137931034,62.0413793103448,-51.512474631339,61.6645896815646,38.9526467706366
825318_R3598560_SWAN.nii.gz,825318_R3598560_SWAN,5,79,0.307677775621414,24.3065442740917,3.59397345729889,0.468799948692321,0.468799948692321,1.39997732639312,2.81279969215393,4.21919953823089,4.19993197917938,4.757762004548,3.11280043773268,2.49158330722606,1.9095335848292,1.52845069888691,1.24932625319208,0.0253824857546555,-0.264231234040301,0.964125294956238,0.185838960416088,0.948872026400066,0.255158300485992,0.982252314941727,-0.172695490598253,-0.0731891885366005,0.964125294956238,15.3935495280216,-84.5129100994438,stretched_oval,general_ellipsoid,402.354430379746,279.06329113924,49.0632911392405,-70.4707980486829,19.2280030120075,28.0058120612196
837097_R3676923_SWAN.nii.gz,837097_R3676923_SWAN,1,148,0.219775021076202,32.5267031192779,3.96047376841517,0.468801975250244,0.468799442052841,1.00000417232513,3.75041580200195,3.28159609436988,4.00001668930053,4.38868686714784,3.49099624011054,2.98200867573603,1.47172169647179,1.25714454135558,1.17068614471716,-0.434646422660317,-0.196725463650462,0.878852421752423,-0.90036419962764,0.117303472427412,-0.419027688089164,0.0206590246010781,0.973416142925512,0.228110099282232,0.878852421752423,28.4957599023409,-155.6480009777,mildly_oval,prolate_like,221.493243243243,303.601351351351,79.6554054054054,14.7740369874581,16.4683592555465,14.7157391154968
837097_R3676923_SWAN.nii.gz,837097_R3676923_SWAN,2,121,0.219775021076202,26.5927775502204,3.7032954319835,0.468801975250244,0.468799442052841,1.00000417232513,3.2816138267517,2.81279665231704,4.00001668930053,4.312683649588,2.96145882616225,2.89690050894169,1.48872342570146,1.45627000162511,1.02228530701047,-0.109821794852503,0.176291695827595,0.978192420415127,-0.658499731895904,0.724274939145564,-0.204460058736933,0.744524866252562,0.666593617212105,-0.036546860654292,0.978192420415127,11.9876424355543,121.921049118646,mildly_oval,prolate_like,250.685950413223,313.421487603305,82.4793388429752,0.963414217568626,13.1465105763367,18.5492925409666
837097_R3676923_SWAN.nii.gz,837097_R3676923_SWAN,3,41,0.219775021076202,9.01077586412429,2.5817916284975,0.468801975250244,0.468799442052841,1.00000417232513,2.81281185150146,2.3439972102642,2.00000834465026,2.58206355219619,2.41481030304895,1.90018246720161,1.35885031925317,1.06926144423686,1.27083074637839,0.771651638087779,-0.573751084148612,-0.274524029685451,-0.475245520853861,-0.806953676875787,0.350667161686104,-0.422723839338151,-0.140126574263912,-0.895359759448833,0.274524029685451,74.0663485440516,-36.6321458425799,mildly_oval,oblate_like,252.536585365853,196.195121951219,71.5121951219512,2.16552107145146,64.6856633351161,-3.43767224422586
837097_R3676923_SWAN.nii.gz,837097_R3676923_SWAN,4,51,0.219775021076202,11.2085260748863,2.77662115397917,0.468801975250244,0.468799442052841,1.00000417232513,2.81281185150146,3.28159609436988,2.00000834465026,3.07241175296757,2.46906669225459,1.96225342814329,1.56575685326982,1.24436158918091,1.25828124789714,0.0237940303698299,-0.945239655446459,0.325508583435549,0.995232331117774,-0.00840938120608419,-0.0971693851252083,0.0945856818796583,0.326268717592093,0.940532972683132,0.325508583435549,71.0036097980389,-88.558027409861,mildly_oval,general_ellipsoid,313.529411764705,363.156862745098,54.4117647058823,-29.9363929785641,-14.0908308829016,-3.87201778212671
853707_R3652484_SWAN.nii.gz,853707_R3652484_SWAN,1,67,0.307682752609252,20.6147444248199,3.40193839034337,0.468800008296966,0.468800008296966,1.39999973773956,3.28160005807876,2.81280004978179,2.79999947547912,3.58256398854668,2.96468192747433,2.60831568148333,1.3735162557123,1.20841428395616,1.13662696142222,-0.907556357437062,0.187488921257995,0.375751729844432,-0.224942250033142,-0.972645285054619,-0.0579839082077667,0.354601807984108,-0.137146104088057,0.924904591786563,0.375751729844432,67.929218052115,168.327665499731,mildly_oval,prolate_like,154.223880597014,279.447761194029,55.4179104477611,47.2450743539314,13.4873534816859,24.5866173386518
853707_R3652484_SWAN.nii.gz,853707_R3652484_SWAN,2,117,0.307682752609252,35.9988820552825,4.09666197271299,0.468800008296966,0.468800008296966,1.39999973773956,2.81280004978179,3.75040006637573,4.19999921321868,4.58147724257541,3.73751983716243,2.90589926918417,1.57661254509405,1.22580680295565,1.28618354971806,0.00388696495609966,0.00836490990781857,0.999957458987963,-0.00307325408456651,0.999960390563507,-0.00835298829209805,0.999987723231021,0.00304065557245741,-0.00391251848914932,0.999957458987963,0.528497671955856,65.0768823368236,mildly_oval,general_ellipsoid,202.333333333333,210.658119658119,79.9829059829059,27.6311448139305,54.0900398175685,51.008137324793
853707_R3652484_SWAN.nii.gz,853707_R3652484_SWAN,3,132,0.307682752609252,40.6141233444213,4.26474256140933,0.468800008296966,0.468800008296966,1.39999973773956,3.28160005807876,3.75040006637573,5.59999895095825,5.89816895978344,3.44488547303449,2.76946233833483,2.12971625507995,1.71215240853505,1.24388240466406,-0.234515809876502,0.272908052219464,0.933018504613786,0.0176548126812011,0.960822079730815,-0.276603034493372,0.971951975411933,0.0483955177214606,0.230146108716423,0.933018504613786,21.0896572260422,130.67318275426,stretched_oval,general_ellipsoid,230.780303030303,159.280303030303,61.6136363636363,13.2041125425744,71.4896258295259,20.8675233480294
853707_R3652484_SWAN.nii.gz,853707_R3652484_SWAN,4,309,0.307682752609252,95.0739705562591,5.66266673855213,0.468800008296966,0.468800008296966,1.39999973773956,5.15680009126663,6.09440010786056,5.59999895095825,6.42470041206831,5.13725468238377,4.15632436636365,1.54576492250272,1.25060967565017,1.23600908628753,-0.350778232435701,0.795765903428053,0.493671204943755,0.01463254547346,0.531761459888824,-0.846767759418055,0.936344231713023,0.289804031576927,0.19817442574537,0.493671204943755,60.4178338003857,113.788163819765,mildly_oval,general_ellipsoid,238.527508090614,353.637540453074,36.7734627831715,5.39875811888779,-25.216435673312,10.3093266356615
853707_R3652484_SWAN.nii.gz,853707_R3652484_SWAN,5,93,0.307682752609252,28.6144959926605,3.79486059088954,0.468800008296966,0.468800008296966,1.39999973773956,2.81280004978179,3.28160005807876,4.19999921321868,4.41821789283151,3.20867658818241,2.77601955475784,1.5915658393901,1.37695955681661,1.15585518217371,-0.106758189226152,0.184689976912013,0.976981218581704,-0.193295264648985,0.959994700696474,-0.202600876846486,0.975315143785551,0.2104751459506,0.066787597947835,0.976981218581704,12.3172969123395,120.029628977096,mildly_oval,prolate_like,236.698924731182,357.365591397849,73.9032258064516,9.53210414075843,-13.9987372812084,60.9350165177377
853707_R3652484_SWAN.nii.gz,853707_R3652484_SWAN,6,42,0.307682752609252,12.9226756095886,2.91150768048225,0.468800008296966,0.468800008296966,1.39999973773956,2.34400004148483,2.34400004148483,2.79999947547912,2.87606700808166,2.49714578526766,2.35658258906817,1.22043972548354,1.1517417305187,1.05964704859127,0.140181639628513,-0.486501182156895,-0.862360543897391,-0.223736530797577,-0.863997345651415,0.451054931792096,0.96451597845641,-0.12971193648717,0.229964651272802,0.862360543897391,30.4173331769294,-73.9260634057091,spherical,near_spherical,305.809523809523,202.0,60.5238095238095,-22.4186664155373,53.0223838261195,26.3971049993165
853707_R3652484_SWAN.nii.gz,853707_R3652484_SWAN,7,175,0.307682752609252,53.8444817066192,4.68504959783895,0.468800008296966,0.468800008296966,1.39999973773956,4.21920007467269,3.75040006637573,5.59999895095825,5.81112079983439,3.76760767347076,3.41915663092726,1.69957724289993,1.54239010626101,1.10191140101382,0.112201045028767,-0.264380730834345,-0.957869382879497,-0.262426239518536,-0.937616714794037,0.228051233171399,0.958406695670795,-0.225782473417077,0.17458201623035,0.957869382879497,16.6906486199803,-67.0040247699949,mildly_oval,prolate_like,347.097142857142,190.451428571428,51.5314285714285,-42.4167417991108,55.8406792690072,13.9641977093687
853707_R3652484_SWAN.nii.gz,853707_R3652484_SWAN,8,83,0.307682752609252,25.5376684665679,3.6536550378376,0.468800008296966,0.468800008296966,1.39999973773956,2.81280004978179,2.81280004978179,4.19999921321868,4.43521861990522,2.88840752009775,2.75473298856689,1.61003575965908,1.53552384455608,1.04852540412652,-0.031232897111464,0.351899865735872,0.935516429910827,0.436104818145469,0.846979557989208,-0.304036537177216,0.899353708908976,-0.398487280654578,0.179918852342347,0.935516429910827,20.6882614371778,95.0720006016692,mildly_oval,prolate_like,389.481927710843,318.554216867469,62.1204819277108,-62.5901701585894,2.14100000531556,44.4685934788536
886508_R3647922_SWAN.nii.gz,886508_R3647922_SWAN,1,49,0.307682752609252,15.0764548778533,3.06502158021072,0.468800008296966,0.468800008296966,1.39999973773956,2.81280004978179,2.81280004978179,2.79999947547912,2.8945709186235,2.83367277887614,2.42579975776855,1.19324396391487,1.0214908863865,1.16813960830913,0.0514783920862927,0.998250327526051,-0.0290905266769222,0.120008794361263,-0.035101502804787,-0.992152092058874,0.991437272057171,-0.0475832753704107,0.121605787201341,0.0290905266769222,88.3330004223722,87.0479506665697,spherical,near_spherical,313.34693877551,279.714285714285,80.5102040816326,-27.1853921458276,7.6188616205995,4.88315847762433
886508_R3647922_SWAN.nii.gz,886508_R3647922_SWAN,2,162,0.307682752609252,49.8446059226989,4.56604143427047,0.468800008296966,0.468800008296966,1.39999973773956,3.75040006637573,3.75040006637573,4.19999921321868,4.50395653003098,3.95365309769881,3.86253448977932,1.16606247580414,1.13918859817328,1.02359036745447,0.0973436234476264,-0.214999243668822,0.971750762385047,0.849212149826473,-0.491222183191366,-0.193751106649243,0.519001872406242,0.844082988788745,0.134762622697365,0.971750762385047,13.6511332725073,-65.6407591274122,spherical,near_spherical,345.314814814814,284.407407407407,58.037037037037,-42.2743230755268,8.81686522449469,-26.5844496091821
929578_R3560425_SWAN.nii.gz,929578_R3560425_SWAN,1,606,0.307687044143676,186.458348751068,7.08806574509288,0.468800216913223,0.468799829483032,1.40001916885375,6.0944028198719,6.56319761276245,9.80013418197631,8.6604676857229,5.83732054848317,5.19236025379978,1.66792504032923,1.4836375035072,1.12421331786665,-0.161237821162351,0.109747745367402,-0.980794472564761,-0.0730409943510064,-0.992399288700658,-0.0990387042051868,0.984209011425435,-0.0556694186533142,-0.168028383482577,0.980794472564761,11.2473000482661,145.758542182259,mildly_oval,prolate_like,321.199669966996,293.6600660066,34.2491749174917,-39.6449958872136,-1.45899022130218,-6.58924720582027
946303_R3563980_SWAN.nii.gz,946303_R3563980_SWAN,1,162,0.263741642236709,42.7261460423469,4.33742221471394,0.468801945447921,0.468801885843277,1.20005178451538,5.15682139992713,4.21921697258949,3.60015535354614,4.52207054910242,4.15654763914029,3.3473255961798,1.35095030918513,1.08793906426577,1.24175181640054,-0.784462527900774,0.46426364252201,0.411190725274441,0.596970995625346,0.385604337861853,0.703516115667725,-0.168060027078447,-0.797350967174628,0.579644082557628,0.411190725274441,65.720343725513,149.381940836826,mildly_oval,oblate_like,167.0,340.104938271604,88.2037037037037,38.8100122314544,-26.3293901491266,13.2854402505643
946303_R3563980_SWAN.nii.gz,946303_R3563980_SWAN,2,141,0.263741642236709,37.187571555376,4.14126541509319,0.468801945447921,0.468801885843277,1.20005178451538,3.75041556358337,3.28161320090293,4.80020713806152,5.00115075899168,3.57279443894336,3.01481002375758,1.65886099607641,1.39978687396041,1.18508111980147,0.209660101252265,-0.369665341839553,0.905201732756591,0.857862469667095,-0.374669485436836,-0.351702658248652,0.469163750815813,0.850276608948607,0.238568780847988,0.905201732756591,25.1495332133724,-60.4397439132,mildly_oval,prolate_like,293.148936170212,215.82269503546,83.3333333333333,-17.4457731941014,34.3347107379413,22.3067421653961
946500_R3573697_SWAN.nii.gz,946500_R3573697_SWAN,1,106,0.263727456331253,27.9551103711128,3.76548448911204,0.468798279762268,0.468797802925109,1.2000069618225,3.28158795833587,3.28158462047576,3.60002088546752,3.78047760440436,3.21499056095683,3.16672916540979,1.19381147137511,1.17589073209572,1.01524013991287,-0.0670996082977562,-0.11101787822339,0.99155064080513,0.705390922534908,0.697559236186811,0.12583623649737,0.705635379620125,-0.707874383436248,-0.0315050520252483,0.99155064080513,7.4534232547177,-121.14891767498,spherical,near_spherical,201.311320754716,358.103773584905,38.9056603773584,24.9279183661038,5.50511156395078,30.9249371860422
946500_R3573697_SWAN.nii.gz,946500_R3573697_SWAN,2,119,0.263727456331253,31.3835673034191,3.91352304044868,0.468798279762268,0.468797802925109,1.2000069618225,3.28158795833587,3.28158462047576,4.80002784729003,5.24362200244257,3.22509748098668,2.86840921529798,1.82805925126615,1.62588015815209,1.12435055074652,-0.0326925026474383,0.0387404577651299,0.998714362169081,0.947786161490036,-0.315955868281979,0.0432814207964932,0.317226405519196,0.947982629709178,-0.0263882816992974,0.998714362169081,2.90565128135106,130.16052750526,stretched_oval,prolate_like,204.890756302521,197.428571428571,64.1596638655462,15.9618644942881,79.0174950901888,64.248794586249
946500_R3573697_SWAN.nii.gz,946500_R3573697_SWAN,3,282,0.263727456331253,74.3711426854133,5.21757392021767,0.468798279762268,0.468797802925109,1.2000069618225,4.68798279762268,5.1567758321762,6.00003480911254,5.83064122896754,4.49609160094158,4.03027357138108,1.44671102983451,1.29682438581688,1.11557975440383,-0.0357219563769052,-0.03335406862234,0.998805009968884,-0.157004220662495,0.987219096720319,0.0273519608964008,0.986951678921905,0.155839536629996,0.0405021270574649,0.998805009968884,2.80132198076983,-136.963298714654,mildly_oval,prolate_like,241.726950354609,223.748226950354,61.7801418439716,-0.171819945863376,65.7029667379902,59.6627675777248
946500_R3573697_SWAN.nii.gz,946500_R3573697_SWAN,4,148,0.263727456331253,39.0316635370254,4.20861772273963,0.468798279762268,0.468797802925109,1.2000069618225,4.21918451786041,4.21918022632598,3.60002088546752,4.1729426202842,3.9007601875215,3.32136816558977,1.25639267080264,1.06977676649628,1.17444378131108,0.684630597512419,-0.688625680181706,-0.238905038758224,0.447289849467269,0.138126997407496,0.883658714182538,0.575510847433247,0.711839592310986,-0.402581245595462,0.238905038758224,76.178076116935,-45.1666846412507,spherical,near_spherical,246.202702702702,231.094594594594,52.9864864864864,-1.31297104151265,62.633760473565,48.8509535846627
946500_R3573697_SWAN.nii.gz,946500_R3573697_SWAN,5,54,0.263727456331253,14.2412826418876,3.00734667341053,0.468798279762268,0.468797802925109,1.2000069618225,2.8127896785736,2.81278681755065,2.40001392364501,3.00500359078335,2.55201873334237,2.41846859561271,1.24252330430697,1.17750060041593,1.05522095179235,-0.265290729972233,0.962427309071462,0.0579180744177863,0.948999641797439,0.250031937718528,0.192051321237446,-0.170354067926569,-0.10591366707929,0.979674326838611,0.0579180744177863,86.6796806738985,105.410738869,spherical,near_spherical,276.166666666666,299.37037037037,60.4814814814814,-13.6579062185353,29.3667468707318,55.4542289911596
946500_R3573697_SWAN.nii.gz,946500_R3573697_SWAN,6,243,0.263727456331253,64.0857718884944,4.96501996390342,0.468798279762268,0.468797802925109,1.2000069618225,3.75038623809814,4.68797802925109,6.00003480911254,6.40429546748375,3.99647739997559,3.5207265214797,1.81902667770745,1.60248509537996,1.13512860927804,-0.0427767114608944,-0.0503643583209719,-0.99781440376831,0.017042414444048,-0.998620052527066,0.0496744079054405,0.998939291982505,0.0148802587932984,-0.0435760121137281,0.99781440376831,3.78880041193543,-130.342739219398,stretched_oval,prolate_like,332.818930041152,279.633744855967,34.074074074074,-38.6173680202705,38.3250303842096,22.4098128040279
946500_R3573697_SWAN.nii.gz,946500_R3573697_SWAN,7,110,0.263727456331253,29.0100201964378,3.81226547733639,0.468798279762268,0.468797802925109,1.2000069618225,3.28158795833587,3.28158462047576,3.60002088546752,3.80227169684312,3.27352103776723,3.20457297162199,1.18651431267567,1.1615235255786,1.02151552383291,0.14195362427135,0.0147524848276252,-0.989763372098421,-0.0087723819742437,-0.999830924365537,-0.0161606929570631,0.989834437605969,-0.0109766513001544,0.141800208940285,0.989763372098421,8.20516392544951,5.93314666573966,spherical,near_spherical,337.3,315.918181818181,94.9181818181818,-44.406325944784,17.7495125805451,94.2975125287913
946500_R3573697_SWAN.nii.gz,946500_R3573697_SWAN,8,40,0.263727456331253,10.5490982532501,2.72106492983788,0.468798279762268,0.468797802925109,1.2000069618225,2.34399139881134,2.81278681755065,2.40001392364501,2.73850989435136,2.4974584520062,2.02640378963803,1.35141372531706,1.09651869970109,1.23245843931841,0.105989841819374,-0.97118109688527,0.213479344396189,-0.534659516337125,0.125352749778269,0.835718786263165,0.838394510371612,0.202716464984345,0.505965097415815,0.213479344396189,77.6736709363149,-83.7716748541397,mildly_oval,oblate_like,347.325,310.4,23.5,-43.5278594359755,24.1014273410663,8.66721346387639
953409_R3605795_SWAN.nii.gz,953409_R3605795_SWAN,1,95,0.30767622590065,29.2292414605617,3.82184415984624,0.468800038099288,0.468800067901611,1.39996969699859,2.81280022859573,3.28160047531127,5.59987878799438,5.41740098296474,3.01518510229581,2.54206259530849,2.13110447908042,1.79670593982434,1.18611756762421,-0.267152404947457,0.362782760700897,-0.89275879221043,-0.251890676164183,-0.92051040116397,-0.298683258001675,0.930150890873271,-0.145083665128715,-0.337298162343762,0.89275879221043,26.77801080787,126.367847129022,stretched_oval,prolate_like,185.263157894736,318.768421052631,82.2736842105263,37.5166079681072,-20.8529657555253,33.7044761588698
953409_R3605795_SWAN.nii.gz,953409_R3605795_SWAN,2,154,0.30767622590065,47.3821387887001,4.48957618944534,0.468800038099288,0.468800067901611,1.39996969699859,4.2192003428936,3.28160047531127,6.99984848499298,6.56365857707958,3.39905512243436,3.02821304524071,2.1675022460508,1.93102445846149,1.12246234715106,-0.493129293860714,0.0245890278055934,-0.869608463187892,-0.766422767549631,-0.485224789988817,0.420895526896962,0.411606172108724,-0.874043639008878,-0.258124148793016,0.869608463187892,29.5868277668187,177.145410654657,stretched_oval,prolate_like,215.850649350649,295.097402597402,80.9025974025974,22.8815327986361,-10.213683276788,35.955339402299
953409_R3605795_SWAN.nii.gz,953409_R3605795_SWAN,3,368,0.30767622590065,113.224851131439,6.00225412398285,0.468800038099288,0.468800067901611,1.39996969699859,4.68800038099288,5.62560081481933,9.79978787899017,7.73403338456339,4.85206182183441,4.30525873304268,1.79641546864652,1.59396843415309,1.12700818294497,0.146890336892866,-0.467174842656985,0.871877798384568,-0.249444149909842,0.835456032817563,0.489684422158286,0.957183809413456,0.289414725985323,-0.00618638663391338,0.871877798384568,29.3224095352945,-72.5456730180677,mildly_oval,prolate_like,224.5625,210.923913043478,53.2282608695652,14.245492703008,37.3182104089823,8.73420696901968
953409_R3605795_SWAN.nii.gz,953409_R3605795_SWAN,4,38,0.30767622590065,11.6916965842247,2.81595885355367,0.468800038099288,0.468800067901611,1.39996969699859,1.87520015239715,2.34400033950805,4.19990909099578,3.76080570962611,2.38151143820471,1.8499227343681,2.03295285784502,1.57916760310048,1.28735724685182,0.163563792702734,-0.152641472484272,0.974652485039939,-0.0823150176626916,0.982400831139137,0.167668854723596,0.983092632249823,0.107653090317764,-0.148120520391834,0.974652485039939,12.9278699456626,-43.0216833568375,stretched_oval,general_ellipsoid,223.342105263157,312.131578947368,54.3421052631579,15.7282501851502,-9.00757633620188,-1.54294696273771
953409_R3605795_SWAN.nii.gz,953409_R3605795_SWAN,5,141,0.30767622590065,43.3823478519916,4.35951466911613,0.468800038099288,0.468800067901611,1.39996969699859,3.28160026669502,3.75040054321289,6.99984848499298,6.136517122437,3.33198863295057,3.02561066809782,2.02819126305334,1.84169809637163,1.10126152980726,-0.223226337756917,0.249982727778023,-0.942166990476896,-0.120636091876074,-0.966210734376146,-0.227780047662597,0.96727293742175,-0.0628128377719574,-0.24584062305187,0.942166990476896,19.5812821632731,131.763803272734,stretched_oval,prolate_like,227.326241134751,297.439716312056,85.1134751773049,18.1482992574295,-12.9358714233476,41.8786814983749
953409_R3605795_SWAN.nii.gz,953409_R3605795_SWAN,6,140,0.30767622590065,43.074671626091,4.34918402691552,0.468800038099288,0.468800067901611,1.39996969699859,3.28160026669502,3.28160047531127,5.59987878799438,5.75897890222527,3.28918935547827,3.13697312398557,1.83583941417655,1.75088092530564,1.04852328199079,0.115717781575564,-0.275437999437724,0.954328718782461,-0.485202416007131,0.822678497512432,0.296274712440208,0.866711030579438,0.497326852478759,0.0384446521052972,0.954328718782461,17.383056559455,-67.211613988555,stretched_oval,prolate_like,229.014285714285,197.307142857142,47.4714285714285,11.2472300027829,45.3874883266432,2.7378635888653
953409_R3605795_SWAN.nii.gz,953409_R3605795_SWAN,7,63,0.30767622590065,19.3836022317409,3.33282074304074,0.468800038099288,0.468800067901611,1.39996969699859,2.34400019049644,2.81280040740966,5.59987878799438,5.19112270959061,2.45315950256143,2.11417052894503,2.45539450981797,2.11609669251851,1.16034135798191,0.123940896961078,-0.306879011430943,0.94364396167392,-0.421158888097107,0.844802516425265,0.33005135845554,0.89847862803591,0.438330903068339,0.0245392415938718,0.94364396167392,19.3271962974726,-68.0074272227329,stretched_oval,prolate_like,233.857142857142,204.126984126984,34.6031746031746,7.20507793217186,46.5996588984179,-15.209670741998
953409_R3605795_SWAN.nii.gz,953409_R3605795_SWAN,8,47,0.30767622590065,14.4607826173305,3.02271864652864,0.468800038099288,0.468800067901611,1.39996969699859,2.81280022859573,2.81280040740966,2.79993939399719,2.9750343661441,2.57953915129696,2.53059034699216,1.17562859183439,1.15332010551121,1.01934284004638,-0.761619310614185,0.309097925565323,-0.569556404678928,0.463559156852591,-0.354291229600554,-0.812151853243124,0.452823292022051,0.882573621314018,-0.126549868285079,0.569556404678928,55.2807017060076,157.910566607275,spherical,near_spherical,237.851063829787,316.468085106383,58.595744680851,9.60152051776172,-12.7077561369601,4.34185303604982
953409_R3605795_SWAN.nii.gz,953409_R3605795_SWAN,9,105,0.30767622590065,32.3060037195682,3.9514959286624,0.468800038099288,0.468800067901611,1.39996969699859,2.81280022859573,3.28160047531127,5.59987878799438,5.83288993468106,2.85162010457396,2.70530842952954,2.15609054812852,2.04546528667166,1.05408317715176,-0.154929234484439,0.380541243151416,-0.911693640738401,0.708118467850208,-0.600724527256664,-0.371077185827599,0.688886904935446,0.703077808363364,0.176398490910292,0.911693640738401,24.2595405159349,112.152645425221,stretched_oval,prolate_like,239.828571428571,199.733333333333,56.6190476190476,7.52688130874717,40.9511133213838,15.2868524053267
953409_R3605795_SWAN.nii.gz,953409_R3605795_SWAN,10,134,0.30767622590065,41.2286142706871,4.28614348145904,0.468800038099288,0.468800067901611,1.39996969699859,3.75040030479431,2.81280040740966,5.59987878799438,5.85216993978817,3.29707641344148,2.98154099843094,1.96280042530621,1.77495732762823,1.10582964150973,-0.174104045478981,0.20826766328169,-0.96245122566239,0.984517579390306,0.0166460657158178,-0.174493680022047,0.0203203646449691,0.977930206572723,0.207941323101797,0.96245122566239,15.7508465775537,129.894373016298,stretched_oval,prolate_like,248.388059701492,313.477611940298,59.4179104477611,4.78301219040277,-11.8308594057809,6.26651870381476
953409_R3605795_SWAN.nii.gz,953409_R3605795_SWAN,11,68,0.30767622590065,20.9219833612442,3.41875577023933,0.468800038099288,0.468800067901611,1.39996969699859,2.34400019049644,2.81280040740966,4.19990909099578,4.36874625689653,2.8379456849791,2.31525984777156,1.88693561161242,1.53940446429956,1.22575687895707,-0.187448858462687,0.134379258566086,-0.973039125795188,-0.000107415665905271,-0.990600905960767,-0.136783893684827,0.982274357765135,0.0255354650816532,-0.185701443451992,0.973039125795188,13.3347605318026,144.363832136246,stretched_oval,general_ellipsoid,249.235294117647,155.632352941176,38.1029411764705,0.171505061950639,67.1364512575023,-4.18260297836626
953409_R3605795_SWAN.nii.gz,953409_R3605795_SWAN,12,399,0.30767622590065,122.762814134359,6.16627284813754,0.468800038099288,0.468800067901611,1.39996969699859,6.09440049529075,6.56320095062255,9.79978787899017,9.50897313553224,5.07472281447738,4.00337326621774,2.37524020449784,1.87379163023537,1.26761170568334,-0.462918200043025,0.677356491468589,-0.571747254942503,-0.310485028950161,0.480247983807462,0.820341953606351,0.830244413932875,0.557270183586229,-0.0120064823752381,0.571747254942503,55.1278427555024,124.349437692098,stretched_oval,general_ellipsoid,252.972431077694,201.182957393483,53.7142857142857,0.994509600943189,41.0366541413137,11.7814286130114
953409_R3605795_SWAN.nii.gz,953409_R3605795_SWAN,13,252,0.30767622590065,77.5344089269638,5.2905231535243,0.468800038099288,0.468800067901611,1.39996969699859,6.56320053339004,5.15680074691772,5.59987878799438,6.27526931397865,5.1599924516107,3.63429702976423,1.72668036282817,1.21613924299827,1.41980482314772,0.651065010051939,-0.480813882717235,0.587309426854742,-0.558301259565209,0.220842198371978,0.799705212554058,-0.514212073228516,-0.84855567501762,-0.124656368234526,0.587309426854742,54.0336914659099,-36.4460028831829,mildly_oval,general_ellipsoid,253.904761904761,242.809523809523,35.547619047619,-1.72000150315996,28.3264379153649,-17.5258488470599
953409_R3605795_SWAN.nii.gz,953409_R3605795_SWAN,14,35,0.30767622590065,10.7686679065227,2.7398142526887,0.468800038099288,0.468800067901611,1.39996969699859,2.34400019049644,2.34400033950805,2.79993939399719,2.84191709941378,2.31849121440772,2.17756027618347,1.30509227712157,1.22576142698033,1.06471964967658,0.146519528560468,-0.381955586801416,0.912492168438504,-0.617158993180905,0.685605886045083,0.386082045886968,0.773076196041729,0.619721307307987,0.135272674188576,0.912492168438504,24.1479448710869,-69.0130078393108,mildly_oval,prolate_like,258.857142857142,260.771428571428,35.5428571428571,-3.8960179377081,20.0758064193385,-19.393410457032
953409_R3605795_SWAN.nii.gz,953409_R3605795_SWAN,15,104,0.30767622590065,31.9983274936676,3.93891146149664,0.468800038099288,0.468800067901611,1.39996969699859,3.28160026669502,3.28160047531127,5.59987878799438,4.93290265472861,3.23373247146829,2.82040281189893,1.74900643054151,1.52545168725377,1.14654986792154,0.0893448945617874,-0.235478798141641,0.967764033967738,-0.272118524757026,0.928911472939891,0.251147335093768,0.95810698687558,0.285785253409636,-0.0189153544451882,0.967764033967738,14.5875242249598,-69.2223531709073,mildly_oval,prolate_like,267.778846153846,221.25,49.7788461538461,-6.32121192755248,32.9872395866192,4.80128738563507
953409_R3605795_SWAN.nii.gz,953409_R3605795_SWAN,16,806,0.30767622590065,247.987038075923,7.79489231236577,0.468800038099288,0.468800067901611,1.39996969699859,7.50080060958862,9.84480142593383,11.1997575759887,13.7977587187293,5.77284449570458,4.93776187253633,2.79433457402471,2.39011439317235,1.16912168806943,-0.358026312534917,0.740040708754947,-0.569347792582113,0.327457762151818,0.670557196872802,0.665675941978237,0.874407555742271,0.0518921488046594,-0.48240919493026,0.569347792582113,55.2952421394458,115.81735945474,elongated,prolate_like,277.91811414392,253.906947890818,31.1253101736972,-13.4652624400113,24.3426428855057,-23.7148769050651
953409_R3605795_SWAN.nii.gz,953409_R3605795_SWAN,17,125,0.30767622590065,38.4595282375812,4.18795278492955,0.468800038099288,0.468800067901611,1.39996969699859,3.28160026669502,3.28160047531127,5.59987878799438,5.19023313182898,3.28932728106741,3.13709017487543,1.65447368182046,1.57790109901885,1.04852812565326,-0.239378143837864,0.224882737071623,-0.944524144116979,-0.276812587761939,0.916625880825132,0.288395190421215,0.930630375342045,0.33049167791145,-0.157169829553883,0.944524144116979,19.1742379180977,136.788339150111,mildly_oval,prolate_like,283.08,282.784,50.68,-12.8687338576018,4.43996923160554,-0.43198166614772
953409_R3605795_SWAN.nii.gz,953409_R3605795_SWAN,18,95,0.30767622590065,29.2292414605617,3.82184415984624,0.468800038099288,0.468800067901611,1.39996969699859,2.81280022859573,3.28160047531127,4.19990909099578,4.40164273970906,3.29008831857637,2.78558123439939,1.58015235217439,1.33784941725019,1.18111375749763,-0.245016181729415,0.300866660443204,-0.921654123478266,-0.0823302028049553,-0.953653286678003,-0.2894255457183,0.9660169814226,-0.00496602879513866,-0.258430900167091,0.921654123478266,22.8308858670691,129.158269052665,mildly_oval,prolate_like,283.38947368421,292.957894736842,50.8631578947368,-12.9110439912759,-0.249486453595906,-1.3497819174277
953409_R3605795_SWAN.nii.gz,953409_R3605795_SWAN,19,50,0.30767622590065,15.3838112950325,3.08570999489983,0.468800038099288,0.468800067901611,1.39996969699859,2.34400019049644,2.81280040740966,4.19990909099578,4.19975051578307,2.55355439579867,1.96299117669903,2.13946479517314,1.644668514872,1.30084863656531,0.0529764038541473,-0.352015293155946,0.934493838406126,-0.23639870776738,0.904786890789598,0.354226386963484,0.970210879964039,0.23967877594736,0.0352836046880131,0.934493838406126,20.8534756914293,-81.4415209997892,stretched_oval,general_ellipsoid,283.42,359.68,48.12,-12.8187483072281,-29.6165620106458,-12.7826754181086
953409_R3605795_SWAN.nii.gz,953409_R3605795_SWAN,20,90,0.30767622590065,27.6908603310585,3.75358229774811,0.468800038099288,0.468800067901611,1.39996969699859,4.68800038099288,4.2192006111145,4.19990909099578,5.2511364074596,3.75155437450503,2.50639372867008,2.09509637188803,1.39972285704973,1.49679371265249,-0.374070294693077,0.216633317699654,0.901743544634878,0.857395001682327,-0.289818597342023,0.425298708821063,-0.35347591957359,-0.93224202131053,0.0773277956782781,0.901743544634878,25.611796697152,149.923811422653,stretched_oval,general_ellipsoid,327.0,284.811111111111,17.7333333333333,-38.0312302725493,13.9547480089796,-43.1942423077093
953409_R3605795_SWAN.nii.gz,953409_R3605795_SWAN,21,173,0.30767622590065,53.2279870808124,4.66710036249188,0.468800038099288,0.468800067901611,1.39996969699859,3.75040030479431,4.2192006111145,5.59987878799438,5.29062254272746,3.89102091740163,3.65591354172058,1.44714104487206,1.35970036014621,1.06430878985458,0.214675881038063,-0.137136687945767,0.967009718110317,-0.228316385316139,0.955614279269323,0.186206813658209,0.949624080516445,0.260758275181892,-0.17383678444869,0.967009718110317,14.7581489509418,-32.5707691795775,mildly_oval,prolate_like,330.526011560693,262.976878612716,28.2196531791907,-38.3431118494437,20.217838888568,-26.3508392643463
953409_R3605795_SWAN.nii.gz,953409_R3605795_SWAN,22,217,0.30767622590065,66.765741020441,5.03328687240871,0.468800038099288,0.468800067901611,1.39996969699859,4.68800038099288,4.68800067901611,6.99984848499298,6.94425458727603,4.0507312143901,3.36982285354925,2.06071799292417,1.71432124713848,1.20206058016482,-0.170567124049465,0.160662620414813,0.972159646660434,0.732815478853979,-0.638868294359848,0.234155453521268,-0.65870200405457,-0.752352859277602,0.00876612749786993,0.972159646660434,13.5515121941501,136.712760459251,stretched_oval,general_ellipsoid,331.764976958525,318.617511520737,18.0829493087557,-39.95115367112,-1.61002482727924,-46.4275677388508
953409_R3605795_SWAN.nii.gz,953409_R3605795_SWAN,23,68,0.30767622590065,20.9219833612442,3.41875577023933,0.468800038099288,0.468800067901611,1.39996969699859,2.34400019049644,2.81280040740966,4.19990909099578,4.54385710723786,2.8301532929957,2.26668832529805,2.00462368669074,1.60551625188761,1.24858511044898,0.185979678124793,-0.310502230510232,0.932201654242668,-0.425391348497838,0.829781073037341,0.361255548680139,0.885693942594047,0.463736709434532,-0.0222374543291955,0.932201654242668,21.2193445416334,-59.0799065862863,stretched_oval,general_ellipsoid,335.867647058823,231.367647058823,19.0588235294117,-42.3758616600706,37.6066567932858,-34.8184054247377
953409_R3605795_SWAN.nii.gz,953409_R3605795_SWAN,24,117,0.30767622590065,35.998118430376,4.09663300574644,0.468800038099288,0.468800067901611,1.39996969699859,3.28160026669502,3.28160047531127,5.59987878799438,5.56363006239538,3.16965212933852,2.91060691789803,1.91150169683967,1.75528096944709,1.08900041082413,0.192024662586658,-0.287461709108893,0.938345509263338,-0.414868588430267,0.842726626910156,0.343068341049574,0.889387757557049,0.45516765932217,-0.0425654626994574,0.938345509263338,20.2244629132791,-56.2570434031609,stretched_oval,prolate_like,336.589743589743,256.401709401709,18.2136752136752,-42.6463604845568,26.5116975895869,-38.8279211203384
953409_R3605795_SWAN.nii.gz,953409_R3605795_SWAN,25,320,0.30767622590065,98.456392288208,5.72903882243777,0.468800038099288,0.468800067901611,1.39996969699859,6.09440049529075,5.15680074691772,6.99984848499298,6.46228873367372,4.9014960239119,4.69210717266756,1.37726793013548,1.31843190367747,1.04462576056746,-0.648553701238463,0.283814727893297,-0.706277068041107,0.717870236978073,-0.0804211026917971,-0.691516282601414,0.2530620861981,0.955500730754659,0.151584742162185,0.706277068041107,45.0671910032493,156.365247760825,mildly_oval,prolate_like,342.121875,187.2875,26.803125,-44.5168042658478,54.8598311882466,-18.9780085379024
953409_R3605795_SWAN.nii.gz,953409_R3605795_SWAN,26,73,0.30767622590065,22.4603644907474,3.50057504533,0.468800038099288,0.468800067901611,1.39996969699859,2.34400019049644,2.81280040740966,5.59987878799438,5.21726473083417,2.77952394142945,2.14863001200505,2.42818200513058,1.87703536316763,1.2936261366077,-0.250319929133294,0.249843028802619,-0.935370725454584,-0.110307483756873,-0.967197875910727,-0.228824229182587,0.961858717331152,-0.0458991262717706,-0.269668459597259,0.935370725454584,20.7118790255979,135.054630930743,stretched_oval,general_ellipsoid,339.0,221.383561643835,84.8082191780822,-34.5362735305313,19.5917868855064,55.2412953357378
953409_R3605795_SWAN.nii.gz,953409_R3605795_SWAN,27,124,0.30767622590065,38.1518520116806,4.17675499676874,0.468800038099288,0.468800067901611,1.39996969699859,3.75040030479431,4.68800067901611,5.59987878799438,5.33013741113104,4.33122542631959,2.45524957237503,2.17091470907988,1.23063033818128,1.76406727652125,0.288269676881416,-0.125806613185893,0.94924880272212,-0.483807379748868,0.836352920607022,0.257767747192386,0.826335895802196,0.533560201168339,-0.180229018301669,0.94924880272212,18.3322113827413,-23.5774124395282,stretched_oval,general_ellipsoid,345.241935483871,225.733870967741,24.8790322580645,-45.9592808196997,37.9965912339187,-25.8916233615769
953409_R3605795_SWAN.nii.gz,953409_R3605795_SWAN,28,115,0.30767622590065,35.3827659785747,4.07315608335462,0.468800038099288,0.468800067901611,1.39996969699859,3.28160026669502,3.28160047531127,5.59987878799438,5.41409082449786,3.21294261584043,2.79232026022616,1.93892187139714,1.68508793085981,1.15063542732028,0.23138195571672,-0.265901383957193,0.935819878276986,-0.034870683256717,0.959038730985902,0.281120522050882,0.972237844366241,0.0976788947449749,-0.212632094246106,0.935819878276986,20.6389918103989,-48.9708749224423,stretched_oval,prolate_like,351.686956521739,206.817391304347,29.3826086956521,-48.4635734702582,44.9254573767599,-17.3334694486597
953409_R3605795_SWAN.nii.gz,953409_R3605795_SWAN,29,71,0.30767622590065,21.8450120389461,3.46830984511623,0.468800038099288,0.468800067901611,1.39996969699859,2.81280022859573,3.28160047531127,4.19990909099578,4.0641422286596,2.99619127261752,2.53030622179101,1.60618592076294,1.35643617475365,1.18412200342168,-0.255946515134989,0.38550169930013,-0.886498630132594,0.0203645718836044,-0.914690824718025,-0.403640904008323,0.966476417509632,0.121363647824919,-0.226261351945878,0.886498630132594,27.5634888265156,123.58141527162,mildly_oval,prolate_like,354.901408450704,175.281690140845,24.2676056338028,-50.9270013750098,60.9373737464488,-20.4420893517598
953409_R3605795_SWAN.nii.gz,953409_R3605795_SWAN,30,227,0.30767622590065,69.8425032794475,5.10944495585607,0.468800038099288,0.468800067901611,1.39996969699859,4.2192003428936,4.68800067901611,5.59987878799438,5.49666464296048,4.35794019313791,4.06218173677239,1.35313114950092,1.26129877863299,1.07280778545386,-0.326978079100546,0.266137918911869,-0.906783294897395,-0.549159404335022,-0.834402146336697,-0.0468722393226143,0.769096407752708,-0.482642379309952,-0.418983352027151,0.906783294897395,24.935455822901,140.856754464104,mildly_oval,prolate_like,359.819383259911,197.704845814977,24.2334801762114,-53.057886051371,50.6711640677,-22.8677341541201
953409_R3605795_SWAN.nii.gz,953409_R3605795_SWAN,31,34,0.30767622590065,10.4609916806221,2.71346825305013,0.468800038099288,0.468800067901611,1.39996969699859,1.87520015239715,2.34400033950805,2.79993939399719,2.87255566225912,2.39484143522508,1.98904380123018,1.44418924333516,1.19947634945991,1.20401643932824,0.145743352862215,-0.00224272688141069,0.989319890264324,-0.307819234142954,0.950258367575307,0.0475010941427294,0.940216035913089,0.311454659668541,-0.137803486104773,0.989319890264324,8.38132676344557,-0.881608945695679,mildly_oval,oblate_like,360.470588235294,278.235294117647,17.5,-53.72097138173,16.3855469743995,-41.2600378288942
953409_R3605795_SWAN.nii.gz,953409_R3605795_SWAN,32,35,0.30767622590065,10.7686679065227,2.7398142526887,0.468800038099288,0.468800067901611,1.39996969699859,1.87520015239715,2.81280040740966,2.79993939399719,2.840797418174,2.53404676997521,1.97112817776264,1.44120379903375,1.12105169163937,1.28558193148632,0.097255233475474,-0.0627703347084169,0.993278060082988,-0.245900335561129,0.965552607994139,0.0850951594783138,0.964403673019008,0.25252335788261,-0.0784697979552387,0.993278060082988,6.64704346840658,-32.8389496101325,mildly_oval,oblate_like,389.542857142857,229.685714285714,65.5428571428571,-60.7895151203498,21.450889886277,30.5164321912186
957486_R3637163_SWAN.nii.gz,957486_R3637163_SWAN,1,45,0.307682573795318,13.8457158207893,2.97924073273491,0.468800008296966,0.468800008296966,1.39999890327453,2.34400004148483,2.81280004978179,2.79999780654907,2.93968390295281,2.58475456208531,2.38678430508203,1.23165042467119,1.13731645784625,1.08294434339196,0.12859501702328,0.578535013147439,0.805456740091778,0.0913040794867107,0.801843662363706,-0.590516982140431,0.987485132377124,-0.149479027591331,-0.0502904925854117,0.805456740091778,36.3456117321241,77.4682024384664,spherical,near_spherical,236.066666666666,199.644444444444,31.5777777777777,13.9880517300632,59.2733307035432,-16.6001303101579
957486_R3637163_SWAN.nii.gz,957486_R3637163_SWAN,2,104,0.307682573795318,31.9989876747131,3.93893855017082,0.468800008296966,0.468800008296966,1.39999890327453,3.75040006637573,4.21920007467269,4.1999967098236,3.91251493113039,3.85885484075246,3.14393287601404,1.24446516049375,1.0139057032701,1.22739733732636,-0.25402236407006,0.849801181014001,0.46185559572172,-0.140711704939716,0.439968050550315,-0.886920701409045,0.956907965608613,0.290286181624553,-0.00781524872417812,0.46185559572172,62.4930893319523,106.642444557257,spherical,near_spherical,252.355769230769,290.971153846153,30.4038461538461,7.4380187095286,16.4333038691144,-20.5849727770277
957486_R3637163_SWAN.nii.gz,957486_R3637163_SWAN,3,198,0.307682573795318,60.921149611473,4.88191060513913,0.468800008296966,0.468800008296966,1.39999890327453,4.21920007467269,6.56320011615753,6.99999451637268,7.79957209848729,4.29940373111907,2.86251470857347,2.7247273438026,1.81410553329383,1.50196738491578,-0.305807112502438,-0.795014954647625,0.523863753116738,0.262520102205468,0.458485109387256,0.849043344245855,0.915185885971233,-0.397168259503185,-0.0684993997218885,0.523863753116738,58.4082168755785,-111.039528167176,elongated,general_ellipsoid,262.469696969697,295.095959595959,42.1161616161616,1.53229319023888,13.7087165754326,-4.68565283948084
957486_R3637163_SWAN.nii.gz,957486_R3637163_SWAN,4,169,0.307682573795318,51.9983549714088,4.63088142290858,0.468800008296966,0.468800008296966,1.39999890327453,3.75040006637573,3.75040006637573,5.59999561309814,5.88738512365348,3.72221780423646,3.296565408662,1.78591485191948,1.58168743294729,1.12911996056744,-0.130335567183364,-0.00708159826062604,0.991444648426258,-0.408646697094542,0.911470818065669,-0.0472104307163265,0.903338539463866,0.411303779195833,0.121690937783029,0.991444648426258,7.50009347488197,-176.889973055015,mildly_oval,prolate_like,273.408284023668,221.781065088757,61.5798816568047,-6.36481201800808,46.7749062296466,23.4990232228108
964617_R3600371_SWAN.nii.gz,964617_R3600371_SWAN,1,156,0.219773381948471,34.2846475839614,4.03057514510379,0.468800008296966,0.468800008296966,0.999999701976776,3.75040006637573,3.75040006637573,4.99999850988388,4.68390738659644,3.28200144639007,3.17633726643616,1.47462532901985,1.42714970212714,1.03326604547648,-0.259174739941361,0.389331281901013,-0.883883254230806,0.238498321539293,0.91261153439971,0.332052311998495,0.935920405162355,-0.124745100961598,-0.329380714351664,0.883883254230806,27.8855940627821,123.651390766227,mildly_oval,prolate_like,297.25641025641,138.993589743589,57.0833333333333,-23.6467845391912,81.15501529167,-10.0089168464287
976199_R3560332_SWAN.nii.gz,976199_R3560332_SWAN,1,87,0.21977387368679,19.1203270107507,3.31766270774267,0.468799978494644,0.468799829483032,1.00000238418579,2.34399989247322,2.81279897689819,4.00000953674316,4.16281826488053,2.76264830488981,2.3794678909159,1.74947444374977,1.50682164556105,1.16103617764155,-0.0426556615193848,0.0745859861786765,0.996301874537079,-0.257723838184721,0.962638461498732,-0.0831000341437277,0.965276601690768,0.260315430025012,0.0218393937464702,0.996301874537079,4.92904043864535,119.765202167311,mildly_oval,prolate_like,177.954022988505,346.425287356321,52.7931034482758,32.4050277122135,-32.8268468870042,27.600096724435
976199_R3560332_SWAN.nii.gz,976199_R3560332_SWAN,2,43,0.21977387368679,9.45027656853199,2.62310272595997,0.468799978494644,0.468799829483032,1.00000238418579,1.87519991397857,2.34399914741516,3.00000715255737,3.0108061239452,2.3888831282646,1.86340545960845,1.61575469708983,1.26034048644832,1.28199856662788,-0.0079865789657819,-0.0116690104324314,0.999900019377913,0.119526972631116,0.992751753355745,0.0125402959587731,0.992798830262235,-0.119615176313966,0.00653392878100464,0.999900019377913,0.810212923168023,-124.388769109444,mildly_oval,general_ellipsoid,178.255813953488,319.0,49.2325581395348,32.1768627707348,-20.1460749478144,23.4594189551074
976199_R3560332_SWAN.nii.gz,976199_R3560332_SWAN,3,69,0.21977387368679,15.1643972843885,3.07096955169267,0.468799978494644,0.468799829483032,1.00000238418579,1.87519991397857,2.81279897689819,4.00000953674316,4.09938561486872,2.6024981994436,1.95210501836192,2.0999821097272,1.5751732761026,1.3331753030518,0.0175594412498885,0.0219439006842865,0.999604987605479,-0.075364557478574,0.996944032502045,-0.0205616034058449,0.997001429035611,0.0749737372772539,-0.0191595725325717,0.999604987605479,1.61048724183792,51.3333135015234,stretched_oval,general_ellipsoid,223.565217391304,297.405797101449,94.5217391304347,14.4888061829235,-7.59429109644522,69.658658389353
976199_R3560332_SWAN.nii.gz,976199_R3560332_SWAN,4,67,0.21977387368679,14.7248495370149,3.04100696245764,0.468799978494644,0.468799829483032,1.00000238418579,2.34399989247322,2.34399914741516,4.00000953674316,4.16988017511606,2.34448156056863,2.09717461718996,1.9883323691488,1.77859371779605,1.11792386830908,-0.20191165348806,-0.240467684383226,-0.949424550426776,0.593519223191883,-0.801157380614307,0.0766927844645487,0.779080622199924,0.548016554726762,-0.304485204661882,0.949424550426776,18.3001691928431,-130.018913751147,stretched_oval,prolate_like,241.029850746268,182.835820895522,86.3283582089552,6.45554653210425,45.81662913252,59.5734386845533
976199_R3560332_SWAN.nii.gz,976199_R3560332_SWAN,5,136,0.21977387368679,29.8892468214035,3.8503964627541,0.468799978494644,0.468799829483032,1.00000238418579,2.81279987096786,3.28159880638122,4.00000953674316,4.31326401469838,3.34351432056743,2.91475281510939,1.47980439107544,1.29003904310072,1.14710046877232,-0.0268788226487041,0.190350139621586,0.981348232402271,0.0614772306022792,0.980159442749189,-0.188435710275605,0.997746500374966,-0.0552656415473529,0.0380477312578004,0.981348232402271,11.083450299617,98.0374406263924,mildly_oval,prolate_like,241.60294117647,310.875,74.3455882352941,4.47598564756268,-14.6808531714521,50.4758636679856
976199_R3560332_SWAN.nii.gz,976199_R3560332_SWAN,6,202,0.21977387368679,44.3943224847316,4.39315240708038,0.468799978494644,0.468799829483032,1.00000238418579,5.15679976344108,5.15679812431335,5.00001192092895,7.452206578233,3.7788982399313,2.91651638537552,2.55517391076596,1.9720580193153,1.29568901408545,-0.635001930492799,0.584549520212542,0.505048915145558,0.281998892531322,-0.433257491309446,0.856016688409374,0.719200370468151,0.685995484419199,0.110277026052312,0.505048915145558,59.6654004868572,137.368955213342,elongated,general_ellipsoid,246.415841584158,272.539603960396,76.9504950495049,2.66580849738404,3.42736080974929,52.3920188502565
976199_R3560332_SWAN.nii.gz,976199_R3560332_SWAN,7,73,0.21977387368679,16.0434927791357,3.12920080726677,0.468799978494644,0.468799829483032,1.00000238418579,2.34399989247322,3.28159880638122,4.00000953674316,3.49714540902753,2.96355140258338,2.15883738076547,1.61992072223037,1.18005221909733,1.3727534222761,-0.0241386029174608,-0.0802993325445378,0.996478471941112,-0.0536939890516817,0.995434304876947,0.0789145120612589,0.998265637688141,0.0516000180915707,0.028339984898347,0.996478471941112,4.80984119352296,-106.731186035351,mildly_oval,oblate_like,244.150684931506,266.86301369863,85.3424657534246,4.38266615590004,6.45182229832375,60.549229876151
976199_R3560332_SWAN.nii.gz,976199_R3560332_SWAN,8,83,0.21977387368679,18.2412315160036,3.26601752695501,0.468799978494644,0.468799829483032,1.00000238418579,2.81279987096786,2.81279897689819,4.00000953674316,3.96150009995103,2.63125822452211,2.43598576782507,1.62624106933432,1.5055535268381,1.08016157535738,0.0134320871789555,0.074641725875218,0.99711994854801,0.96516133053029,0.259637105809253,-0.032437313945416,-0.261310514681319,0.962817317067658,-0.0685538392186811,0.99711994854801,4.34952710011576,79.7985717252279,mildly_oval,prolate_like,248.554216867469,183.180722891566,84.6746987951807,2.81346833562275,45.639859741419,58.1923241155693
976199_R3560332_SWAN.nii.gz,976199_R3560332_SWAN,9,187,0.21977387368679,41.0977143794298,4.28160253698182,0.468799978494644,0.468799829483032,1.00000238418579,3.75039982795715,4.21919846534729,5.00001192092895,4.74331011457,3.54130195015629,3.43915764976512,1.37920694472785,1.33942549416342,1.02970038328953,-0.00387474061457487,-0.237068290508837,0.97148526083538,0.865440161745038,-0.487513804083304,-0.115514575993456,0.500997318180339,0.840314772251114,0.207057409219435,0.97148526083538,13.7154402461494,-90.936382161114,mildly_oval,prolate_like,249.743315508021,283.994652406417,78.8983957219251,1.18081003045014,-1.82026713964016,54.6992048302137
976199_R3560332_SWAN.nii.gz,976199_R3560332_SWAN,10,37,0.21977387368679,8.13163332641124,2.49493779236466,0.468799978494644,0.468799829483032,1.00000238418579,1.40639993548393,2.34399914741516,3.00000715255737,3.20018835869827,2.29374542036254,1.52531800787488,2.09804666448333,1.39518027165911,1.50378177437126,0.102982893165347,0.115741077290948,0.987926377187503,0.0246391312587292,0.992605542757393,-0.118857686743923,0.994377914540598,-0.0365819561373136,-0.0993696309697181,0.987926377187503,8.91239367416364,48.3382841029059,stretched_oval,general_ellipsoid,248.054054054054,191.675675675675,80.027027027027,2.64842894270613,41.4451271311153,53.7322024368756
976199_R3560332_SWAN.nii.gz,976199_R3560332_SWAN,11,41,0.21977387368679,9.01072882115841,2.58178713553083,0.468799978494644,0.468799829483032,1.00000238418579,1.87519991397857,2.81279897689819,3.00000715255737,3.07045907495954,2.37646882555012,1.72299860945765,1.78204384966162,1.29202581660155,1.37926334502276,-0.167620850844356,0.134647712507516,-0.976613149552425,-0.00537911060076628,-0.990739197735798,-0.135672057694178,0.985836860505509,0.0174881556008977,-0.166792832227048,0.976613149552425,12.4157669021387,141.225526719116,mildly_oval,general_ellipsoid,249.70731707317,129.756097560975,54.1463414634146,0.357779601725127,69.2651488253528,26.642878786638
976199_R3560332_SWAN.nii.gz,976199_R3560332_SWAN,12,100,0.21977387368679,21.977387368679,3.47530143945192,0.468799978494644,0.468799829483032,1.00000238418579,2.81279987096786,3.28159880638122,4.00000953674316,3.97310754726666,2.85165331642356,2.68630447480388,1.47902353755216,1.39326457546023,1.06155253180366,0.0168612709026517,0.402499133915468,0.915265068021742,-0.302737977536198,0.874481850156697,-0.378987085141185,0.952924663601924,0.270695291691261,-0.136596649136584,0.915265068021742,23.7566016977296,87.6011994793293,mildly_oval,prolate_like,251.33,209.29,80.31,1.0245765465498,33.2367575482372,54.5146659453399
976199_R3560332_SWAN.nii.gz,976199_R3560332_SWAN,13,112,0.21977387368679,24.6146738529205,3.60909644530175,0.468799978494644,0.468799829483032,1.00000238418579,2.81279987096786,3.28159880638122,4.00000953674316,4.11928222580186,3.06516143452549,2.68268935466843,1.53550474214745,1.34390384121466,1.14257039458985,-0.0394175123942349,-0.182698797842215,0.982378444889574,0.143855641706374,0.97186294919945,0.186515313909058,0.9888133363107,-0.148672651285824,0.0120261670429919,0.982378444889574,10.7720798041964,-102.175021002802,mildly_oval,prolate_like,252.696428571428,289.035714285714,86.625,0.340017974376664,-3.80273839374006,62.6090178234236
976199_R3560332_SWAN.nii.gz,976199_R3560332_SWAN,14,40,0.21977387368679,8.79095494747161,2.56062399404223,0.468799978494644,0.468799829483032,1.00000238418579,1.87519991397857,2.34399914741516,3.00000715255737,3.00384204000488,2.26683949074837,1.82064077670258,1.64988177703304,1.32512339416373,1.2450778427878,0.0244920460770686,0.186120375443189,0.982221637678505,-0.0455711517107018,0.981702873778559,-0.184885742410491,0.998660808188004,0.0402327411420704,-0.0325256318843495,0.982221637678505,10.8200441914011,82.5033788949798,mildly_oval,general_ellipsoid,252.775,316.175,75.825,-0.67117404192686,-17.0048227316932,52.4504558141808
976199_R3560332_SWAN.nii.gz,976199_R3560332_SWAN,15,105,0.21977387368679,23.076256737113,3.53228372189235,0.468799978494644,0.468799829483032,1.00000238418579,2.81279987096786,2.81279897689819,5.00001192092895,4.93345807496683,2.82740546962951,2.36042578554788,2.09007125120086,1.74487109399745,1.19783705420471,0.0848748411682018,0.102358421286101,0.991120080983374,0.0546719085347625,0.992732435413746,-0.107206781943398,0.994890568732983,-0.0632855850040894,-0.0786618775319474,0.991120080983374,7.64124337490079,50.3347301215176,stretched_oval,prolate_like,256.723809523809,192.295238095238,85.7047619047619,-0.987965266477488,41.4850375249981,59.7000689711776
976199_R3560332_SWAN.nii.gz,976199_R3560332_SWAN,16,236,0.21977387368679,51.8666341900825,4.6269678432712,0.468799978494644,0.468799829483032,1.00000238418579,4.21919980645179,6.56319761276245,6.00001430511474,8.36606005061076,3.93185258064493,3.19014642923494,2.6224689794622,2.12776544364704,1.23249909302372,-0.345051091357212,0.689836003196737,-0.636447981414622,0.109625519752377,0.703073367233671,0.702616599366772,0.932159852049109,0.172667683659268,-0.318219863062513,0.636447981414622,50.4725385376579,116.573893734387,elongated,general_ellipsoid,257.911016949152,254.572033898305,49.3093220338983,-4.6389608168501,10.6658585511929,24.8552527291842
976199_R3560332_SWAN.nii.gz,976199_R3560332_SWAN,17,67,0.21977387368679,14.7248495370149,3.04100696245764,0.468799978494644,0.468799829483032,1.00000238418579,2.81279987096786,2.81279897689819,3.00000715255737,3.07348914233464,2.79519254833589,2.36344487853794,1.30042768090108,1.09956258439671,1.18267727490434,-0.189594241653591,-0.047490861466089,0.980713333043356,-0.0749965300697158,0.996612077598403,0.0337622164926503,0.978994149119034,0.0671489751388888,0.192513560895058,0.980713333043356,11.2711105592855,-165.937506766493,mildly_oval,general_ellipsoid,256.402985074626,311.522388059701,80.865671641791,-1.96392971188275,-14.5660425321852,57.494237509292
976199_R3560332_SWAN.nii.gz,976199_R3560332_SWAN,18,110,0.21977387368679,24.1751261055469,3.58748457116311,0.468799978494644,0.468799829483032,1.00000238418579,3.2815998494625,2.81279897689819,4.00000953674316,4.14358423795972,2.92819193378055,2.79979306443255,1.47996089089517,1.4150657920193,1.04586012837131,-0.359999864613872,-0.292449156102755,-0.885930916365819,-0.931696522761778,0.161950370971757,0.325136381870317,-0.0483909800645163,-0.942467807639548,0.330775973449552,0.885930916365819,27.6337012353546,-140.911005180212,mildly_oval,prolate_like,259.018181818181,227.281818181818,62.2363636363636,-4.0235852842981,24.04565669139,37.1702183041213
976199_R3560332_SWAN.nii.gz,976199_R3560332_SWAN,19,104,0.21977387368679,22.8564828634262,3.52103433449051,0.468799978494644,0.468799829483032,1.00000238418579,2.34399989247322,3.28159880638122,5.00001192092895,4.42185200382538,2.9754675172438,2.4402479570885,1.81205028406259,1.48610326888104,1.21932999005308,-0.0168802600490071,0.0927713208919784,0.99554434298058,0.0432170988543823,0.994823377335794,-0.0919713557191306,0.998923089725774,-0.0414720378829142,0.0208021846580999,0.99554434298058,5.41071793289231,100.312467033672,stretched_oval,general_ellipsoid,261.961538461538,308.528846153846,72.7596153846153,-5.14335517298717,-13.4912187112495,49.5441192969715
976199_R3560332_SWAN.nii.gz,976199_R3560332_SWAN,20,217,0.21977387368679,47.6909305900335,4.49930801093905,0.468799978494644,0.468799829483032,1.00000238418579,3.75039982795715,4.21919846534729,5.00001192092895,5.30372820488358,3.73468330678272,3.44991273124752,1.53735141090531,1.42012796513461,1.08254428378894,-0.0390344634511775,0.199135773959899,-0.979194186151281,0.998751970364716,-0.0227808511672406,-0.0444469854173775,0.0311578618598135,0.979707087016057,0.197998008310277,0.979194186151281,11.7080848397807,101.090462768287,mildly_oval,prolate_like,264.557603686635,294.815668202765,84.2672811059907,-5.41650949617684,-6.52179142176539,60.7953102024452
976199_R3560332_SWAN.nii.gz,976199_R3560332_SWAN,21,67,0.21977387368679,14.7248495370149,3.04100696245764,0.468799978494644,0.468799829483032,1.00000238418579,1.87519991397857,3.28159880638122,5.00001192092895,4.04685060166338,2.62405353105527,1.96567208154739,2.05876180450081,1.54221343191726,1.33493961464294,0.0177140261897982,-0.026410927509143,0.999494210180456,0.0732141689145452,0.997001659343823,0.0250474896110592,0.997158913486862,-0.0727334460463029,-0.0195945676127329,0.999494210180456,1.82238855351961,-56.1499178509544,stretched_oval,general_ellipsoid,264.641791044776,196.0,115.164179104477,-2.53177082538606,41.1644478598609,89.4014217559415
976199_R3560332_SWAN.nii.gz,976199_R3560332_SWAN,22,169,0.21977387368679,37.1417846530675,4.13956508367166,0.468799978494644,0.468799829483032,1.00000238418579,3.2815998494625,3.75039863586425,5.00001192092895,4.83477510671833,3.46491087119385,3.12497303740306,1.54714138293371,1.39535338323218,1.10878104537928,0.14093971439674,-0.0131474167695935,0.989930877555625,-0.123483968897649,0.991869901574822,0.0307539879566189,0.982286977583969,0.126575051974068,-0.138170365443217,0.989930877555625,8.1376410551104,-5.32935525720556,mildly_oval,prolate_like,268.207100591715,249.674556213017,48.3491124260355,-9.49162891736398,12.9978554707031,24.1447792020929
976199_R3560332_SWAN.nii.gz,976199_R3560332_SWAN,23,80,0.21977387368679,17.5819098949432,3.22618407095969,0.468799978494644,0.468799829483032,1.00000238418579,1.87519991397857,3.28159880638122,4.00000953674316,4.48069487749504,2.80733295579195,1.95021639512708,2.29753728288345,1.59606820710407,1.43949818225634,0.100550368920862,0.394472072772456,0.913390062959128,0.202559675703147,0.890698726995183,-0.406970951676155,0.974094041193618,-0.22593707427459,-0.00965595046197137,0.913390062959128,24.0218806028879,75.6999047483043,stretched_oval,general_ellipsoid,295.5,163.6125,109.425,-17.173481284827,56.314662291482,84.0315481011522
976199_R3560332_SWAN.nii.gz,976199_R3560332_SWAN,24,25,0.21977387368679,5.49434684216976,2.18930271914771,0.468799978494644,0.468799829483032,1.00000238418579,1.87519991397857,2.34399914741516,3.00000715255737,2.40721744682902,1.98331782801198,1.69478200805943,1.42036995636113,1.21373257116431,1.17024951797956,-0.385573867381877,-0.319111529231966,-0.865737041314173,0.158010380737493,-0.947264086563931,0.278789292989153,0.909046485264298,0.0293015736341163,-0.415663211520083,0.865737041314173,30.0330274192681,-140.38790818748,mildly_oval,prolate_like,312.64,366.08,64.8,-29.7938765335083,-40.3960324063896,44.6244628846645
976199_R3560332_SWAN.nii.gz,976199_R3560332_SWAN,25,47,0.21977387368679,10.3293720632791,2.70203995240047,0.468799978494644,0.468799829483032,1.00000238418579,2.34399989247322,2.81279897689819,2.00000476837158,3.00342434205125,2.32515147757078,1.95123788324362,1.53924048310221,1.29171125882478,1.19162891287534,-0.0628738279776281,0.995589478062726,-0.069630976772026,0.96065413547203,0.0792848167193964,0.266190814714287,0.270537453517852,-0.0501548502994331,-0.961402089261052,0.069630976772026,86.007207973496,93.6135650579419,mildly_oval,prolate_like,338.659574468085,213.468085106382,35.4255319148936,-43.1498295867696,29.9254445037507,12.8948280225171
976199_R3560332_SWAN.nii.gz,976199_R3560332_SWAN,26,252,0.21977387368679,55.3830161690712,4.72925422494725,0.468799978494644,0.468799829483032,1.00000238418579,4.21919980645179,4.21919846534729,5.00001192092895,4.81530288926341,4.15095701695266,3.88849773276267,1.23834529944351,1.16004643497813,1.06749631920282,-0.194665184803736,0.22731643382209,0.95416597337137,0.266112589080484,0.948530024203957,-0.171682506728327,0.944081328995658,-0.220494970686517,0.245137537198495,0.95416597337137,17.4142406901839,130.575497705036,spherical,near_spherical,348.654761904761,356.920634920634,74.8214285714285,-45.8285962698005,-35.3581612549448,55.6442089378685
976199_R3560332_SWAN.nii.gz,976199_R3560332_SWAN,27,88,0.21977387368679,19.3401008844375,3.33032566525376,0.468799978494644,0.468799829483032,1.00000238418579,1.87519991397857,2.81279897689819,5.00001192092895,5.16250873869807,2.68631859857384,1.92166199433534,2.68648115741272,1.92177828104188,1.39791420473139,0.0149161721021691,-0.0168336459702511,0.999747036091213,0.102286788397728,0.994638486280931,0.0152215153009295,0.994643112241319,-0.102033866790033,-0.0165580584241287,0.999747036091213,1.28877192705655,-48.4560790797407,elongated,general_ellipsoid,350.465909090909,173.454545454545,88.8977272727272,-44.4517176571217,51.2074510995827,65.6885799389247
976199_R3560332_SWAN.nii.gz,976199_R3560332_SWAN,28,47,0.21977387368679,10.3293720632791,2.70203995240047,0.468799978494644,0.468799829483032,1.00000238418579,1.87519991397857,2.81279897689819,4.00000953674316,3.74629323629616,2.32359167108781,1.65618637790869,2.26199978834911,1.612285533173,1.40297716614591,0.0297579438372676,-0.1348827584736,0.990414613303504,0.0767516556187293,0.988236396663505,0.132280035036718,0.996606064670671,-0.072079579466613,-0.0397603582171263,0.990414613303504,7.93944175850493,-77.5586580381088,stretched_oval,general_ellipsoid,353.31914893617,199.680851063829,86.4255319148936,-46.1374325993213,38.8369274143763,63.9014794179337
976199_R3560332_SWAN.nii.gz,976199_R3560332_SWAN,29,57,0.21977387368679,12.527110800147,2.88149209262218,0.468799978494644,0.468799829483032,1.00000238418579,1.87519991397857,2.81279897689819,3.00000715255737,3.20637668557231,2.73470372724161,1.96793825059917,1.62930756826138,1.17247680384245,1.3896288292628,0.0486620214819437,0.110315547907421,0.992704632584726,-0.061987751038722,0.992299768125398,-0.10723193973552,0.996889926915932,0.0563174046646876,-0.0551255253524314,0.992704632584726,6.9250927875256,66.1969270923131,mildly_oval,oblate_like,355.438596491228,163.649122807017,67.0350877192982,-48.3320806737531,54.8365394241715,43.8639451111095
976199_R3560332_SWAN.nii.gz,976199_R3560332_SWAN,30,41,0.21977387368679,9.01072882115841,2.58178713553083,0.468799978494644,0.468799829483032,1.00000238418579,2.34399989247322,2.34399914741516,3.00000715255737,2.74799198258487,2.37224694920796,1.93936691907166,1.41695310751215,1.15839203987694,1.22320687533615,-0.39985058163095,0.0445480951476592,0.915497121561889,0.232848453677001,0.970987528274502,0.054450138251454,0.886510637268171,-0.234944008551161,0.398622883006347,0.915497121561889,23.7235761803056,173.642787581613,mildly_oval,oblate_like,371.146341463414,149.926829268292,91.3170731707317,-53.78854349619,62.5012899306716,68.2914971378063
976199_R3560332_SWAN.nii.gz,976199_R3560332_SWAN,31,74,0.21977387368679,16.2632666528224,3.14342464277848,0.468799978494644,0.468799829483032,1.00000238418579,2.81279987096786,2.81279897689819,3.00000715255737,3.22917130536063,2.80555090298395,2.50260712154248,1.29032291068137,1.1509936611473,1.12105127442246,-0.118193716140049,-0.0766296627810988,0.990029363325684,-0.152996545655217,0.986517773236034,0.0580925133471392,0.98113317265424,0.144604902653649,0.128324275357205,0.990029363325684,8.09767955299065,-147.043062481683,spherical,near_spherical,373.256756756756,328.297297297297,75.0675675675675,-57.1267477241722,-21.7464316940262,56.1047566406227
976199_R3560332_SWAN.nii.gz,976199_R3560332_SWAN,32,61,0.21977387368679,13.4062062948942,2.94737746432081,0.468799978494644,0.468799829483032,1.00000238418579,1.87519991397857,2.81279897689819,3.00000715255737,3.22915182421025,2.78870066410614,2.06734026942335,1.56198371016637,1.15794135447136,1.34893162260318,0.0472069806612028,0.144528395806626,0.98837393924689,0.0649983775101726,0.986935563904676,-0.147422534306002,0.996768133468309,-0.0712020751503948,-0.0371961368475226,0.98837393924689,8.74531757928396,71.911526876327,mildly_oval,oblate_like,383.524590163934,229.868852459016,84.983606557377,-60.558658580311,24.8786535410088,64.1682932986343
979125_R3672970_SWAN.nii.gz,979125_R3672970_SWAN,1,320,0.219777345657348,70.3287506103515,5.12127495630155,0.468800008296966,0.468800008296966,1.00001776218414,5.62560009956359,5.15680009126663,5.00008881092071,5.20406028088298,4.4299776294313,4.32373517180039,1.20360292064697,1.17473737255667,1.02457191604236,-0.74363877021258,-0.58820226898274,-0.317835602474417,-0.143968563967975,-0.323356061003824,0.935261412868664,-0.652896953604257,0.741254982159072,0.155777467557518,0.317835602474417,71.4679183153345,-141.65676134144,spherical,near_spherical,276.890625,256.4375,24.475,-11.5207544409902,50.5507290155917,-51.8790182522177
985918_R3670890_SWAN.nii.gz,985918_R3670890_SWAN,1,144,0.307684868574142,44.3066210746765,4.39025759508817,0.468801170587539,0.468799918889999,1.4000060558319,3.28160819411277,3.28159943222999,7.00003027915954,6.82000310067934,3.12940674316672,2.95774952021513,2.30580820115669,2.17932779609786,1.05803642998785,-0.0303606832306748,-0.00698109805227464,0.999514628799274,0.562864142428945,0.826233023614793,0.0228680531765014,0.825991638021532,-0.563285234102883,0.0211555893362855,0.999514628799274,1.7852218760183,-167.050567681345,stretched_oval,prolate_like,257.048611111111,215.361111111111,53.4513888888888,-2.75397797477327,29.6222760623786,28.1429305420024
988318_R3657239_SWAN.nii.gz,988318_R3657239_SWAN,1,112,0.2197737544775,24.6146605014801,3.60909579275543,0.468800008296966,0.468800008296966,1.00000143051147,3.28160005807876,3.28160005807876,4.00000572204589,4.48152281793513,3.01788937879953,2.58915152296428,1.73088472350366,1.4849857815921,1.16559009854486,-0.410494538473946,-0.152068768500254,0.899093612217258,-0.769035603338151,-0.472078204561666,-0.430959870029865,-0.489978034896857,0.868341671477679,-0.076839227572668,0.899093612217258,25.9608188055574,-159.672720264272,mildly_oval,prolate_like,222.9375,197.294642857142,77.6607142857142,10.6115134048408,49.1037916737675,41.2579971531106
988318_R3657239_SWAN.nii.gz,988318_R3657239_SWAN,2,43,0.2197737544775,9.45027144253254,2.62310225168724,0.468800008296966,0.468800008296966,1.00000143051147,2.34400004148483,2.34400004148483,3.00000429153442,2.94251412352279,2.26605627471495,1.95963410493028,1.50156302960826,1.29851767423248,1.15636703250557,0.0881542249557483,0.10628701853583,0.990420063565563,-0.499559520752851,0.864928906764999,-0.0483556766831433,0.861782523521818,0.490511015098608,-0.1293438294597,0.990420063565563,7.93718063193609,50.3277606839795,mildly_oval,prolate_like,243.767441860465,197.813953488372,77.1860465116279,0.882437855178537,49.5796541474586,40.3862426505359
988318_R3657239_SWAN.nii.gz,988318_R3657239_SWAN,3,229,0.2197737544775,50.3281897753477,4.58076025459375,0.468800008296966,0.468800008296966,1.00000143051147,3.28160005807876,4.68800008296966,8.00001144409179,7.13832778869696,3.63357708498902,2.98679861713129,2.38995951978612,1.96454557636514,1.21654572362128,-0.161929558307539,-0.332561415463757,0.92907573592849,0.109984468147606,0.929552967476127,0.351901545069942,0.980653983274739,-0.159167162445857,0.113945511040675,0.92907573592849,21.7088055177934,-115.96220351836,stretched_oval,general_ellipsoid,329.283842794759,223.982532751091,33.117903930131,-38.3817056872959,37.5388452839187,-4.48097903315612
988318_R3657239_SWAN.nii.gz,988318_R3657239_SWAN,4,87,0.2197737544775,19.1203166395425,3.31766210788931,0.468800008296966,0.468800008296966,1.00000143051147,2.81280004978179,2.81280004978179,4.00000572204589,4.05794906395412,2.69410081533695,2.4072844567175,1.68569570273693,1.50623504541963,1.11914518777333,-0.127153426514319,0.12021451161096,0.984571214957966,-0.696799351559052,0.695609861071298,-0.174921653454489,0.705905567191923,0.708290471754708,0.00468378361385964,0.984571214957966,10.0777473646595,136.606781838448,mildly_oval,prolate_like,342.747126436781,209.333333333333,96.6436781609195,-46.4951828694206,49.0544489338223,58.1616338026634
