mask_file,case_id,component_id,voxel_count,voxel_volume_mm3,volume_mm3,equivalent_diameter_mm,spacing_x_mm,spacing_y_mm,spacing_z_mm,bbox_x_mm,bbox_y_mm,bbox_z_mm,axis_major_mm,axis_intermediate_mm,axis_minor_mm,elongation_major_minor,elongation_major_intermediate,elongation_intermediate_minor,major_vec_x,major_vec_y,major_vec_z,intermediate_vec_x,intermediate_vec_y,intermediate_vec_z,minor_vec_x,minor_vec_y,minor_vec_z,major_align_z_abs,major_angle_to_z_deg,major_angle_xy_deg,shape_class,shape_subtype,center_i,center_j,center_k,center_x_mm,center_y_mm,center_z_mm
10085033_R3519369_SWAN.nii.gz,10085033_R3519369_SWAN,1,77,0.219774395227432,16.9226284325122,3.18534442661231,0.468799471855163,0.46880167722702,1.00000190734863,3.28159630298614,3.28161174058914,3.00000572204589,3.39212753138692,2.68765377856259,2.54958142053668,1.33046448490077,1.26211477030389,1.0541549122196,-0.212035189131873,-0.656103038576518,0.724271966419017,0.0596780001973707,0.731047400662126,0.679711875928022,0.97543816557599,-0.187345938722482,0.115852856598093,0.724271966419017,43.5916823265291,-107.909463663902,mildly_oval,prolate_like,218,328,102,9.66975469142198,6.45144005864858,51.4136503543704
10085033_R3519369_SWAN.nii.gz,10085033_R3519369_SWAN,2,147,0.219774395227432,32.3068360984325,3.95152986573359,0.468799471855163,0.46880167722702,1.00000190734863,4.21919524669647,4.21921509504318,3.00000572204589,4.74573173237215,3.26576631345551,2.8212851132237,1.68211702891294,1.4531755419299,1.15754565114616,-0.60363380324132,-0.742600775654472,0.290121215325243,-0.765883918127354,0.641205221443197,0.0477251291027272,0.221467956007887,0.193390671934704,0.955799138140609,0.290121215325243,73.1347868547429,-129.106436138395,mildly_oval,prolate_like,231,317,122,2.82216348312795,10.3933532647788,71.4463120764121
10085033_R3519369_SWAN.nii.gz,10085033_R3519369_SWAN,3,133,0.219774395227432,29.2299945652484,3.82187698341476,0.468799471855163,0.46880167722702,1.00000190734863,4.21919524669647,3.28161174058914,5.00000953674316,5.35469912933241,2.79526811065077,2.673347500863,2.00299404682848,1.91562988499366,1.04560597144531,-0.528394459181444,0.231489441417788,-0.81683041937628,0.67527505572845,-0.468555770206732,-0.569613104937829,0.51459002576545,0.852565615491298,-0.0912632273407868,0.81683041937628,35.2312462631562,156.341789667578,stretched_oval,prolate_like,264,233,101,-13.9372569229453,49.9491905346512,51.8116230200976
10085033_R3519369_SWAN.nii.gz,10085033_R3519369_SWAN,4,53,0.219774395227432,11.6480429470539,2.81244980605097,0.468799471855163,0.46880167722702,1.00000190734863,2.34399735927581,3.28161174058914,3.00000572204589,4.08045857893454,2.01493473941497,1.94676353402709,2.09602168296919,2.02510706630591,1.0350177123191,-0.383605840864994,0.71029638060686,0.590191164412899,0.817343529554829,-0.0363560900249809,0.575002425571362,-0.429879184828847,-0.702963218394027,0.566609742270635,0.590191164412899,53.8294250194724,118.371906283508,stretched_oval,prolate_like,302,368,87,-28.3791744448244,-13.375583961606,34.4864237178117
10085033_R3519369_SWAN.nii.gz,10085033_R3519369_SWAN,5,37,0.219774395227432,8.13165262341499,2.49493976592413,0.468799471855163,0.46880167722702,1.00000190734863,2.34399735927581,3.28161174058914,3.00000572204589,3.76164892808054,1.78733667373879,1.72128284724559,2.18537524736271,2.10461128188671,1.038374766006,-0.222818177657055,0.681289366609675,0.697278178814006,0.973509098647796,0.117860658550227,0.195930855191473,-0.0513039428849688,-0.722463607464552,0.689502894362134,0.697278178814006,45.7909622313579,108.110521950841,stretched_oval,prolate_like,303,274,41,-29.7310687154531,32.7022384740412,-9.48136151116341
10196854_R3521023_SWAN.nii.gz,10196854_R3521023_SWAN,1,271,0.219774201512336,59.5588086098432,4.84524556983739,0.468800008296966,0.468797653913497,1.00000846385955,4.21920007467269,4.21917888522148,7.0000592470169,5.85406789887825,3.79502719332822,3.69189139255846,1.58565550185955,1.5425628330595,1.02793576240559,-0.125982894250149,-0.242910684000396,-0.961832994835805,-0.974293131892163,0.212830715149684,0.0738646047619128,-0.186765102479332,-0.946412957586345,0.2634792405647,0.961832994835805,15.8808136787849,-117.413004393162,mildly_oval,prolate_like,129,328,63,54.6028018593788,-4.67664418369531,42.3381804525852
10196854_R3521023_SWAN.nii.gz,10196854_R3521023_SWAN,2,105,0.219774201512336,23.0762911587953,3.532285478201,0.468800008296966,0.468797653913497,1.00000846385955,3.28160005807876,4.21917888522148,3.00002539157867,4.07314076880347,2.82700818337439,2.6953091539801,1.51119613228365,1.44079553527915,1.0488623092456,-0.165299929680609,-0.930786773999605,0.326055079081729,-0.954657051280844,0.0680095708096849,-0.289835492509193,-0.247600177074552,0.359180566882021,0.899824134310122,0.326055079081729,70.9704911126491,-100.070258290488,mildly_oval,prolate_like,171,287,75,34.9132015109062,13.3081173822283,56.1217311881482
10196854_R3521023_SWAN.nii.gz,10196854_R3521023_SWAN,3,193,0.219774201512336,42.4164208918809,4.32691601677197,0.468800008296966,0.468797653913497,1.00000846385955,4.21920007467269,4.21917888522148,5.00004231929779,4.97188001179507,3.44615680519273,3.40100340290171,1.46188622085855,1.44273180033576,1.01327649429944,-0.503497176592322,0.0657174446289544,0.861493941148166,0.614319165005998,-0.673904637821128,0.410444274694515,-0.607538111290059,-0.73588977204104,-0.298937596724622,0.861493941148166,30.515261395379,172.563680041611,mildly_oval,prolate_like,260,371,67,-6.8099992275238,-25.1251228526234,44.3917232565581
10196854_R3521023_SWAN.nii.gz,10196854_R3521023_SWAN,4,91,0.219774201512336,19.9994523376226,3.36774986152848,0.468800008296966,0.468797653913497,1.00000846385955,3.28160005807876,4.21917888522148,3.00002539157867,3.52175103859655,2.81165875395574,2.73697942625323,1.28672908711543,1.25255279775391,1.02728530839003,-0.175511623837701,-0.906704229214421,0.383514159611524,0.19357227999361,0.350172898729667,0.9164653367222,0.965259261709478,-0.235088029724915,-0.114053390848885,0.383514159611524,67.4484715950892,-100.955310229654,spherical,near_spherical,260,220,59,-6.8099992275238,46.1039688512682,43.1992844194173
10196854_R3521023_SWAN.nii.gz,10196854_R3521023_SWAN,5,311,0.219774201512336,68.3497766703367,5.07278153316498,0.468800008296966,0.468797653913497,1.00000846385955,5.15680009126663,4.21917888522148,7.0000592470169,6.80437862238006,3.79257691312452,3.62583081525566,1.87663985692621,1.79413068693029,1.04598838345332,-0.361988571098548,0.126343874328126,-0.923580803077776,0.0146287068452297,0.991420410901734,0.129890606987076,0.932067741813902,0.0335081224062683,-0.360731105399491,0.923580803077776,22.5446840343988,160.759621087062,stretched_oval,prolate_like,318,174,41,-34.0003997087478,69.2915102615952,27.3443356677889
10406108_R3511410_SWAN.nii.gz,10406108_R3511410_SWAN,1,87,0.3076813519001,26.7682776153087,3.71142425648906,0.468799769878387,0.468800067901611,1.39999377727508,3.28159838914871,5.15680074691772,4.19998133182525,4.19307535077598,3.30748219936363,2.85965187962578,1.46628873977649,1.26775447244515,1.15660308967274,-0.0512412460051024,-0.98193486369908,-0.182148999887764,0.0350096044529349,-0.18404266535766,0.982294571360392,0.99807247347269,-0.0439570333429862,-0.043807726667678,0.182148999887764,79.505041939269,-92.987210863558,mildly_oval,prolate_like,293,253,34,-19.5396634750068,-16.8813195824623,-77.1486664842814
10406108_R3511410_SWAN.nii.gz,10406108_R3511410_SWAN,2,17,0.3076813519001,5.23058298230171,2.153693139995,0.468799769878387,0.468800067901611,1.39999377727508,2.34399884939193,2.34400033950805,1.39999377727508,2.65193279918168,1.87519977842528,0.0,,1.41421347724809,,-0.669510152329751,0.72541568112077,0.159775609876729,0.741977413631376,0.663249874338328,0.0978218884048182,0.0350096213673694,-0.184042641184805,0.982294575286575,0.159775609876729,80.8061279390174,132.704940701442,elongated,general_ellipsoid,324,374,55,-35.9218131899833,-77.3534002900123,-57.9650505259633
10406108_R3511410_SWAN.nii.gz,10406108_R3511410_SWAN,3,57,0.3076813519001,17.5378370583057,3.22348610739753,0.468799769878387,0.468800067901611,1.39999377727508,3.28159838914871,3.28160047531127,4.19998133182525,3.37176296150106,2.8050912908254,2.74501216994051,1.22832350195887,1.20201541123779,1.02188665010042,-0.185079002090464,-0.169892335950029,0.96792683461646,-0.981386901491551,0.0833082376387508,-0.173030306947472,0.0512397557176951,0.981934993636018,0.182148718653255,0.96792683461646,14.5504422981927,-137.449779677232,spherical,near_spherical,328,330,53,-36.8344618380069,-56.5010849833488,-56.8760910332202
10406108_R3511410_SWAN.nii.gz,10406108_R3511410_SWAN,4,37,0.3076813519001,11.3842100203037,2.79105305653985,0.468799769878387,0.468800067901611,1.39999377727508,3.28159838914871,2.34400033950805,4.19998133182525,3.47044487229737,2.53415931147287,1.97986589098138,1.75286866050161,1.36946594343365,1.27996513451562,-0.714029008762172,-0.187686116648253,-0.674489804417833,-0.659390820532243,-0.143504673889125,0.737977068999972,0.235300489680585,-0.971689420642971,0.0212920024094114,0.674489804417833,47.5854568886007,-165.272667343747,mildly_oval,general_ellipsoid,334,288,69,-37.8487080708146,-41.1660717129707,-31.1631260253489
10406108_R3511410_SWAN.nii.gz,10406108_R3511410_SWAN,5,37,0.3076813519001,11.3842100203037,2.79105305653985,0.468799769878387,0.468800067901611,1.39999377727508,2.34399884939193,2.34400033950805,4.19998133182525,3.80837614263155,2.07792730044346,2.02544656420367,1.88026493018286,1.83277641225406,1.02591069898722,-0.021943222852388,0.410338245763714,-0.911669358393934,-0.0580513125990423,-0.910873328139934,-0.408582702997578,0.998072412240904,-0.0439579816055877,-0.0438081702058429,0.911669358393934,24.2629264588912,93.0610299600631,stretched_oval,prolate_like,410,247,48,-73.4531978555023,-15.3155339360237,-54.9805939383804
11332311_R3522519_SWAN.nii.gz,11332311_R3522519_SWAN,1,197,0.219776391983032,43.2959492206573,4.35661866462716,0.468800663948059,0.468802154064178,1.00000739097595,4.21920597553253,4.2192193865776,5.00003695487976,4.66387995309714,3.64333003004418,3.5243846150467,1.32331753270785,1.28011459698603,1.03374927199763,-0.532620099882345,-0.518728675011275,0.668757348312799,0.51389995142487,0.429614417320626,0.742521577030441,-0.672475032344574,0.739156285335723,0.0377533670267741,0.668757348312799,48.028771347368,-135.757002550028,mildly_oval,prolate_like,149,262,70,49.2002068723086,23.6551760286092,13.7015125402249
11332311_R3522519_SWAN.nii.gz,11332311_R3522519_SWAN,2,299,0.219776391983032,65.7131412029266,5.00669576245044,0.468800663948059,0.468802154064178,1.00000739097595,4.21920597553253,7.03203231096267,5.00003695487976,6.86212156877573,3.67199294404574,3.62140508732933,1.89487820425975,1.86877308135978,1.01396912399924,-0.431645237757342,-0.900778129688277,0.0477613839487206,0.63916970329373,-0.342787760931087,-0.688446542112935,-0.636509606457603,0.266637041746156,-0.723712794453742,0.0477613839487206,87.2624328024058,-115.603345457135,stretched_oval,prolate_like,247,284,110,2.40293529932387,17.1295382231473,53.5077472734265
11332311_R3522519_SWAN.nii.gz,11332311_R3522519_SWAN,3,169,0.219776391983032,37.1422102451324,4.13958089478879,0.468800663948059,0.468802154064178,1.00000739097595,3.28160464763641,4.2192193865776,7.00005173683166,6.06257301881345,3.01078474367965,2.80637300850492,2.16028767396221,2.01361888508974,1.07283840549892,-0.224981069145043,0.354968004263213,0.907403567590377,0.242478511354337,-0.881583457229871,0.404987381865177,0.94370953691151,0.311140360429209,0.112267475495996,0.907403567590377,24.8510258430469,122.366793306474,stretched_oval,prolate_like,295,362,95,-24.2679186085006,-15.8624254986643,37.1165085467509
11332311_R3522519_SWAN.nii.gz,11332311_R3522519_SWAN,4,117,0.219776391983032,25.7138378620147,3.66203726693266,0.468800663948059,0.468802154064178,1.00000739097595,4.21920597553253,3.28161507844924,5.00003695487976,5.18848978792576,2.73954417944651,2.49762491224233,2.07736948910699,1.89392448088718,1.09685972702241,-0.571051069775438,0.0502079158068815,0.819377715646853,0.763073393493754,-0.335564331195176,0.552372678335433,-0.302687416075155,-0.940678342909978,-0.153312045612479,0.819377715646853,34.9774508668733,174.975364795829,stretched_oval,prolate_like,304,347,101,-27.6227629511849,-8.64422933012247,43.4327065274119
11332311_R3522519_SWAN.nii.gz,11332311_R3522519_SWAN,5,99,0.219776391983032,21.7578628063201,3.46369150045403,0.468800663948059,0.468802154064178,1.00000739097595,4.21920597553253,3.28161507844924,3.00002217292785,4.00614781315163,2.87214714148363,2.55143158886413,1.57015686042168,1.39482680232121,1.12570023590649,-0.81253914079075,0.559967675044471,-0.161914630556716,-0.076126654570893,0.173451791713429,0.981895721762369,0.577914247226067,0.810154725257274,-0.0983079040384695,0.161914630556716,80.6819542723855,145.427028415581,mildly_oval,prolate_like,315,250,38,-27.4475488511379,39.7587770670652,-17.5643122070468
11672313_R3519410_SWAN.nii.gz,11672313_R3519410_SWAN,1,67,0.219772711396217,14.7247716635465,3.04100160158391,0.468800067901611,0.468799918889999,0.999996721744537,3.28160047531127,3.28159943222999,2.99999016523361,3.87563339786842,2.42255134482995,2.15944984365952,1.79473184304227,1.5998147598149,1.12183728274261,-0.663536702241242,-0.647171176822791,0.375351185782886,0.31481309783396,0.213602110049393,0.924806386231535,-0.678683842603462,0.731808449303675,0.0620051233104874,0.375351185782886,67.9539800787248,-135.715359102842,mildly_oval,prolate_like,128,242,67,60.6322746844962,24.913398951292,34.3740324378013
11672313_R3519410_SWAN.nii.gz,11672313_R3519410_SWAN,2,75,0.219772711396217,16.4829533547163,3.15751533969197,0.468800067901611,0.468799918889999,0.999996721744537,4.2192006111145,2.34399959444999,2.99999016523361,4.27941269056054,2.36162002992599,2.19552662814064,1.94915089423657,1.81206656292403,1.07565082548145,-0.835134703469988,-0.0320665291092593,-0.549109975115167,-0.448999934201299,0.616394094482901,0.646882817343166,-0.317724859190027,-0.786784632537703,0.529169968776751,0.549109975115167,56.6940250514127,-177.801103627451,stretched_oval,prolate_like,206,275,89,25.1873195501975,5.45513334870338,55.0007866807282
11672313_R3519410_SWAN.nii.gz,11672313_R3519410_SWAN,3,27,0.219772711396217,5.93386320769786,2.24618903411501,0.468800067901611,0.468799918889999,0.999996721744537,2.34400033950805,2.34399959444999,2.99999016523361,2.29923427792138,2.20654183040491,1.80959435639142,1.27057993400596,1.04200801735966,1.21935715737148,-0.609872695102155,-0.706117718656091,0.359795863190158,0.698074622701543,-0.693573026010198,-0.177899631059635,-0.375162787212339,-0.142668233994027,-0.915914110656722,0.359795863190158,68.9123401837913,-130.817117454053,spherical,near_spherical,212,265,45,19.963562014047,18.6214223206043,12.986055932939
11672313_R3519410_SWAN.nii.gz,11672313_R3519410_SWAN,4,49,0.219772711396217,10.7688628584146,2.73983078610935,0.468800067901611,0.468799918889999,0.999996721744537,2.34400033950805,2.34399959444999,2.99999016523361,3.16985592120596,2.19886652238244,2.10079353139165,1.5088850350306,1.44158633047515,1.04668378378232,-0.407975174454797,0.18196005429101,-0.894676922509455,0.0111344460256169,0.980857141615909,0.194410112527026,0.912925123512482,0.0693527676699439,-0.402191387869306,0.894676922509455,26.5330383727436,155.962762333104,mildly_oval,prolate_like,306,226,94,-21.0797828016802,27.0129553675651,67.0434708707034
11672313_R3519410_SWAN.nii.gz,11672313_R3519410_SWAN,5,55,0.219772711396217,12.0874991267919,2.84738337154098,0.468800067901611,0.468799918889999,0.999996721744537,2.34400033950805,2.34399959444999,4.99998360872268,4.03178460972028,2.06650092160862,2.01088529353343,2.00497990744953,1.95101999111707,1.0276572852037,-0.436361943481839,-0.0830177764910412,-0.895933202346712,0.232551165802985,-0.972308164188022,-0.0231687103005138,-0.869199752395514,-0.21846025414203,0.443584160893708,0.895933202346712,26.3714505952163,-169.22821922846,stretched_oval,prolate_like,386,220,67,-60.0054132509976,35.0295655429363,43.2950672321021
11879455_R3514826_SWAN.nii.gz,11879455_R3514826_SWAN,1,127,0.147718429565429,18.7602405548095,3.29670378594235,0.429702043533325,0.429701060056686,0.800019979476928,3.00791430473327,3.0079074203968,4.00009989738464,4.25272648491712,2.51788202316048,2.3967384126196,1.77438074281496,1.68900943165678,1.05054519504632,-0.17042868639138,-0.401305230416292,0.899948984607147,-0.916020708539674,0.401094845308352,0.00538391990480753,0.363125493984354,0.823454332132386,0.435961969110865,0.899948984607147,25.8486376986573,-113.010248624654,mildly_oval,prolate_like,127,190,58,49.8399503426626,61.0111071385908,32.7526779146865
11879455_R3514826_SWAN.nii.gz,11879455_R3514826_SWAN,2,277,0.147718429565429,40.918004989624,4.27535264816241,0.429702043533325,0.429701060056686,0.800019979476928,4.72672247886657,3.86730954051017,4.00009989738464,5.22302380404747,3.30296882969874,3.23913293557797,1.61247590263395,1.58131186618671,1.01970771048622,-0.741238070522052,0.449479642453509,0.498532018859981,0.667276705365233,0.41280675435506,0.619945466985411,-0.0728554821936118,-0.792185984841126,0.605915377041737,0.498532018859981,60.097073419452,148.767779990931,mildly_oval,prolate_like,251,195,20,-3.25823769485577,57.2509130353573,2.18557277973741
11879455_R3514826_SWAN.nii.gz,11879455_R3514826_SWAN,3,53,0.147718429565429,7.82907676696777,2.46360253933799,0.429702043533325,0.429701060056686,0.800019979476928,2.14851021766662,2.14850530028343,2.40005993843078,2.86755017699175,1.96760801930836,1.86330874340166,1.53895600347838,1.45737878116583,1.05597530536796,-0.440651723554634,-0.513413650043103,0.736364368012024,-0.869994328754921,0.0421058275575284,-0.491260589931627,-0.221214661500102,0.8571076497355,0.465220969327782,0.736364368012024,42.5773705114783,-130.638771954075,mildly_oval,prolate_like,265,170,51,-9.33851662557572,69.7211946051102,26.147746364586
11879455_R3514826_SWAN.nii.gz,11879455_R3514826_SWAN,4,189,0.147718429565429,27.9187831878662,3.76385272139723,0.429702043533325,0.429701060056686,0.800019979476928,5.58612656593322,3.0079074203968,4.00009989738464,5.63285064110113,2.63716510495592,2.56566454847793,2.19547432435888,2.13594917910733,1.02786824042153,-0.783999737484966,0.26537097255395,0.561179702545694,0.583078961600646,0.624983356744958,0.519051758816514,0.212986704191167,-0.73414852088496,0.644719018736231,0.561179702545694,55.8625786461464,161.299888400473,stretched_oval,prolate_like,281,325,46,-16.8029011511243,3.06294306623749,26.6703794794157
11879455_R3514826_SWAN.nii.gz,11879455_R3514826_SWAN,5,217,0.147718429565429,32.0548992156982,3.94123137248265,0.429702043533325,0.429701060056686,0.800019979476928,3.00791430473327,4.72671166062355,4.00009989738464,5.27407352618831,2.89651126186435,2.86740542074685,1.83931908896741,1.82083653380779,1.01015058453433,-0.214252850606652,0.684970958059419,-0.696355155522011,-0.418298304512269,0.579889289717529,0.699110105858197,0.88267901552551,0.441070513961271,0.162279257038152,0.696355155522011,45.8646958053635,107.369220673715,stretched_oval,prolate_like,353,197,35,-47.1724119302816,57.6012780487071,13.8989141108468
12218807_R3510919_SWAN.nii.gz,12218807_R3510919_SWAN,1,277,0.219776034355163,60.8779615163803,4.88075670777465,0.468800634145736,0.468801140785217,1.0000079870224,5.1568069756031,4.21921026706695,5.00003993511199,4.91547722806058,4.28996705272267,3.96811962181072,1.23874219946463,1.1458076874835,1.08110829853589,-0.862652734682102,-0.137855430561123,0.486647859966832,-0.471912718335714,-0.126863870924175,-0.87247002500208,-0.182012762240694,0.982293967465412,-0.0443837342116567,0.486647859966832,60.8795077697037,-170.920668350896,spherical,near_spherical,280,173,73,-11.1274572124239,70.3856954779475,37.984649632126
12218807_R3510919_SWAN.nii.gz,12218807_R3510919_SWAN,2,155,0.219776034355163,34.0652853250503,4.02196051678063,0.468800634145736,0.468801140785217,1.0000079870224,3.28160443902015,6.09441483020782,3.00002396106719,5.43268213515432,2.94897521130061,2.84626521750934,1.90870552109274,1.84222712837192,1.03608588305806,0.129860475013915,-0.972883633444949,0.191399301994846,-0.499603929112123,0.102536410736952,0.860164053241538,0.856464926920471,0.207325155849784,0.472741058833452,0.191399301994846,78.9655428685692,-82.3971020665251,stretched_oval,prolate_like,282,257,37,-13.7308154876809,27.5687349182553,6.24258458986878
12218807_R3510919_SWAN.nii.gz,12218807_R3510919_SWAN,3,203,0.219776034355163,44.6145349740982,4.40040432404464,0.468800634145736,0.468801140785217,1.0000079870224,6.09440824389457,4.21921026706695,3.00002396106719,6.02900396576157,3.28834961140579,3.02823645343365,1.99092906332509,1.83344372655805,1.08589592060329,-0.866130745943441,0.48443655555993,-0.123039646328691,0.499410950490827,0.848721197136947,-0.173956983361623,-0.0201552340920924,0.21211683848214,0.977036444238921,0.123039646328691,82.932438115639,150.781229724244,stretched_oval,prolate_like,297,237,45,-20.3838427176233,37.7629323017317,13.5347866229712
12218807_R3510919_SWAN.nii.gz,12218807_R3510919_SWAN,4,59,0.219776034355163,12.9667860269546,2.91481664356931,0.468800634145736,0.468801140785217,1.0000079870224,2.34400317072868,2.34400570392608,3.00002396106719,3.21841527022118,2.42562343473832,2.28222413305931,1.41020998928221,1.32684044197832,1.06283313702707,-0.0869388190890244,-0.165743544546443,0.982329231559657,-0.98784984076011,-0.113163526534868,-0.106520929269399,-0.128818996447069,0.979654578769156,0.153891430726329,0.982329231559657,10.7871559306947,-117.678726339633,mildly_oval,prolate_like,321,307,28,-32.4639690669719,3.48302511055953,0.441111598163843
12218807_R3510919_SWAN.nii.gz,12218807_R3510919_SWAN,5,89,0.219776034355163,19.5600670576095,3.34290400598405,0.468800634145736,0.468801140785217,1.0000079870224,4.21920570731163,3.28160798549652,3.00002396106719,4.35576248169747,2.50919456054014,2.43386315341931,1.78964970794602,1.73592058192562,1.03095137334036,-0.652507710063199,0.522858600714645,-0.548500293497461,0.716281895371725,0.661814097164778,-0.221229173385105,-0.247333650502244,0.537234571162999,0.806352950559828,0.548500293497461,56.7358124457164,141.294580025341,mildly_oval,prolate_like,366,224,36,-53.0602424070239,43.1703030741773,5.31879197061061
12326113_R3513111_SWAN.nii.gz,12326113_R3513111_SWAN,1,21,0.307685852050781,6.4614028930664,2.31087293687787,0.468799799680709,0.468799978494644,1.40001451969146,2.34399899840354,2.34399989247322,1.40001451969146,2.44496166251257,2.44496070548161,0.0,,1.00000039142999,,-0.010378575011295,-0.988265805754307,-0.152390886727276,0.99809272823113,-0.00096375999130277,-0.0617250112905384,0.0608538497785708,-0.15274085355094,0.986390916738215,0.152390886727276,81.2344925454115,-90.6016869982167,elongated,oblate_like,256,282,84,-0.504545183386653,7.86352920532226,77.9678871631622
12326113_R3513111_SWAN.nii.gz,12326113_R3513111_SWAN,2,49,0.307685852050781,15.0766067504882,3.06503187200553,0.468799799680709,0.468799978494644,1.40001451969146,3.28159859776496,4.21919980645179,4.2000435590744,4.84665710129365,2.29152438262263,2.04378318475689,2.37141451081571,2.11503623441557,1.12121696651262,-0.565092536760649,0.730153776039642,0.384117024137782,0.792891205781934,0.609307376866838,0.00824962358672961,0.228021842574531,-0.309224811149919,0.923247559150963,0.384117024137782,67.411065022983,127.737589836305,stretched_oval,prolate_like,290,217,56,-18.950433118036,43.7357750860974,44.9193834103643
12326113_R3513111_SWAN.nii.gz,12326113_R3513111_SWAN,3,99,0.307685852050781,30.4608993530273,3.87478877653697,0.468799799680709,0.468799978494644,1.40001451969146,5.1567977964878,3.2815998494625,4.2000435590744,5.78900940606675,2.72831718368732,2.6132386554875,2.21526242691631,2.12182419283189,1.04403674649392,-0.75646730006999,-0.0767473743631707,0.64951294402281,0.00788288731120881,0.991949169889568,0.126391077386956,-0.653984008988337,0.100730754408751,-0.749772119449493,0.64951294402281,49.4951100004593,-174.206880015857,stretched_oval,prolate_like,305,321,65,-24.9610492622014,-6.46688097575679,50.2903804201632
12326113_R3513111_SWAN.nii.gz,12326113_R3513111_SWAN,4,95,0.307685852050781,29.2301559448242,3.82188401696323,0.468799799680709,0.468799978494644,1.40001451969146,3.28159859776496,4.21919980645179,4.2000435590744,4.54076287155267,3.09365056904314,2.88974088502602,1.57133911039632,1.46776850527017,1.07056331073617,-0.411190731224508,0.684801445199269,-0.601638731472672,-0.355221873574475,0.487462636751352,0.797619958567774,0.839487702762401,0.541689171411438,0.0428163343397769,0.601638731472672,53.0126464816595,120.982815686176,mildly_oval,prolate_like,347,198,91,-42.684420606587,44.6732959602959,96.2053464259952
12326113_R3513111_SWAN.nii.gz,12326113_R3513111_SWAN,5,21,0.307685852050781,6.4614028930664,2.31087293687787,0.468799799680709,0.468799978494644,1.40001451969146,2.34399899840354,2.34399989247322,1.40001451969146,2.44496166251257,2.44496070548161,0.0,,1.00000039142999,,-0.010378575011295,-0.988265805754307,-0.152390886727276,0.99809272823113,-0.00096375999130277,-0.0617250112905384,0.0608538497785708,-0.15274085355094,0.986390916738215,0.152390886727276,81.2344925454115,-90.6016869982167,elongated,oblate_like,348,228,35,-47.8536748057231,42.7440997753292,16.7430297657847
12834338_R3518570_SWAN.nii.gz,12834338_R3518570_SWAN,1,147,0.219768613576889,32.3059861958026,3.95149521419147,0.468800038099288,0.468798369169235,0.99998140335083,3.28160026669502,3.28158858418464,4.99990701675415,4.8960302279503,3.0331339935984,2.97965719840683,1.64315218226046,1.61418197754653,1.01794729783686,0.0682342411401009,-0.00317059008020459,0.997664290076866,-0.378163096368811,0.925290745438045,0.0288046689177307,0.923220862459675,0.379245281796952,-0.0619375116868771,0.997664290076866,3.91680230341997,-2.66040705803165,mildly_oval,prolate_like,102,238,72,72.2612786078825,39.7424692250788,18.3410863187164
12834338_R3518570_SWAN.nii.gz,12834338_R3518570_SWAN,2,149,0.219768613576889,32.7455234229564,3.96933516357408,0.468800038099288,0.468798369169235,0.99998140335083,4.2192003428936,4.21918532252311,2.99994421005249,4.2186970647372,3.43475844400724,3.03495007222466,1.39003837438578,1.22823690035546,1.13173474431805,-0.781466966645398,-0.613939958931077,-0.111297380336399,-0.613317099890173,0.788619744275229,-0.0438296009744352,-0.114680055041604,-0.0340092012105241,0.992820154513734,0.111297380336399,83.6098907429115,-141.84593777833,mildly_oval,prolate_like,179,323,80,34.0320899374783,1.72459487058222,25.2733427202329
12834338_R3518570_SWAN.nii.gz,12834338_R3518570_SWAN,3,229,0.219768613576889,50.3270125091075,4.58072453692753,0.468800038099288,0.468798369169235,0.99998140335083,4.2192003428936,6.09437879920005,2.99994421005249,5.84936408787333,3.73623423299205,3.11554456548138,1.87747726438621,1.56557745663312,1.19922349190173,-0.407615621277121,0.909384444869,0.082882065135752,0.90748261267793,0.413511981637047,-0.0740482864747026,0.101611086885753,-0.0450307947176425,0.993804515258908,0.082882065135752,85.2457536728518,114.143470981908,stretched_oval,prolate_like,292,261,70,-17.2632704006973,33.8940350152552,16.0537318447604
12834338_R3518570_SWAN.nii.gz,12834338_R3518570_SWAN,4,83,0.219768613576889,18.2407949268817,3.26599147025121,0.468800038099288,0.468798369169235,0.99998140335083,3.28160026669502,3.28158858418464,4.99990701675415,5.15514095446295,2.34485678509371,2.09808122680435,2.45707405824077,2.19848861867993,1.1176196398579,-0.370216029992553,0.48974121960202,0.789362799325682,-0.334446413746132,-0.863027864482796,0.378587508323524,0.866651999056659,-0.123840393042774,0.483298944321325,0.789362799325682,37.8739960836658,127.087171323722,stretched_oval,prolate_like,323,337,56,-33.6975547065958,-0.502280687913298,1.10698909778147
12834338_R3518570_SWAN.nii.gz,12834338_R3518570_SWAN,5,17,0.219768613576889,3.73606643080711,1.92518287190036,0.468800038099288,0.468798369169235,0.99998140335083,2.34400019049644,2.34399184584617,0.99998140335083,2.65192839283744,1.87519716086627,1.08734158310605e-09,,1.41421310152386,,-0.744629603558537,-0.667210443184131,-0.0188938617093142,-0.667476312241876,0.744391286412464,0.0188940548633784,-0.00145811530415563,-0.0266802777202718,0.999642954599555,0.0188938617093142,88.9173970479285,-138.138707598582,elongated,general_ellipsoid,359,244,104,-48.2409043302759,42.6558007169514,50.2539081908762
12860513_R3525938_SWAN.nii.gz,12860513_R3525938_SWAN,1,315,0.219771653413772,69.2280708253383,5.09441752447891,0.46880030632019,0.468799531459808,0.999992191791534,5.15680336952209,5.15679484605789,6.99994534254074,6.37236830332549,3.95581614342034,3.78088777125779,1.68541588347796,1.61088586331914,1.04626648098162,-0.542649454780442,0.544450369165228,-0.639613449469548,0.628333547498313,0.768467880307592,0.12105399631462,-0.557430284712512,0.336200702633712,0.759105108159552,0.639613449469548,50.236998563569,134.905082590534,mildly_oval,prolate_like,188,188,92,25.0322279632091,70.1401493102312,44.2682561576366
12860513_R3525938_SWAN.nii.gz,12860513_R3525938_SWAN,2,173,0.219771653413772,38.0204960405826,4.17195599365768,0.46880030632019,0.468799531459808,0.999992191791534,4.21920275688171,6.0943939089775,2.9999765753746,5.81315852365149,3.01700387798815,2.91536794506329,1.99397078968887,1.92679849239302,1.03486212884276,-0.341334177899475,-0.939823165550763,0.0149464541557938,-0.245171619025648,0.104372314498276,0.963845058705296,-0.907403910186655,0.325328814371575,-0.266043805260625,0.0149464541557938,89.1435993700193,-109.960504721815,stretched_oval,prolate_like,284,178,110,-19.0708528906106,69.6023934781551,64.9088271558284
12860513_R3525938_SWAN.nii.gz,12860513_R3525938_SWAN,3,89,0.219771653413772,19.5596771538257,3.34288179372923,0.46880030632019,0.468799531459808,0.999992191791534,3.28160214424133,3.28159672021865,2.9999765753746,3.44473278465434,2.79855969012019,2.7236114114057,1.26476661473394,1.23089487668079,1.02751797793203,-0.102061572928723,0.777413303935592,-0.620654485358207,0.994679672196675,0.0885284475512603,-0.0526788733068375,-0.0139923211094154,0.622728888713306,0.782312562926009,0.620654485358207,51.6360557712701,97.4792196251492,spherical,near_spherical,298,237,21,-28.4949608072638,47.537567988038,-25.3868721574544
12860513_R3525938_SWAN.nii.gz,12860513_R3525938_SWAN,4,79,0.219771653413772,17.361960619688,3.21267441616963,0.46880030632019,0.468799531459808,0.999992191791534,3.28160214424133,3.28159672021865,2.9999765753746,2.93517454667654,2.81681296016772,2.81679385200635,1.04202675129593,1.04201968259254,1.0000067836563,-0.0588202315274284,0.0674543053419872,-0.995986996428111,0.734992969175639,0.678070057635685,0.00251638636052599,-0.675518701166323,0.731895425336686,0.0894626779489347,0.995986996428111,5.13473158210163,131.088465470553,spherical,near_spherical,317,169,31,-39.4625325277447,77.7552661113441,-12.6524170860648
12860513_R3525938_SWAN.nii.gz,12860513_R3525938_SWAN,5,337,0.219771653413772,74.0630472004413,5.21035904344884,0.46880030632019,0.468799531459808,0.999992191791534,4.21920275688171,5.15679484605789,6.99994534254074,6.00529854201979,4.13799567206319,4.09202451653469,1.46756172103908,1.45125781125468,1.01123433042562,-0.00155327382797954,0.524921263824325,0.851149372393287,-0.102767571614318,0.846560093170371,-0.52227850317227,0.99470418394863,0.0882817956118033,-0.0526299439354115,0.851149372393287,31.6630976234604,90.1695411886601,mildly_oval,prolate_like,322,206,71,-37.9743526354432,57.6118104457855,26.056309595704
12936278_R3516354_SWAN.nii.gz,12936278_R3516354_SWAN,1,49,0.219778716564178,10.7691571116447,2.73985574066974,0.4688001871109,0.468799889087677,1.00002384185791,2.3440009355545,3.28159922361373,3.00007152557373,3.02102223113214,2.53280072270574,1.95097668092534,1.54846660171216,1.19275954245024,1.29822193543822,0.180673548614745,0.832474424626946,0.523778007530851,0.236824701087463,0.480051631840164,-0.844668273183283,0.954605221956065,-0.276652784387993,0.110417874932372,0.523778007530851,58.4139843047659,77.7548880369974,mildly_oval,oblate_like,159,311,85,45.2211579643189,2.55231931246817,54.7574946843087
12936278_R3516354_SWAN.nii.gz,12936278_R3516354_SWAN,2,155,0.219778716564178,34.0657010674476,4.02197687842943,0.4688001871109,0.468799889087677,1.00002384185791,3.2816013097763,6.0943985581398,5.00011920928955,6.47623287521411,2.73348187101752,2.65280600975432,2.44127646401625,2.36922474002118,1.03041151933709,0.057315317944171,0.717391023273361,-0.694309062345982,0.340723742085953,-0.66775318737,-0.661825515023522,0.93841477285255,0.198634842069575,0.282704640230916,0.694309062345982,46.0278160488352,85.4321072096936,stretched_oval,prolate_like,169,277,58,41.4248190373182,15.8544438984245,26.2318662889301
12936278_R3516354_SWAN.nii.gz,12936278_R3516354_SWAN,3,127,0.219778716564178,27.9118970036506,3.76354324379259,0.4688001871109,0.468799889087677,1.00002384185791,3.2816013097763,5.15679877996444,3.00007152557373,4.97158806597764,2.82267298317652,2.67901239293524,1.85575403797611,1.76130500968724,1.0536244590059,-0.31073666640573,0.912243724821214,-0.266934656190182,-0.375343806272901,0.140243535929821,0.916214373235036,0.873246672620986,0.384893669932642,0.298826223083179,0.266934656190182,74.5180578638901,108.810331582296,stretched_oval,prolate_like,296,319,69,-17.7757914103567,-5.54385323822498,35.7615688703954
12936278_R3516354_SWAN.nii.gz,12936278_R3516354_SWAN,4,155,0.219778716564178,34.0657010674476,4.02197687842943,0.4688001871109,0.468799889087677,1.00002384185791,6.09440243244171,3.28159922361373,3.00007152557373,5.36261071110065,3.08455796686978,2.77563035384015,1.93203345815891,1.73853458702954,1.11129998366036,-0.946536131489304,-0.0141434134129492,-0.322287628745336,-0.106038949475351,-0.929884535976337,0.352236413430291,-0.30467210732101,0.367579533719032,0.878669558714464,0.322287628745336,71.1986724726478,-179.143933794451,stretched_oval,prolate_like,378,328,67,-55.8325326777994,-11.6972330845892,32.103697925806
12936278_R3516354_SWAN.nii.gz,12936278_R3516354_SWAN,5,91,0.219778716564178,19.9998632073402,3.36777292377598,0.4688001871109,0.468799889087677,1.00002384185791,3.2816013097763,3.28159922361373,3.00007152557373,3.82920988734545,2.75714933875741,2.55256469710073,1.50014214789335,1.38882933670585,1.08014866063495,-0.673298026195383,0.457130249297547,-0.581121074388602,-0.194098887704243,0.649119135267638,0.735506607734674,0.713439128246675,0.608010101401741,-0.348322159616737,0.581121074388602,54.4705682722418,145.825773389872,mildly_oval,prolate_like,434,291,66,-82.6821395158767,4.2611245624721,28.1655158810317
13002316_R3496667_SWAN.nii.gz,13002316_R3496667_SWAN,1,79,0.307691931724548,24.3076626062393,3.5940285754373,0.468800157308578,0.468800008296966,1.40004098415374,4.2192014157772,5.15680009126663,4.20012295246124,5.35093544963452,2.73174456891846,2.53054446770867,2.11453919024771,1.95879787243542,1.07950862108025,-0.65036454572958,-0.759439624111476,-0.0166557793986294,-0.746792482820476,0.643239226969983,-0.168950538590102,-0.139021384185256,0.0974410294305075,0.985483790086238,0.0166557793986294,89.0456500073236,-130.575898735195,stretched_oval,prolate_like,168,219,79,41.0136460121721,43.6154438084922,60.001382946968
13002316_R3496667_SWAN.nii.gz,13002316_R3496667_SWAN,2,151,0.307691931724548,46.4614816904068,4.46030760767935,0.468800157308578,0.468800008296966,1.40004098415374,4.2192014157772,5.15680009126663,4.20012295246124,4.82588754261523,3.72780148959883,3.50956539474732,1.37506699542855,1.2945666651189,1.06218322507343,-0.16542843195767,0.833733202688903,-0.526803929972176,-0.0144679385478338,-0.536157873771118,-0.843993728144593,0.98611566900349,0.131998792143474,-0.100758157081506,0.526803929972176,58.2102374944129,101.222800397312,mildly_oval,prolate_like,224,153,40,19.9996552634984,75.4909473396837,3.69648218154907
13002316_R3496667_SWAN.nii.gz,13002316_R3496667_SWAN,3,135,0.307691931724548,41.538410782814,4.2968522275664,0.468800157308578,0.468800008296966,1.40004098415374,4.2192014157772,4.21920007467269,4.20012295246124,4.29601928140728,3.6762460170664,3.55646706619321,1.20794575106404,1.16858862586009,1.03367919585472,-0.5294317747267,-0.43558325591388,0.727989850943815,0.514854832747575,0.51705137217216,0.683799955931083,-0.674259962556135,0.736834517176243,-0.0494812812227975,0.727989850943815,43.2818601834463,-140.554595145469,spherical,near_spherical,228,331,70,11.6000508274883,-7.67084365431219,45.4635137915611
13002316_R3496667_SWAN.nii.gz,13002316_R3496667_SWAN,4,71,0.307691931724548,21.8461271524429,3.46836885924885,0.468800157308578,0.468800008296966,1.40004098415374,3.28160110116004,4.21920007467269,4.20012295246124,3.98923549547032,3.10586644899201,2.64611280617845,1.50758330716506,1.28441952060269,1.17374680389289,0.465773190393394,0.85560202213162,0.225832935673788,0.255749155299264,0.114158040122592,-0.959979328651967,0.847140900130829,-0.504889217155259,0.165647739875547,0.225832935673788,76.9481373996544,61.4369824210606,mildly_oval,prolate_like,230,226,81,11.7090880461037,41.5941819683648,60.7605952322483
13002316_R3496667_SWAN.nii.gz,13002316_R3496667_SWAN,5,23,0.307691931724548,7.07691442966461,2.38203665788914,0.468800157308578,0.468800008296966,1.40004098415374,2.34400078654289,2.34400004148483,1.40004098415374,2.82697086861975,2.33117993783056,0.0,,1.2126781046557,,-0.674262475108383,0.736832088263312,-0.0494832129741209,0.73517483003013,0.676069070706372,0.0494831377783408,-0.0699148335540155,0.00301418973304085,0.99754841020843,0.0494832129741209,87.1636624319239,132.461099987085,elongated,general_ellipsoid,392,316,69,-64.6227444335818,2.65382790984585,38.6866341829299
13528058_R3508046_SWAN.nii.gz,13528058_R3508046_SWAN,1,171,0.219782397150993,37.5827899128198,4.15588445676494,0.468800067901611,0.468800038099288,1.00004053115844,6.09440088272094,3.28160026669502,5.00020265579223,6.86205476544201,2.74974122016514,2.73519718936503,2.50879709591797,2.49552747550182,1.00531736097735,-0.89320075066548,-0.185361153290483,-0.40967506863543,-0.413233388043498,-0.0208370036369194,0.910386723478284,0.177286733899391,-0.982449521415862,0.0579857900957612,0.40967506863543,65.81557524267,-168.276126217537,elongated,prolate_like,286,180,101,-9.51101865340024,54.5065472200512,30.485357299447
13528058_R3508046_SWAN.nii.gz,13528058_R3508046_SWAN,2,15,0.219782397150993,3.2967359572649,1.84655329849881,0.468800067901611,0.468800038099288,1.00004053115844,2.34400033950805,1.40640011429786,1.00004053115844,2.74501213070682,1.58483344176681,0.0,,1.73205086311569,,-0.991247854860413,-1.4697102562744e-08,0.132013977421442,0.00557806578368358,0.999106913186794,0.0418839014953064,-0.13189607809462,0.0422537101608303,-0.990362584390637,0.132013977421442,82.4140120945983,-179.999999150482,elongated,general_ellipsoid,316,260,35,-32.3666262412443,19.8248951956629,-34.5953897461295
13528058_R3508046_SWAN.nii.gz,13528058_R3508046_SWAN,3,13,0.219782397150993,2.85717116296291,1.76053992626087,0.468800067901611,0.468800038099288,1.00004053115844,1.40640020370483,2.34400019049644,1.00004053115844,2.59960842880516,1.42582462796543,0.0,,1.82323153760828,,-0.259812803791347,-0.965636467011754,-0.00659701168235967,-0.956608975271158,0.256438759852528,0.138341717771468,0.13189607809462,-0.0422537101608304,0.990362584390637,0.00659701168235967,89.6220163314914,-105.059290335964,elongated,general_ellipsoid,322,113,75,-29.4943438416812,86.986740373075,8.27841753326356
13528058_R3508046_SWAN.nii.gz,13528058_R3508046_SWAN,4,63,0.219782397150993,13.8462910205125,2.97928198820909,0.468800067901611,0.468800038099288,1.00004053115844,4.2192006111145,2.34400019049644,3.00012159347534,4.64528829053768,2.18071765999815,1.86453295917433,2.49139510657658,2.13016493411696,1.16957849914535,-0.874992947229512,-0.325760720272469,-0.358144238298165,-0.304255793292204,-0.205416137479199,0.930178812224433,-0.376584325944061,0.922867359695144,0.0806230851714874,0.358144238298165,69.0137289949422,-159.579652544194,stretched_oval,prolate_like,343,254,68,-40.5450097057037,21.2407544553279,-0.123309284448623
13528058_R3508046_SWAN.nii.gz,13528058_R3508046_SWAN,5,195,0.219782397150993,42.8575674444437,4.34186482348544,0.468800067901611,0.468800038099288,1.00004053115844,4.2192006111145,5.15680041909217,3.00012159347534,5.84899774787437,3.29603271589701,2.99891283801661,1.95037270631137,1.77455694528279,1.09907586313075,-0.542406767242596,0.837681090737569,-0.0639162660842425,0.834460462356218,0.528380911913749,-0.156490730362664,0.0973171907408016,0.138217228108185,0.985609132587765,0.0639162660842425,86.3353696378302,122.923455047174,stretched_oval,prolate_like,349,341,58,-44.8797129348386,-19.0858709365129,-11.3642673101276
13536815_R3505187_SWAN.nii.gz,13536815_R3505187_SWAN,1,41,0.219764560461044,9.01034697890281,2.58175066606691,0.468799203634262,0.468798816204071,0.999963760375976,2.34399601817131,3.28159171342849,2.99989128112792,4.13943179780009,1.73087620645096,1.72884771509106,2.3943299121531,2.39152388967649,1.00117331986049,-0.4759241068077,-0.550471844100848,0.685913255019542,0.246703453186627,0.665031874526029,0.704890070897717,-0.84417631496334,0.504691345989414,-0.180701396060761,0.685913255019542,46.6925281299197,-130.845868455298,stretched_oval,prolate_like,198,209,62,22.157847655937,51.4607084617018,8.08249774575233
13536815_R3505187_SWAN.nii.gz,13536815_R3505187_SWAN,2,41,0.219764560461044,9.01034697890281,2.58175066606691,0.468799203634262,0.468798816204071,0.999963760375976,2.34399601817131,2.34399408102035,2.99989128112792,2.68318423928293,2.33460331423963,2.01092102287557,1.33430612578013,1.1493105586363,1.16096220969493,-0.0847755427757424,0.20707810612779,0.974644430194727,-0.723959447728648,0.65928384256011,-0.20304564261172,0.684613632198124,0.722816347976236,-0.0940250057526589,0.974644430194727,12.9299326298737,112.263663358978,mildly_oval,general_ellipsoid,204,364,65,21.1234657540917,-19.0582303553819,26.0532858669757
13536815_R3505187_SWAN.nii.gz,13536815_R3505187_SWAN,3,105,0.219764560461044,23.0752788484096,3.53223382603069,0.468799203634262,0.468798816204071,0.999963760375976,4.21919283270835,3.28159171342849,2.99989128112792,4.19156778978792,2.80074651278922,2.65486671371211,1.57882419035912,1.49658948806959,1.05494806888935,-0.828994264809989,-0.139975662719832,-0.54145666747976,0.0278230049173614,-0.977294904277594,0.210048923992519,-0.558564579354538,0.15906440179748,0.814066414226318,0.54145666747976,57.2171443305596,-170.416007504753,mildly_oval,prolate_like,273,301,124,-16.917892018333,20.569571558386,74.8575796559453
13536815_R3505187_SWAN.nii.gz,13536815_R3505187_SWAN,4,71,0.219764560461044,15.6032837927341,3.10031481121171,0.468799203634262,0.468798816204071,0.999963760375976,2.34399601817131,3.28159171342849,2.99989128112792,3.72867558477232,2.39265997776122,2.36413478096346,1.57718401454791,1.55838088964951,1.01206580818803,-0.105267544270847,-0.605899520400626,0.788545823209708,-0.877222515932849,0.430071924886515,0.213351346292562,0.468400898444512,0.669271178673263,0.576781317080983,0.788545823209708,37.9501766708779,-99.8560510391756,mildly_oval,prolate_like,351,225,87,-51.1930045653134,46.0850665532052,28.4939542636275
13536815_R3505187_SWAN.nii.gz,13536815_R3505187_SWAN,5,67,0.219764560461044,14.7242255508899,3.04096400620761,0.468799203634262,0.468798816204071,0.999963760375976,2.34399601817131,3.28159171342849,2.99989128112792,3.12677336284296,2.61516535043436,2.46583495582193,1.26803838004669,1.19563122933073,1.06055976871438,-0.0344053662773,0.351489765441564,0.935559306276816,-0.357353343436565,0.869898766807626,-0.33996282655796,0.93333534097131,0.346021791649607,-0.0956768571680889,0.935559306276816,20.6813065924395,95.5905536049281,spherical,near_spherical,354,225,101,-53.7806075979024,48.9208793118596,42.0300619602203
13735022_R3523734_SWAN.nii.gz,13735022_R3523734_SWAN,1,117,0.219770357012748,25.7131317704916,3.66200374727483,0.468799799680709,0.468799948692321,0.99998652935028,5.1567977964878,3.28159964084625,2.99995958805084,4.89166084718875,2.73879847887306,2.59235264020173,1.88695811338695,1.78606088944577,1.05649148051861,-0.911367498365356,-0.122473316506123,0.392949830980066,-0.0807026687922143,0.989344218412761,0.121182080948692,-0.4036042147613,0.0787293098993764,-0.911540088854945,0.392949830980066,66.8618285295707,-172.346210950383,stretched_oval,prolate_like,180,159,50,36.4787622559815,58.4206051751971,8.04003340937197
13735022_R3523734_SWAN.nii.gz,13735022_R3523734_SWAN,2,15,0.219770357012748,3.29655535519123,1.84651957853568,0.468799799680709,0.468799948692321,0.99998652935028,2.34399899840354,2.3439997434616,2.99995958805084,1.87519974154137,1.87519915718073,1.51183757000906,1.24034471608622,1.0000003116259,1.24034432956279,0.0750276292384199,-0.986089541470925,-0.148318141346641,0.997158966759825,0.0731924936205561,0.0178003901103635,-0.00669700390760515,-0.149232285646454,0.988779487580217,0.148318141346641,81.4705270489858,-85.6489753599437,spherical,near_spherical,207,237,66,24.8886125665158,19.5061925221234,18.269693841692
13735022_R3523734_SWAN.nii.gz,13735022_R3523734_SWAN,3,123,0.219770357012748,27.031753912568,3.72356152598843,0.468799799680709,0.468799948692321,0.99998652935028,3.28159859776496,5.15679943561553,4.9999326467514,5.62931998275691,2.63137171491734,2.57147068652009,2.1891441392921,2.13931006054526,1.02329446285787,-0.147732192707443,0.683483127715637,0.714860834964331,-0.162959320689338,-0.729734496475851,0.664026975697226,0.975509845690098,-0.0183950749165573,0.219185223453804,0.714860834964331,44.3682047560721,102.196629147346,stretched_oval,prolate_like,291,165,63,-15.5275255255401,52.1092501077801,19.8825940261594
13735022_R3523734_SWAN.nii.gz,13735022_R3523734_SWAN,4,63,0.219770357012748,13.8455324918031,2.97922758345463,0.468799799680709,0.468799948692321,0.99998652935028,3.28159859776496,2.3439997434616,2.99995958805084,3.8961379389003,2.307185805715,2.0527403326483,1.89801792118235,1.68869708250171,1.12395404767949,-0.70751852747981,0.388558604068836,-0.590287848830448,0.662816782069112,0.07511953482753,-0.745004005958922,0.245135567962602,0.918356829718913,0.310691626260314,0.590287848830448,53.8225625123677,151.225067111161,stretched_oval,prolate_like,305,292,109,-20.4937791693955,-13.7987955082207,56.4231108748354
13735022_R3523734_SWAN.nii.gz,13735022_R3523734_SWAN,5,173,0.219770357012748,38.0202717632055,4.17194779038765,0.468799799680709,0.468799948692321,0.99998652935028,3.28159859776496,5.15679943561553,4.9999326467514,5.50415950895209,3.14668472584454,3.03846392048681,1.81149411445709,1.74919319490287,1.03561694599302,-0.0773877973271481,-0.844018440700686,0.530701423195786,-0.928670615494358,-0.132644549612295,-0.346375968241853,-0.362742355870088,0.519652090552258,0.773550055292148,0.530701423195786,57.9471405746927,-95.2387847601409,stretched_oval,prolate_like,328,236,45,-31.6802887935191,21.3685996979475,-3.07038126513361
14032263_R3506902_SWAN.nii.gz,14032263_R3506902_SWAN,1,35,0.307684123516082,10.7689443230628,2.7398376948793,0.468800008296966,0.468799948692321,1.4000060558319,3.28160005807876,2.3439997434616,4.20001816749572,2.99474957126758,2.56008963289464,2.21078562375712,1.35460875947715,1.16978309383702,1.15799994598476,-0.636031484346822,-0.289915667834146,0.715131356090515,-0.727434292374708,0.534503950362523,-0.430284646860848,0.257494274105045,0.793885654607223,0.550855939617588,0.715131356090515,44.3460346966243,-155.495567844326,mildly_oval,general_ellipsoid,169,282,50,45.5965002290904,1.41864833980798,46.2000619424507
14032263_R3506902_SWAN.nii.gz,14032263_R3506902_SWAN,2,25,0.307684123516082,7.69210308790206,2.44915060104344,0.468800008296966,0.468799948692321,1.4000060558319,2.34400004148483,2.3439997434616,4.20001816749572,3.83560892838578,1.972927529206,1.5486147545611,2.47679993819563,1.94412053742765,1.27399504841031,-0.5251868297125,0.237752285033245,0.817100143714345,0.259364050272358,-0.869776573499019,0.419784470435273,0.810499280272876,0.43239167794232,0.39513080558642,0.817100143714345,35.2044482408715,155.643718500774,stretched_oval,general_ellipsoid,243,374,33,6.88257996924221,-37.0646828636527,20.6980723822489
14032263_R3506902_SWAN.nii.gz,14032263_R3506902_SWAN,3,87,0.307684123516082,26.7685187458992,3.71143540071542,0.468800008296966,0.468799948692321,1.4000060558319,3.28160005807876,3.28159964084625,4.20001816749572,3.91349959270976,3.05327413371679,3.05327363937676,1.28173889894408,1.28173869142428,1.00000016190492,0.0178820907701435,-0.0608779989708165,0.997985019963224,-0.958009296727594,0.284650460546398,0.0345297363763839,0.286178996806522,0.956696390999795,0.0532315436069617,0.997985019963224,3.63785978262217,-73.6305607847279,spherical,near_spherical,257,253,59,5.90550992824137,17.6916715726256,60.5294158281758
14032263_R3506902_SWAN.nii.gz,14032263_R3506902_SWAN,4,103,0.307684123516082,31.6914647221565,3.92627965733978,0.468800008296966,0.468799948692321,1.4000060558319,3.28160005807876,3.28159964084625,4.20001816749572,4.34423967113613,3.21989281462079,3.04577360155631,1.42631732999338,1.34918766594028,1.05716748381281,-0.278153386534844,-0.206847843163022,0.938000353591619,0.671607704858952,-0.740033496293429,0.0359654714665628,-0.686712300991679,-0.6399721823193,-0.344763428344981,0.938000353591619,20.2815913672636,-143.363785393406,mildly_oval,prolate_like,383,267,59,-53.5001995395869,16.2042949274182,61.5031275777146
14032263_R3506902_SWAN.nii.gz,14032263_R3506902_SWAN,5,11,0.307684123516082,3.38452535867691,1.86280066100267,0.468800008296966,0.468799948692321,1.4000060558319,2.34400004148483,1.40639984607696,1.4000060558319,2.21876657946684,1.4525234697528,0.0,,1.52752545874143,,-0.996086988670582,0.0853187466047368,0.0230526024337427,0.0865502273380863,0.994492122011971,0.0591141049484143,0.0178820901713715,-0.0608779987673978,0.997985019986362,0.0230526024337427,88.6790661604768,175.104341532094,elongated,general_ellipsoid,386,290,32,-56.5102600231766,7.90247483551502,23.1741627547889
14633718_R3516246_SWAN.nii.gz,14633718_R3516246_SWAN,1,103,0.219780996441841,22.6374426335096,3.50975051808569,0.468801647424697,0.468798875808715,1.00003325939178,3.28161153197288,4.21918988227844,5.00016629695892,4.54218300035845,2.71952879468778,2.54407058618142,1.78539975464129,1.67020956322689,1.06896750800051,-0.476779331061249,0.665400878460335,0.57438936307787,0.819615286669198,0.572664085799002,0.0169300529875154,0.317666887369387,-0.478850201817026,0.818407131499254,0.57438936307787,54.9431198729368,125.622713113509,mildly_oval,prolate_like,228,166,63,21.1606877967715,67.7199065610766,20.6051758043468
14633718_R3516246_SWAN.nii.gz,14633718_R3516246_SWAN,2,161,0.219780996441841,35.3847404271364,4.07323184611049,0.468801647424697,0.468798875808715,1.00003325939178,4.21921482682228,3.28159213066101,5.00016629695892,5.0923280776713,3.14203574343811,3.02644784011459,1.68260890215061,1.62070978610164,1.03819259720634,-0.263905634200804,0.0232797956804622,-0.964267528930714,-0.216386257560969,0.97279826641698,0.0827074385703927,0.939963192777157,0.230481200901924,-0.251689515584137,0.964267528930714,15.3628189692304,174.958840558692,mildly_oval,prolate_like,233,274,101,8.20085716992616,16.5205569192767,55.5863741301
14633718_R3516246_SWAN.nii.gz,14633718_R3516246_SWAN,3,131,0.219780996441841,28.7913105338811,3.80266094037415,0.468801647424697,0.468798875808715,1.00003325939178,5.15681812167167,3.28159213066101,5.00016629695892,6.05545459035105,2.65528939191238,2.46475059545135,2.45682244748262,2.28052528240239,1.07730550783217,-0.664085433179535,0.365436584080002,0.652262708158828,-0.221663822270636,-0.929419058363403,0.29503451297646,0.714041796630366,0.0513450773378033,0.698217728003274,0.652262708158828,49.2875815910309,151.176648925225,stretched_oval,prolate_like,261,192,115,-1.57057938724756,55.8218961134552,69.9388039037585
14633718_R3516246_SWAN.nii.gz,14633718_R3516246_SWAN,4,107,0.219780996441841,23.516566619277,3.55460841333413,0.468801647424697,0.468798875808715,1.00003325939178,4.21921482682228,3.28159213066101,5.00016629695892,4.99754177467304,2.61105294796508,2.52081780925009,1.98250811952163,1.91399480373151,1.03579597794964,-0.637225760388541,0.459409289269017,0.618778179342631,-0.41123409399161,-0.88173561430571,0.231146763775379,0.651789728544525,-0.107170011655628,0.750789410131487,0.618778179342631,51.7730345477331,144.210199808462,stretched_oval,prolate_like,332,308,69,-35.8472482487559,7.82311383634805,17.9532112553715
14633718_R3516246_SWAN.nii.gz,14633718_R3516246_SWAN,5,239,0.219780996441841,52.5276581496,4.64654134180691,0.468801647424697,0.468798875808715,1.00003325939178,4.21921482682228,4.21918988227844,7.00023281574249,6.79700133553001,3.29476266996403,3.21718517910038,2.11271684940145,2.06297145390572,1.02411346768834,-0.235140816198452,0.16458657470024,0.957924869698019,0.806224520716097,0.583495167355468,0.097649433530938,0.542872746372134,-0.795263886456097,0.269897262203823,0.957924869698019,16.6795757123867,145.009941708052,stretched_oval,prolate_like,345,198,69,-35.4506904408335,59.7147543355822,19.8212621249258
14689924_R3513719_SWAN.nii.gz,14689924_R3513719_SWAN,1,67,0.307694286108016,20.6155171692371,3.40198089707218,0.468799918889999,0.468800008296966,1.40005242824554,3.28159943222999,3.28160005807876,4.20015728473663,3.72070419146616,2.99228775172546,2.65193411962168,1.40301531773984,1.24343128073851,1.12834166187821,-0.438376081979001,0.468880019668254,0.766797194768366,-0.673755487390825,0.393232076791933,-0.625637336635733,0.594878100083951,0.790898262065229,-0.14352694904689,0.766797194768366,39.932855518244,133.074315785657,mildly_oval,prolate_like,211,336,29,22.370046605356,-12.3787646666169,10.1124354545027
14689924_R3513719_SWAN.nii.gz,14689924_R3513719_SWAN,2,123,0.307694286108016,37.846397191286,4.16557834399076,0.468799918889999,0.468800008296966,1.40005242824554,4.21919927000999,4.21920007467269,4.20015728473663,3.99227306643392,3.68840660777193,3.52865666326637,1.13138609034815,1.08238420840633,1.04527217004946,0.00616442068694612,0.174063265698628,0.984715176816079,0.172612601645095,0.969767040010623,-0.172501530028999,0.984970501929324,-0.171037620549874,0.0240674611401218,0.984715176816079,10.0304997790718,87.9717274765338,spherical,near_spherical,264,218,76,-9.96954393759369,49.3719008564949,66.223379433155
14689924_R3513719_SWAN.nii.gz,14689924_R3513719_SWAN,3,65,0.307694286108016,20.0001285970211,3.367787820015,0.468799918889999,0.468800008296966,1.40005242824554,2.34399959444999,4.21920007467269,4.20015728473663,5.18904478464285,2.37034854094439,2.18522599254879,2.37460326864887,2.18914842902193,1.08471551639365,-0.234950505116882,0.515547127809426,-0.824020278362597,0.263398215204184,0.849800587135701,0.456574574775104,0.935638627020374,-0.109773043645826,-0.335455270514802,0.824020278362597,34.510712074226,114.500197207549,stretched_oval,prolate_like,265,229,71,-9.71455559972673,43.0625347569584,60.2281379010528
14689924_R3513719_SWAN.nii.gz,14689924_R3513719_SWAN,4,57,0.307694286108016,17.5385743081569,3.22353127604908,0.468799918889999,0.468800008296966,1.40005242824554,3.28159943222999,3.28160005807876,4.20015728473663,3.1356677652395,3.00747608573952,2.85789443289365,1.09719509900322,1.04262433876293,1.05233981042974,0.158283252833436,-0.957131037917347,-0.242583157139416,-0.465828661733938,-0.289006362442297,0.836348599792597,0.87060327921484,0.0193777894284141,0.491603937633979,0.242583157139416,75.9609493098582,-80.6098332817905,spherical,near_spherical,326,308,48,-32.7245251387357,-2.74777890741825,35.768810827285
14689924_R3513719_SWAN.nii.gz,14689924_R3513719_SWAN,5,77,0.307694286108016,23.6924600303173,3.56344870359868,0.468799918889999,0.468800008296966,1.40005242824554,4.21919927000999,3.28160005807876,4.20015728473663,4.87778094625483,2.78934359111913,2.53755876452229,1.9222336895016,1.74872000774124,1.0992232495724,-0.834365101346438,0.0522921753288271,-0.548726166730297,0.505656979353484,-0.323663450835328,-0.799720569839538,0.219421732939688,0.944726150264056,-0.243611584537759,0.548726166730297,56.7203334953478,176.413791355208,stretched_oval,prolate_like,383,334,55,-57.291424290277,-16.7737786844372,48.3543989825993
15796860_R3508841_SWAN.nii.gz,15796860_R3508841_SWAN,1,293,0.21977213025093,64.3932341635227,4.97294747246659,0.468799799680709,0.468799769878387,0.999994993209838,6.09439739584922,5.15679746866226,4.99997496604919,5.69567137866486,4.06434416174466,3.86087864196001,1.47522673123271,1.40137526547946,1.05269927875312,-0.868250697515554,-0.439912260461727,0.229385983353836,-0.112141498707875,0.624406462554967,0.773007667353398,-0.483285640725342,0.645440758408581,-0.591473766834718,0.229385983353836,76.7390752738777,-153.130261806489,mildly_oval,prolate_like,124,282,69,62.0801356993615,6.92746061831712,16.3678844571113
15796860_R3508841_SWAN.nii.gz,15796860_R3508841_SWAN,2,75,0.21977213025093,16.4829097688198,3.15751255654879,0.468799799680709,0.468799769878387,0.999994993209838,2.34399899840354,4.21919792890548,2.99998497962951,4.41413462266684,2.38457463326393,2.12690203836639,2.07538219581433,1.85112034703853,1.12114925382057,0.126156106441639,-0.946258986563049,-0.297789467839538,-0.141912359184109,-0.314315286331769,0.938651577044953,0.981807271880935,0.0761566223440062,0.173938637901032,0.297789467839538,72.6751182912665,-82.4060561670118,stretched_oval,prolate_like,166,284,70,42.3429088965058,6.90163593366742,16.3448834270238
15796860_R3508841_SWAN.nii.gz,15796860_R3508841_SWAN,3,117,0.21977213025093,25.7133392393589,3.66201359632437,0.468799799680709,0.468799769878387,0.999994993209838,3.28159859776496,5.15679746866226,2.99998497962951,4.87626229830288,2.80283917166561,2.56092245954336,1.90410384357063,1.73975815223287,1.09446467667177,0.23729457974926,-0.937001929207911,0.256356523385447,-0.291088276975917,0.183184011166939,0.938994799272063,0.926800354676676,0.297440754963811,0.229281704149599,0.256356523385447,75.1460195933263,-75.7886999060402,stretched_oval,prolate_like,218,340,78,16.3912355825305,-17.0500941760838,26.3602378517389
15796860_R3508841_SWAN.nii.gz,15796860_R3508841_SWAN,4,213,0.21977213025093,46.8114637434482,4.47147904313805,0.468799799680709,0.468799769878387,0.999994993209838,4.21919819712638,4.21919792890548,4.99997496604919,4.89663153618304,3.65605130231062,3.57839365173748,1.36838816875429,1.33932243595388,1.02170181878548,-0.211841123607187,-0.121028179734247,-0.969781170192048,-0.976209214207851,0.0731628480106825,0.204114594692918,-0.0462483345055051,-0.989949179191124,0.133647724164261,0.969781170192048,14.1213500084486,-150.259990045545,mildly_oval,prolate_like,245,315,124,1.91603020019829,1.30173503421247,69.5716821476817
15796860_R3508841_SWAN.nii.gz,15796860_R3508841_SWAN,5,69,0.21977213025093,15.1642769873142,3.07096143114508,0.468799799680709,0.468799769878387,0.999994993209838,3.28159859776496,3.28159838914871,2.99998497962951,4.08220488036171,2.38044720065801,2.12430789925606,1.92166346591815,1.71488990775905,1.12057541258103,-0.509923707809356,-0.503215544713762,0.697676090870533,-0.377917791272467,0.85963324895503,0.343815096135638,-0.772758665595992,-0.088344738663086,-0.628521480855549,0.697676090870533,45.7591474690339,-135.379359319311,stretched_oval,prolate_like,245,267,69,5.81925097294151,16.0964479353278,12.150358133018
15973124_R3489459_SWAN.nii.gz,15973124_R3489459_SWAN,1,79,0.184645697474479,14.5870101004838,3.03148823509879,0.429699897766113,0.429699897766113,1.00002002716064,3.00789928436279,3.00789928436279,3.00006008148193,2.9352563905663,2.58186946315974,2.58186937798232,1.13687253723894,1.13687249973284,1.00000003299059,-0.0509817874385379,0.097798326051498,0.993899564730308,0.957817867973384,0.28661284330281,0.0209286847364921,0.28281758987109,-0.953041743826262,0.10828501920443,0.993899564730308,6.33197324800404,117.532810090934,spherical,near_spherical,217,176,36,20.3933375924825,51.9622000083327,10.1291811242699
15973124_R3489459_SWAN.nii.gz,15973124_R3489459_SWAN,2,149,0.184645697474479,27.5122089236974,3.74549262408655,0.429699897766113,0.429699897766113,1.00002002716064,3.86729907989501,3.00789928436279,5.00010013580322,4.89193195795692,2.83334837208251,2.75848490258522,1.77341262711724,1.7265550562571,1.02713934356759,-0.57362343758956,-0.0201178054904107,-0.818872044797101,0.213684323701399,-0.968757741526524,-0.125886647571145,-0.790756069627171,-0.247191650616836,0.560001005546518,0.818872044797101,35.0279600073933,-177.991377225347,mildly_oval,prolate_like,257,200,18,3.53348880261182,40.9421996697783,-7.76213216036558
15973124_R3489459_SWAN.nii.gz,15973124_R3489459_SWAN,3,323,0.184645697474479,59.6405602842569,4.84746145164503,0.429699897766113,0.429699897766113,1.00002002716064,4.72669887542724,4.72669887542724,5.00010013580322,5.0349624348663,4.07293674931376,3.96733485519841,1.2691044791112,1.23619951518142,1.0266178424483,-0.193705499909442,0.457390583289034,-0.86791245735002,-0.69455359242693,-0.688732725774583,-0.207948406327043,0.692873355348347,-0.562530965161589,-0.451093589715806,0.86791245735002,29.7830476348269,112.952720101389,spherical,near_spherical,269,301,14,-4.11928687989711,-2.27272770553827,-7.92702298238873
15973124_R3489459_SWAN.nii.gz,15973124_R3489459_SWAN,4,173,0.184645697474479,31.9437056630849,3.93666891623647,0.429699897766113,0.429699897766113,1.00002002716064,4.72669887542724,3.86729907989501,3.00006008148193,4.50996887033949,3.24008953440455,2.94280604010015,1.53254030638934,1.39192723609976,1.10102041733415,-0.777151046950269,0.541687058233319,-0.320330112800269,0.538606688689031,0.835783720369951,0.106622735211584,-0.325482849200288,0.089669971044353,0.941286466050249,0.320330112800269,71.3171101230081,145.122869032065,mildly_oval,prolate_like,295,200,40,-13.8634205758571,44.0311491861939,13.177027337253
15973124_R3489459_SWAN.nii.gz,15973124_R3489459_SWAN,5,19,0.184645697474479,3.50826825201511,1.88523165617349,0.429699897766113,0.429699897766113,1.00002002716064,2.14849948883056,2.14849948883056,1.00002002716064,2.36226404740453,1.98469884306529,0.0,,1.19023803316986,,-0.389755811528521,0.914329780193404,-0.10996117692724,0.919505989697965,0.392984148567568,0.00849669842864784,-0.0509817838968744,0.0977983232274642,0.993899565189858,0.10996117692724,83.6869224050045,113.087333274308,elongated,oblate_like,364,340,17,-46.0096479691565,-16.2861612439155,-5.67840029299259
172664_R3505356_SWAN.nii.gz,172664_R3505356_SWAN,1,151,0.219769373536109,33.1851754039526,3.98702077286182,0.46880042552948,0.468799620866775,0.99998140335083,4.21920382976532,3.28159734606742,4.99990701675415,4.91885128855531,3.13585396074865,2.95113737643765,1.66676459314574,1.5685842995638,1.06259165899419,-0.348048725768428,-0.22410720351673,-0.910295581568362,0.461603283324303,-0.886107710186769,0.0416597500206313,-0.815956183453006,-0.405695806337051,0.411857280384036,0.910295581568362,24.453769283566,-147.222674420769,mildly_oval,prolate_like,222,134,52,11.1675977110862,91.7855037823319,-20.9135754145681
172664_R3505356_SWAN.nii.gz,172664_R3505356_SWAN,2,219,0.219769373536109,48.129492804408,4.51305771572587,0.46880042552948,0.468799620866775,0.99998140335083,5.15680468082428,4.21919658780098,4.99990701675415,4.74974796575715,3.85803054491169,3.6496901673599,1.30141128368521,1.23113280479894,1.05708440114041,-0.724407107007328,0.537527755418643,0.431622816208627,0.548540574163995,0.070232517416707,0.833169029665137,-0.417537521443409,-0.840316193853186,0.345732718346105,0.431622816208627,64.4294077040589,143.423683036705,mildly_oval,prolate_like,322,244,88,-32.5753890275955,38.4318610653281,16.4077925831079
172664_R3505356_SWAN.nii.gz,172664_R3505356_SWAN,3,153,0.219769373536109,33.6247141510248,4.0045463641491,0.46880042552948,0.468799620866775,0.99998140335083,4.21920382976532,4.21919658780098,4.99990701675415,5.2573014268058,3.04197619247518,2.91162054738652,1.80562725851236,1.72825199612363,1.04477082194163,-0.446747648900724,-0.464964482653355,0.764345843236274,-0.758038537567811,0.650488103791866,-0.0473582346304803,0.475177981143622,0.600560785180117,0.64306502745843,0.764345843236274,40.1511696063463,-133.855330771073,stretched_oval,prolate_like,343,185,81,-44.2958696018904,64.9254568554461,7.94208257086575
172664_R3505356_SWAN.nii.gz,172664_R3505356_SWAN,4,35,0.219769373536109,7.69192807376384,2.44913202618262,0.46880042552948,0.468799620866775,0.99998140335083,2.3440021276474,2.34399810433387,2.99994421005249,3.50787487064455,1.86195109450698,1.68947704626718,2.07630809687235,1.88397798470286,1.10208723972951,-0.362073811991423,0.209047814556868,-0.908406057828213,0.138717046317245,0.975760910213583,0.169257871782015,0.921770110022568,-0.064727562352953,-0.382295967727657,0.908406057828213,24.7139984090032,149.999477593471,stretched_oval,prolate_like,371,215,52,-55.6113128848373,48.6387739516794,-20.6546290460973
172664_R3505356_SWAN.nii.gz,172664_R3505356_SWAN,5,191,0.219769373536109,41.9759503453969,4.31188634582178,0.46880042552948,0.468799620866775,0.99998140335083,4.21920382976532,6.09439507126808,2.99994421005249,5.31481117007481,3.48663389902543,3.05883815690919,1.73752611202063,1.52433875307653,1.1398556315083,-0.196874138095751,0.969351022537694,-0.146966556924288,0.97565231465896,0.178922805023519,-0.126843173813686,0.0966598916286809,0.168360401958539,0.980974841880611,0.146966556924288,81.5488252225208,101.480555847796,mildly_oval,prolate_like,404,277,68,-69.2423690073192,19.2121209353208,-3.67233412899076
17537902_R3509186_SWAN.nii.gz,17537902_R3509186_SWAN,1,139,0.263728022575378,36.6581951379776,4.12152070070305,0.468799263238906,0.468799412250518,1.20000290870666,3.28159484267234,4.21919471025466,6.00001454353332,6.0864701361197,2.95463774682464,2.78950188949368,2.18192006216007,2.05997169793854,1.05919904838671,-0.233104712179335,0.49491778712312,0.837089348366673,0.635297060804173,-0.574213386489656,0.516407427628281,0.736247130855779,0.65217740743239,-0.180567969311831,0.837089348366673,33.165973639066,115.220287253821,stretched_oval,prolate_like,146,249,96,46.6533885449171,20.6204290688037,82.4291221313178
17537902_R3509186_SWAN.nii.gz,17537902_R3509186_SWAN,2,125,0.263728022575378,32.9660028219223,3.9782239080226,0.468799263238906,0.468799412250518,1.20000290870666,5.15679189562797,4.21919471025466,3.60000872611999,5.86298610038354,2.8508828514944,2.67955581457221,2.18804402897633,2.05655104253414,1.06393859608763,-0.789375290860725,-0.329601821371854,0.517927880623259,-0.480280870913015,0.857038022360287,-0.186590764143892,0.38238323082162,0.396040992293881,0.834826088002343,0.517927880623259,58.8066398141367,-157.337137372842,stretched_oval,prolate_like,200,137,73,26.1350902169942,71.2860914468765,48.203101336956
17537902_R3509186_SWAN.nii.gz,17537902_R3509186_SWAN,3,75,0.263728022575378,19.7796016931533,3.35536399391064,0.468799263238906,0.468799412250518,1.20000290870666,3.28159484267234,3.28159588575363,3.60000872611999,3.47349416981442,2.8754376890131,2.69707718795343,1.28787347478554,1.2079879814772,1.06613103320005,-0.200941270758385,-0.0351695050019142,0.97897176242419,-0.654337441632726,0.748534695261894,-0.107416583760243,0.729016541776346,0.662162303296634,0.173424236799107,0.97897176242419,11.7707207371383,-170.07243131964,spherical,near_spherical,204,208,93,21.0485175848007,41.099198937416,75.59422621876
17537902_R3509186_SWAN.nii.gz,17537902_R3509186_SWAN,4,167,0.263728022575378,44.0425797700881,4.38151909879851,0.468799263238906,0.468799412250518,1.20000290870666,4.21919336915016,4.21919471025466,6.00001454353332,7.02480625879905,2.97827194312625,2.87704413628167,2.44167483223875,2.35868530239895,1.0351846555178,-0.427617084870312,0.456125237947996,0.78044435806398,0.269877553001438,-0.759569027424021,0.591794727049913,0.862733872705234,0.463685949630791,0.201706730185235,0.78044435806398,38.6987215702192,133.152367958951,stretched_oval,prolate_like,206,300,47,18.961054444313,-7.77856364846229,25.4474462606012
17537902_R3509186_SWAN.nii.gz,17537902_R3509186_SWAN,5,117,0.263728022575378,30.8561786413192,3.89147734055201,0.468799263238906,0.468799412250518,1.20000290870666,6.09439042210578,4.21919471025466,3.60000872611999,6.56559986850996,2.52475490349088,2.49426813440169,2.63227508620875,2.60048999585344,1.0122227312568,-0.793932763987278,-0.435753928913743,-0.424015659738831,-0.0650531499555726,-0.632504024302183,0.771820411055836,-0.604515387685357,0.640357066547859,0.473818502565954,0.424015659738831,64.9116262225644,-151.239600229388,elongated,prolate_like,317,322,23,-32.6412578225135,-17.7346343547105,-4.24634530581533
18067835_R3516569_SWAN.nii.gz,18067835_R3516569_SWAN,1,205,0.219776839017868,45.0542519986629,4.41481375685818,0.468799531459808,0.468800216913223,1.00001597404479,5.15679484605789,4.219201952219,5.00007987022399,4.9705858127094,3.61278215756581,3.48749280604235,1.42526052070916,1.37583324870559,1.03592533619177,-0.699127336422512,0.384207111140024,0.602997399012798,-0.338191877901437,-0.920746113892691,0.194558082517807,0.629958110661544,-0.067907948731674,0.773654502546708,0.602997399012798,52.9151264849174,151.208899145154,mildly_oval,prolate_like,200,272,111,24.8441285640001,22.8634129688143,58.4186272174119
18067835_R3516569_SWAN.nii.gz,18067835_R3516569_SWAN,2,15,0.219776839017868,3.29665258526802,1.84653773238174,0.468799531459808,0.468800216913223,1.00001597404479,2.34399765729904,1.40640065073966,1.00001597404479,2.74500898325169,1.58483401390492,1.09253003393031e-08,251252496.315975,1.732048251847,145060910.426743,-0.997611009755455,0.0625696015645775,-0.0292799961535388,0.0644685783735525,0.995519619092369,-0.0691700108766627,-0.0248208705970267,0.070892404122265,0.997175105696372,0.0292799961535388,88.3221399946691,176.411141864437,elongated,general_ellipsoid,304,387,82,-26.550435533747,-29.8123611658811,31.8016288690269
18067835_R3516569_SWAN.nii.gz,18067835_R3516569_SWAN,3,153,0.219776839017868,33.6258563697338,4.00459170793963,0.468799531459808,0.468800216913223,1.00001597404479,4.21919578313827,4.219201952219,5.00007987022399,3.96361621974872,3.51262764430878,3.37436636067535,1.17462533586763,1.12839065824999,1.04097399892457,-0.085849333668846,0.728471196134713,0.679676105443376,-0.781086381578903,0.374285459478341,-0.499814424896944,0.618493295372384,0.573794485181888,-0.536866773375164,0.679676105443376,47.1816620373283,96.7212281447466,spherical,near_spherical,322,290,90,-32.2355548180639,16.5526563674211,36.3866715691983
18067835_R3516569_SWAN.nii.gz,18067835_R3516569_SWAN,4,87,0.219776839017868,19.1205849945545,3.31767762902505,0.468799531459808,0.468800216913223,1.00001597404479,3.28159672021865,3.28160151839256,3.00004792213439,3.32940874789238,2.81270576750979,2.74974710287632,1.21080543894735,1.18370317519562,1.0228961654574,-0.0653985263951551,0.759317875412121,0.647425205583598,0.976902791584612,-0.0835520804265403,0.19667227982252,0.203430500514384,0.645333567960027,-0.736315569253052,0.647425205583598,49.6522464664448,94.9226225563209,spherical,near_spherical,367,265,41,-51.309304581955,26.0663444474339,-13.9040513094514
18067835_R3516569_SWAN.nii.gz,18067835_R3516569_SWAN,5,189,0.219776839017868,41.537822574377,4.29683194548198,0.468799531459808,0.468800216913223,1.00001597404479,4.21919578313827,5.15680238604545,5.00007987022399,6.23297352518024,3.04647155452763,3.00128994484255,2.07676487101522,2.04596478700641,1.01505406359112,-0.451983745577866,0.545366789460257,-0.705893588784608,0.878430730053583,0.409755373500302,-0.245886124832523,-0.155145564651168,0.731215152223638,0.664269715497877,0.705893588784608,45.0982189847093,129.650927223735,stretched_oval,prolate_like,370,245,102,-53.6219698134809,39.8128440231084,46.2348830774426
18243704_R3501007_SWAN.nii.gz,18243704_R3501007_SWAN,1,63,0.219772517681121,13.8456686139106,2.97923734683038,0.468801409006118,0.468799531459808,0.999993860721588,3.28160986304283,3.28159672021865,2.99998158216476,3.52928040092421,2.40535618325662,2.25894716446507,1.56235632972847,1.46725895544745,1.06481294520503,-0.67330505618534,-0.38681644270804,-0.630105817276711,-0.194122686957565,-0.729841749305122,0.655474944890813,-0.713426018395482,0.563652428915139,0.416316292804439,0.630105817276711,50.9420700256552,-150.122460489742,mildly_oval,prolate_like,112,290,69,66.9378499863669,4.41881455481052,48.4472594289109
18243704_R3501007_SWAN.nii.gz,18243704_R3501007_SWAN,2,45,0.219772517681121,9.88976329565048,2.66315079622339,0.468801409006118,0.468799531459808,0.999993860721588,3.28160986304283,2.34399765729904,2.99998158216476,3.65447752149295,2.15109623343229,1.87072830312721,1.95350522862348,1.69889076308867,1.14987100469715,-0.877497060204364,-0.28788251052108,-0.38356559995492,-0.417985597730893,0.0669629909494988,0.905982338642782,0.235131770337923,-0.955321735322282,0.1790905709371,0.38356559995492,67.4452802177474,-161.836767633458,stretched_oval,prolate_like,175,280,67,37.9595698388293,11.6832173168659,46.049402507022
18243704_R3501007_SWAN.nii.gz,18243704_R3501007_SWAN,3,77,0.219772517681121,16.9224838614463,3.18533535572137,0.468801409006118,0.468799531459808,0.999993860721588,2.34400704503059,2.34399765729904,4.99996930360794,4.03556862150037,2.48827395546968,2.35631212819524,1.71266300979883,1.62183453016877,1.05600354286489,-0.120128513094689,0.134794535234746,0.983564727718775,-0.630645100086159,0.754796942858692,-0.180466985314461,0.766717612996452,0.641959506761929,0.00566512126984828,0.983564727718775,10.4021400032306,131.707336089084,mildly_oval,prolate_like,306,326,114,-25.6898341570049,-4.10403990745544,92.3645710619166
18243704_R3501007_SWAN.nii.gz,18243704_R3501007_SWAN,4,201,0.219772517681121,44.1742760539054,4.38588196456625,0.468801409006118,0.468799531459808,0.999993860721588,4.21921268105506,4.21919578313827,4.99996930360794,3.99555623373582,3.99553232833808,3.85743674895344,1.03580602710332,1.00000598303199,1.0357998298798,-0.944971816904111,-0.32700824875017,-0.00968867928502059,0.326921778902567,-0.945003589713035,0.00950609849820692,-0.012264409326268,0.00581555490244412,0.999907877549254,0.00968867928502059,89.4448708826396,-160.911780771494,spherical,near_spherical,310,227,113,-23.4462694348767,42.2848994284868,91.1222012420184
18243704_R3501007_SWAN.nii.gz,18243704_R3501007_SWAN,5,131,0.219772517681121,28.7901998162269,3.8026120397756,0.468801409006118,0.468799531459808,0.999993860721588,3.28160986304283,5.15679484605789,2.99998158216476,4.9359868328773,2.86567338211298,2.73861478913835,1.8023662372868,1.72245269251089,1.04639520442179,-0.315850965541895,-0.921657165236835,-0.22535802034508,-0.563673569603824,-0.0087861535908959,0.825950912848433,-0.763223607140355,0.38790575308015,-0.516738669184904,0.22535802034508,76.9760680668275,-108.916534890843,stretched_oval,prolate_like,343,349,42,-43.035667521879,-13.7321413308382,20.2016191347502
18268471_R3489524_SWAN.nii.gz,18268471_R3489524_SWAN,1,139,0.219774290919303,30.5486264377832,3.87850499553589,0.468799918889999,0.468800127506256,1.00000381469726,3.28159943222999,4.2192011475563,5.00001907348632,5.04855134800042,2.93669526157655,2.86841844966467,1.76004702123939,1.71912673883981,1.02380294685381,-0.11779969049775,0.782953101831768,0.610825403246006,-0.563798890437895,0.453625019318945,-0.690184868704672,0.817468069137646,0.425686248521019,-0.387991203199851,0.610825403246006,52.3507910496243,98.5562942881848,mildly_oval,prolate_like,227,263,97,14.7906858799979,25.0761754568666,62.2829449623823
18268471_R3489524_SWAN.nii.gz,18268471_R3489524_SWAN,2,171,0.219774290919303,37.5814037472009,4.15583336232349,0.468799918889999,0.468800127506256,1.00000381469726,3.28159943222999,6.09440165758132,3.00001144409179,5.74249618274326,2.97270929174781,2.95532497991422,1.94310142599273,1.93173822905735,1.00588236892786,-0.073013848616255,-0.986372366026086,0.147439931668269,-0.402847786388523,0.164405913947473,0.900380117761916,-0.912350063797942,0.00634436751751696,-0.409361832720996,0.147439931668269,81.5214041291819,-94.2334617223725,stretched_oval,prolate_like,234,175,97,12.4603841854259,65.7550003416836,55.0373851209878
18268471_R3489524_SWAN.nii.gz,18268471_R3489524_SWAN,3,71,0.219774290919303,15.6039746552705,3.10036056781379,0.468799918889999,0.468800127506256,1.00000381469726,2.34399959444999,3.28160089254379,3.00001144409179,3.72874555226586,2.39267465533713,2.36418072860432,1.57718295693371,1.5584005723254,1.01205234709345,0.0096533026390177,-0.861214018344527,-0.50815079292965,0.819332860911784,0.29813010985184,-0.489706137014679,0.573236841783804,-0.411617361400854,0.708498885683758,0.50815079292965,59.4592666940479,-89.3578015151924,mildly_oval,prolate_like,242,327,72,5.39669743459671,-8.64972921833396,43.6024084240198
18268471_R3489524_SWAN.nii.gz,18268471_R3489524_SWAN,4,119,0.219774290919303,26.1531406193971,3.68277406035293,0.468799918889999,0.468800127506256,1.00000381469726,4.21919927000999,4.2192011475563,3.00001144409179,5.41921477939462,2.67216072062422,2.44185610199978,2.21930144653343,2.02802725807924,1.09431539329276,-0.661195300873895,-0.616744013012447,0.427138849223037,0.330579113000012,0.271581012433838,0.903859061874989,-0.673452466140264,0.738830546268028,0.0243145995418941,0.427138849223037,64.7138791186632,-136.992148418559,stretched_oval,prolate_like,268,218,95,-4.03426797501742,46.1286923214793,57.7120407521724
18268471_R3489524_SWAN.nii.gz,18268471_R3489524_SWAN,5,59,0.219774290919303,12.9666831642389,2.91480893601177,0.468799918889999,0.468800127506256,1.00000381469726,2.34399959444999,3.28160089254379,3.00001144409179,3.33318541182408,2.42410928259419,2.20680269068151,1.51041387882063,1.37501449945236,1.09847123751946,0.259250120060497,-0.763067523427519,-0.592045040464667,-0.222060826351491,-0.643675097061035,0.732373783544686,0.939935298118285,0.0583979803902343,0.336320251007326,0.592045040464667,53.6977348288832,-71.2349468466389,mildly_oval,prolate_like,330,171,72,-34.080555059947,64.691476304084,32.9746951609849
18351829_R3506392_SWAN.nii.gz,18351829_R3506392_SWAN,1,77,0.219783335924148,16.9233168661594,3.1853876206223,0.468801856040954,0.468798339366912,1.00004458427429,3.28161299228668,3.28158837556839,3.00013375282287,4.03113915027164,2.53138641692402,2.25918334082933,1.784334665283,1.59246297733161,1.12048737752942,-0.710666907880518,0.60191091773481,0.364219429952852,0.6061872806724,0.786638180637397,-0.117206456795203,0.357056755704948,-0.137490435576893,0.923908465883029,0.364219429952852,68.6404470121258,139.736525216476,mildly_oval,prolate_like,200,210,62,25.8146748244762,51.6682800874114,19.7449830472469
18351829_R3506392_SWAN.nii.gz,18351829_R3506392_SWAN,2,123,0.219783335924148,27.0333503186702,3.72363482496054,0.468801856040954,0.468798339366912,1.00004458427429,3.28161299228668,4.21918505430221,3.00013375282287,4.03755487457502,3.13468029227642,2.89674791039667,1.39382334930972,1.28802764496373,1.0821377590455,-0.0805840065423135,-0.989181008540541,-0.12258527738805,0.953666417480682,-0.112282164304216,0.279129145287125,-0.289873389705141,-0.0944121174525696,0.952396855317662,0.12258527738805,82.9586701174898,-94.6573376342304,mildly_oval,prolate_like,242,279,107,2.65053506195545,31.4439556952565,69.8807279840111
18351829_R3506392_SWAN.nii.gz,18351829_R3506392_SWAN,3,141,0.219783335924148,30.9894503653049,3.89707188742515,0.468801856040954,0.468798339366912,1.00004458427429,3.28161299228668,4.21918505430221,3.00013375282287,4.18020041694872,3.30523997866963,3.03481448299336,1.37741546983313,1.26471918648135,1.08910775178901,-0.184266660941285,0.982672606304153,0.0200086602487828,0.980123324258634,0.182189883095816,0.0785182510104313,-0.0735123588912346,-0.0340792505336405,0.996711862964072,0.0200086602487828,88.8535117065946,100.62053098648,mildly_oval,prolate_like,259,203,108,-4.64634878933429,66.2576227048412,61.5931900851428
18351829_R3506392_SWAN.nii.gz,18351829_R3506392_SWAN,4,93,0.219783335924148,20.4398502409458,3.39229044467149,0.468801856040954,0.468798339366912,1.00004458427429,3.28161299228668,3.28158837556839,5.00022292137146,5.01841616417381,2.48730415340188,2.30811854263948,2.17424541741037,2.01761258562211,1.07763275908588,-0.416362085575896,0.187757605805013,-0.889600862835271,0.224531851994779,0.969372997351235,0.0995059769364496,0.881038058845748,-0.158313213184029,-0.445767725835623,0.889600862835271,27.1768657307941,155.72710617477,stretched_oval,prolate_like,307,307,58,-24.8975109606981,6.80248081777244,23.664221715182
18351829_R3506392_SWAN.nii.gz,18351829_R3506392_SWAN,5,217,0.219783335924148,47.6929838955402,4.49937258171605,0.468801856040954,0.468798339366912,1.00004458427429,4.21921670436859,4.21918505430221,5.00022292137146,4.45747417847326,3.92790743994373,3.78066981379013,1.17901705200873,1.1348215930814,1.03894485194569,-0.601502342851922,-0.716943172573797,-0.352402353629293,-0.400490292706506,-0.111068490710964,0.909544565053876,-0.691232563607578,0.688226908563597,-0.220320823658339,0.352402353629293,69.3656756210007,-129.996041242591,spherical,near_spherical,412,241,63,-73.7061101347208,38.2161523886024,17.6424783617258
18351829_R3508835_SWAN.nii.gz,18351829_R3508835_SWAN,1,203,0.21977561712265,44.6144502758979,4.40040153940235,0.46880030632019,0.468800216913223,1.00000882148742,6.09440398216247,4.219201952219,3.00002646446228,5.6991019083445,3.44636256001929,3.06571657048902,1.85897873378275,1.65365709761906,1.12416215940978,-0.99325792793903,-0.111971224083506,0.0300188867799167,-0.113423052811758,0.992182490186384,-0.052049181150205,0.0239562033119882,0.0551030956007645,0.998193242402535,0.0300188867799167,88.2797860587486,-173.568128624011,stretched_oval,prolate_like,138,198,95,53.577454702463,62.113180687651,58.6388801597058
18351829_R3508835_SWAN.nii.gz,18351829_R3508835_SWAN,2,115,0.21977561712265,25.2741959691047,3.64104664015903,0.46880030632019,0.468800216913223,1.00000882148742,4.21920275688171,3.28160151839256,3.00002646446228,3.99209415628563,2.95974672913478,2.88879473504691,1.38192378567209,1.34879586722362,1.02456110613436,-0.969648941098554,0.0313071474171469,0.242488749320565,0.00341042311528128,-0.98994006924218,0.141446202928752,0.244477606419536,0.137980150128154,0.959787569272485,0.242488749320565,75.9665249547066,178.15072814397,mildly_oval,prolate_like,239,180,87,6.62839337158948,68.8631589347496,47.3542660716921
18351829_R3508835_SWAN.nii.gz,18351829_R3508835_SWAN,3,31,0.21977561712265,6.81304413080215,2.35205529027463,0.46880030632019,0.468800216913223,1.00000882148742,2.34400153160095,2.34400108456611,3.00002646446228,2.30942147687828,2.11046985378035,2.11046848613355,1.09426958613782,1.09426887701881,1.00000064802995,-0.0469941223830681,0.14113580655855,0.98887422687039,0.790393064625823,0.610590071111232,-0.0495839535714772,0.610794855784528,-0.779269176323206,0.140246907201937,0.98887422687039,8.55472807004465,108.416259619191,spherical,near_spherical,277,281,56,-9.54794274060987,17.4369373200461,22.5762073229998
18351829_R3508835_SWAN.nii.gz,18351829_R3508835_SWAN,4,331,0.21977561712265,72.7457292675972,5.17928281764478,0.46880030632019,0.468800216913223,1.00000882148742,4.21920275688171,6.0944028198719,5.00004410743713,6.08459104715919,4.16304973005378,3.93823138014505,1.54500598360858,1.46157058928061,1.05708612019145,0.20411523597532,-0.81455426333452,0.542990167983082,-0.018407009690773,0.551376147586801,0.834053670854928,0.978773800444711,0.180237887126694,-0.0975507642569838,0.542990167983082,57.1125745352339,-75.9322041768449,mildly_oval,prolate_like,288,239,65,-15.18911097222,38.147022858262,28.4536408931016
18351829_R3508835_SWAN.nii.gz,18351829_R3508835_SWAN,5,131,0.21977561712265,28.7906058430671,3.80262991571142,0.46880030632019,0.468800216913223,1.00000882148742,3.28160214424133,4.219201952219,5.00004410743713,4.87645252277827,2.91459824281364,2.81441662987822,1.73266902668538,1.67311310737315,1.03559587158201,-0.187082480538881,0.620442785735413,-0.761610724126373,0.910202473543924,0.40110602874381,0.103176600350518,-0.369501830347212,0.67391743065026,0.639768469085348,0.761610724126373,40.3935977319095,106.779665776538,mildly_oval,prolate_like,326,207,109,-35.1026516708079,59.0292381886392,69.0223397500813
20308313_R3506626_SWAN.nii.gz,20308313_R3506626_SWAN,1,199,0.219779372215271,43.7360950708389,4.37133202075674,0.468801498413085,0.468800872564315,1.00002193450927,4.21921348571777,4.21920785307884,5.00010967254638,4.4587118314579,3.70635379063,3.6592415023601,1.21847979385404,1.20299142589407,1.01287487809687,-0.281538527867453,-0.451578037184449,0.846648293956154,0.063596904903762,0.871617334490669,0.48604388269172,-0.957440071760571,0.19068429024967,-0.216674895728809,0.846648293956154,32.151030631467,-121.941677511305,spherical,near_spherical,142,313,96,51.270609408617,-2.18655406311154,45.3200906924903
20308313_R3506626_SWAN.nii.gz,20308313_R3506626_SWAN,2,193,0.219779372215271,42.4174188375473,4.3269499501177,0.468801498413085,0.468800872564315,1.00002193450927,4.21921348571777,4.21920785307884,5.00010967254638,4.0612225972019,3.8445110916782,3.78846476366816,1.07199693029997,1.05636906757605,1.0147939420072,0.116346565646503,-0.780924668875547,-0.613693847291857,0.934520532221835,0.295325400257049,-0.198631021793754,0.336355246009455,-0.550399463575892,0.764150233250823,0.613693847291857,52.1429259012562,-81.5260821938321,spherical,near_spherical,244,290,107,4.68340770900249,11.5558409914374,58.148962162435
20308313_R3506626_SWAN.nii.gz,20308313_R3506626_SWAN,3,137,0.219779372215271,30.1097739934921,3.85984286180824,0.468801498413085,0.468800872564315,1.00002193450927,5.15681648254394,4.21920785307884,5.00010967254638,5.94904009441433,2.73561402009062,2.54554326126667,2.33704144216903,2.17466354928874,1.07466805287346,-0.742782959169666,-0.446893420095477,0.498557666316064,-0.396067050979408,0.893658093882001,0.210964694599977,-0.539818827659455,-0.0407612845056832,-0.840793762458914,0.498557666316064,60.0953782387316,-148.96689109071,stretched_oval,prolate_like,255,200,82,-0.589615583419799,51.3954372461885,29.5693837478756
20308313_R3506626_SWAN.nii.gz,20308313_R3506626_SWAN,4,53,0.219779372215271,11.6483067274093,2.81247103603821,0.468801498413085,0.468800872564315,1.00002193450927,2.34400749206542,2.34400436282157,5.00010967254638,3.8609902912519,2.09318461065361,1.99701930600956,1.93337654755422,1.84455316153231,1.04815441911585,-0.218672076204182,0.228580677448398,-0.948648194530398,0.885104706823585,0.455757034308104,-0.0942081930482446,-0.410818915152754,0.860253683267855,0.301979170435315,0.948648194530398,18.4413080012748,133.730855936151,stretched_oval,prolate_like,310,270,50,-29.5509313046932,16.8224013112485,2.51926668733358
20308313_R3506626_SWAN.nii.gz,20308313_R3506626_SWAN,5,89,0.219779372215271,19.5603641271591,3.34292092940865,0.468801498413085,0.468800872564315,1.00002193450927,3.2816104888916,3.28160610795021,3.00006580352783,3.44478506189267,2.7985667024855,2.72365890851617,1.26476375258359,1.23091047243334,1.02750263395137,-0.0701917894770691,-0.795869026199424,-0.601386403094038,-0.997245792767053,0.0415066502865864,0.0614656553727107,0.0239570761658563,-0.604044444654833,0.796590464029803,0.601386403094038,53.0307438841032,-95.0401688366461,spherical,near_spherical,342,322,119,-40.883713081479,-0.333974171429872,74.336784787476
20524515_R3520216_SWAN.nii.gz,20524515_R3520216_SWAN,1,169,0.219771966338157,37.1414623111486,4.1395531083073,0.468799829483032,0.468800067901611,0.999993503093719,3.28159880638122,5.15680074691772,4.99996751546859,6.3198878436535,2.86887257796911,2.79958870386033,2.25743439918122,2.2029168852551,1.02474787600523,-0.17354620681308,-0.623575816819797,0.762256462601868,-0.875555291509341,-0.25665749775727,-0.409304117197676,-0.450870985549951,0.738430856290891,0.501433170887922,0.762256462601868,40.3364715020837,-105.552316284322,stretched_oval,prolate_like,136,267,62,56.4251702626352,15.6655881106853,4.47498650476336
20524515_R3520216_SWAN.nii.gz,20524515_R3520216_SWAN,2,131,0.219771966338157,28.7901275902986,3.80260885990402,0.468799829483032,0.468800067901611,0.999993503093719,4.21919846534729,4.2192006111145,2.99998050928115,3.72771956572586,3.40249701294194,3.07325411757275,1.21295520094186,1.09558349398893,1.10713168608042,-0.694257567571921,0.717216734114649,0.0600548597120699,0.706116740498099,0.694904127395959,-0.136041914557242,0.139303907545552,0.052042386897381,0.988881191705335,0.0600548597120699,86.5570383241791,134.068103936922,spherical,near_spherical,243,236,86,6.42035884340293,34.3866766691207,25.7451248555444
20524515_R3520216_SWAN.nii.gz,20524515_R3520216_SWAN,3,111,0.219771966338157,24.3946882635355,3.59831254937879,0.468799829483032,0.468800067901611,0.999993503093719,3.28159880638122,3.28160047531127,4.99996751546859,4.66688238028426,2.74935070884131,2.62303315458906,1.77919305828042,1.69744891594825,1.04815705589967,-0.0439961548583991,-0.483223900747784,-0.874390645023019,0.0766898055908213,-0.874289142227216,0.479309054266702,0.996083837875165,0.0459690932006974,-0.0755237074976315,0.874390645023019,29.0270594967912,-95.2022736914412,mildly_oval,prolate_like,243,148,40,6.0274962473195,66.4211188554763,-27.0898885936476
20524515_R3520216_SWAN.nii.gz,20524515_R3520216_SWAN,4,81,0.219771966338157,17.8015292733907,3.23956150842844,0.468799829483032,0.468800067901611,0.999993503093719,3.28159880638122,3.28160047531127,2.99998050928115,3.02981536779632,2.83890870767042,2.78137075984312,1.08932451995979,1.06724649496832,1.02068690325577,-0.406364343823789,0.555016140767102,0.725827185738212,0.579879378976287,-0.457242428335422,0.674291678406312,0.706121750059249,0.694900313151403,-0.136035395670923,0.725827185738212,43.4622965052584,126.210346682897,spherical,near_spherical,279,215,67,-10.6083423517993,40.5473767220974,5.37822294561192
20524515_R3520216_SWAN.nii.gz,20524515_R3520216_SWAN,5,85,0.219771966338157,18.6806171387434,3.2920331446759,0.468799829483032,0.468800067901611,0.999993503093719,4.21919846534729,3.28160047531127,2.99998050928115,4.56659646805256,2.49182839973078,2.21135758198276,2.06506469386014,1.83262879119041,1.12683196061694,-0.725677907154592,0.387812089408169,-0.56832504640971,0.524996219852882,0.846001624932742,-0.0930603016938134,-0.444714002711758,0.365900305985153,0.817524569583114,0.56832504640971,55.3664914550769,151.879350028529,stretched_oval,prolate_like,403,259,47,-68.8556869562598,16.5768804252147,-10.0286680147983
20529737_R3509662_SWAN.nii.gz,20529737_R3509662_SWAN,1,49,0.219774708151817,10.768960699439,2.73983908370593,0.468800246715545,0.468800902366638,1.0000033378601,3.28160172700881,2.34400451183319,3.00001001358032,3.24270354624173,2.50385579718983,1.87303089883705,1.7312600386118,1.29508398601913,1.33679364218949,-0.887695528752116,-0.270018691712898,-0.372943098017854,-0.286361088122631,-0.310496821605388,0.906415495775626,-0.360546772891843,0.911417374147874,0.198303793858491,0.372943098017854,68.1027593358069,-163.081319460554,mildly_oval,general_ellipsoid,209,301,87,23.8055990189313,9.63260676525533,30.5031541865319
20529737_R3509662_SWAN.nii.gz,20529737_R3509662_SWAN,2,17,0.219774708151817,3.73617003858089,1.92520066798539,0.468800246715545,0.468800902366638,1.0000033378601,2.34400123357772,2.34400451183319,1.0000033378601,2.65192898394047,1.87520763921343,3.48009896908057e-09,,1.41420551435724,,-0.770216399491326,-0.637642754432351,-0.0133572330421347,-0.637251285093121,0.770260636880948,-0.0246850343106976,-0.0260287841011323,0.0105009043267166,0.999606039100673,0.0133572330421347,89.2346641615774,-140.379499109153,elongated,general_ellipsoid,236,351,109,8.43191184103489,-12.2848011311143,52.3418248826637
20529737_R3509662_SWAN.nii.gz,20529737_R3509662_SWAN,3,203,0.219774708151817,44.6142657548189,4.40039547284802,0.468800246715545,0.468800902366638,1.0000033378601,4.21920222043991,5.15680992603302,5.00001668930053,5.41388879008139,3.44445417159071,3.31283563984931,1.63421593421629,1.57176972616858,1.03972987073617,-0.447010682965536,0.695409994892929,-0.562660100165011,-0.576021221505157,0.257461484311264,0.775830610682478,0.684383665563688,0.670908729336008,0.285482880765821,0.562660100165011,55.7600382461515,122.732975921102,mildly_oval,prolate_like,244,182,68,13.2155264914035,66.5102220550179,10.6223458629101
20529737_R3509662_SWAN.nii.gz,20529737_R3509662_SWAN,4,89,0.219774708151817,19.5599490255117,3.34289728189725,0.468800246715545,0.468800902366638,1.0000033378601,3.28160172700881,3.28160631656646,3.00001001358032,3.6049676241837,2.75411704390798,2.67186672011225,1.34923182995903,1.30893769825714,1.03078384231391,-0.770710468816321,-0.0590099006981096,0.634447164763564,-0.477266320670324,-0.606235173877096,-0.63615703494343,-0.422163750706685,0.793093150628478,-0.439068356882453,0.634447164763564,50.6210062386427,-175.621657286265,mildly_oval,prolate_like,343,323,44,-38.564396187663,4.80464948713779,-14.0872723963111
20529737_R3509662_SWAN.nii.gz,20529737_R3509662_SWAN,5,303,0.219774708151817,66.5917365700006,5.02891049487577,0.468800246715545,0.468800902366638,1.0000033378601,4.21920222043991,6.09441173076629,5.00001668930053,6.67598705547187,3.77844051841549,3.60479398213996,1.85197464502776,1.76686308092829,1.04817100148742,-0.0138853667280282,0.775829664007884,-0.630789607584209,0.998538036151329,-0.0221996140778983,-0.0492845563421188,0.052239706640402,0.630551750120642,0.774387179303686,0.630789607584209,50.8915975939106,91.0253384449892,stretched_oval,prolate_like,389,291,59,-59.0063145607709,21.919203935191,0.206611957401037
21559219_R3509938_SWAN.nii.gz,21559219_R3509938_SWAN,1,181,0.219782888889312,39.7807028889656,4.23536922585383,0.468800336122512,0.468799412250518,1.00004351139068,5.15680369734764,4.21919471025466,5.00021755695343,4.5932387010161,3.67674789945745,3.23343789808401,1.42054334915102,1.24926669617296,1.13710175217409,-0.98116222940717,0.044139087988638,-0.188075571237418,0.0800991914913773,0.978871238307768,-0.18813616966507,0.17579760836592,-0.199656804856102,-0.963966991741664,0.188075571237418,79.1595020079801,177.424198156181,mildly_oval,prolate_like,196,244,109,34.2123438101261,53.5028722137212,71.1797667145729
21559219_R3509938_SWAN.nii.gz,21559219_R3509938_SWAN,2,21,0.219782888889312,4.61544066667556,2.06572029659763,0.468800336122512,0.468799412250518,1.00004351139068,2.34400168061256,1.40639823675155,3.00013053417205,3.45421208265579,1.54574726232172,1.1898754001344,2.90300319030516,2.23465515149452,1.29908330077848,-0.637225349048331,-0.267690783491504,-0.722693226039885,-0.768660142586603,0.28856379703995,0.57086996788816,-0.055726472425369,-0.919278292722933,0.389643402099193,0.722693226039885,43.7227118221925,-157.213303756037,elongated,general_ellipsoid,196,205,75,35.1549665164202,65.0240083783865,34.3456772565841
21559219_R3509938_SWAN.nii.gz,21559219_R3509938_SWAN,3,71,0.219782888889312,15.6045851111412,3.10040099786812,0.468800336122512,0.468799412250518,1.00004351139068,2.34400168061256,4.21919471025466,3.00013053417205,3.86748797340306,2.69470840042766,2.07010658751139,1.86825547859949,1.43521576315614,1.30172446997869,-0.0247720904319713,-0.994166206143519,0.104975702416469,0.0255776084274079,0.104343249946335,0.994212387841637,0.999365863676944,-0.0273137465909997,-0.0228435935088642,0.104975702416469,83.9742333253183,-91.4273695751166,stretched_oval,general_ellipsoid,209,328,33,23.8182525392621,1.20109985396265,3.94251352548599
21559219_R3509938_SWAN.nii.gz,21559219_R3509938_SWAN,4,107,0.219782888889312,23.5167691111564,3.55461861574851,0.468800336122512,0.468799412250518,1.00004351139068,3.28160235285758,4.21919471025466,3.00013053417205,4.08293935334655,2.90827245057801,2.66716677577385,1.53081516702754,1.40390538463309,1.09039767478889,-0.460202325823375,0.81177370199729,-0.359495863748625,0.106781783891872,0.452593049438728,0.885300616868994,0.881369088370828,0.369029793303152,-0.294967018018976,0.359495863748625,68.9307614750335,119.549318160366,mildly_oval,prolate_like,327,268,58,-28.6795792169868,37.9340143091976,23.2051352262496
21559219_R3509938_SWAN.nii.gz,21559219_R3509938_SWAN,5,155,0.219782888889312,34.0663477778434,4.02200232961854,0.468800336122512,0.468799412250518,1.00004351139068,4.21920302510261,5.1567935347557,5.00021755695343,6.50085877753547,2.75209569430157,2.63358332547974,2.46844620963388,2.36214852230465,1.04500042496291,-0.395761964931574,0.646969726736175,-0.651768854579917,-0.595680503992717,0.359313448324857,0.718372175836371,0.698954364945581,0.672550383644094,0.24318465655485,0.651768854579917,49.3249009342715,121.454807581026,stretched_oval,prolate_like,335,348,115,-34.5466066580265,12.2170592732727,86.245679795742
22087980_R3502423_SWAN.nii.gz,22087980_R3502423_SWAN,1,97,0.184636369347572,17.9097278267145,3.24611165927498,0.429699897766113,0.429700165987014,0.999968826770782,3.00789928436279,3.0079011619091,2.99990648031234,3.28592845650676,2.7625837487532,2.65318001867116,1.23848680955787,1.18944030492822,1.04123494422245,-0.186217189848651,-0.683928642726395,-0.705382711627738,-0.981278233236822,0.165382724510577,0.0986994600242486,-0.0491547269394416,-0.710556237107161,0.701921396402489,0.705382711627738,45.1395289606163,-105.231037066479,spherical,near_spherical,225,314,41,13.5871077552437,-43.7003262415528,14.4669464454054
22087980_R3502423_SWAN.nii.gz,22087980_R3502423_SWAN,2,93,0.184636369347572,17.1711823493242,3.20086378359734,0.429699897766113,0.429700165987014,0.999968826770782,3.00789928436279,3.0079011619091,2.99990648031234,3.84637710346232,2.53234288479545,2.37179306849792,1.62171698473605,1.51890059065718,1.06769132536474,-0.415913610953692,0.589016522212912,0.692874739605699,-0.546115914996304,-0.770993425989298,0.327607302221781,0.727167983076269,-0.242133586355733,0.642337956801013,0.692874739605699,46.1418975647109,125.22650230788,mildly_oval,prolate_like,243,218,16,10.9787991791963,0.23803337663412,-6.72420661896467
22087980_R3502423_SWAN.nii.gz,22087980_R3502423_SWAN,3,101,0.184636369347572,18.6482733041048,3.29013209244509,0.429699897766113,0.429700165987014,0.999968826770782,3.86729907989501,3.0079011619091,2.99990648031234,3.49881415673133,2.7449286788549,2.61909171820301,1.33588836634247,1.27464665427697,1.04804603052933,-0.91625473780661,0.244822947445829,-0.317078822772628,0.269651449811799,-0.20842223081292,-0.940132048872582,0.296252174779078,0.946901208208597,-0.124950993720595,0.317078822772628,71.5136438636738,165.040076182152,mildly_oval,prolate_like,312,377,34,-28.3672072812914,-63.5205827951431,9.32980561256408
22087980_R3502423_SWAN.nii.gz,22087980_R3502423_SWAN,4,57,0.184636369347572,10.5242730528116,2.71892875859647,0.429699897766113,0.429700165987014,0.999968826770782,3.00789928436279,2.14850082993507,2.99990648031234,3.18395567897118,2.37187722383943,1.92167750479561,1.65686264788212,1.34237794729409,1.23427433475196,-0.814472226447262,0.181957914550491,-0.550932218769673,0.553942777539826,-0.0385682084430858,-0.831660924000251,0.172575755995741,0.982549647921125,0.0693815379807314,0.550932218769673,56.5690093976711,167.40657936718,mildly_oval,general_ellipsoid,347,145,28,-26.4339635148644,37.428172044456,11.7748670056462
22087980_R3502423_SWAN.nii.gz,22087980_R3502423_SWAN,5,329,0.184636369347572,60.7453655153512,4.87721060103521,0.429699897766113,0.429700165987014,0.999968826770782,4.72669887542724,4.72670182585716,4.99984413385391,5.17181712819015,4.02802397085651,3.97593377351294,1.30078050158782,1.2839588755204,1.01310137449738,-0.421283724378596,-0.54063287599105,0.728173136672415,0.295464789698847,0.677280872135056,0.673788674799595,-0.857450046137916,0.499005725054957,-0.125589429254461,0.728173136672415,43.2665404998465,-127.927210974897,mildly_oval,prolate_like,416,218,13,-62.2240393981337,12.7876302152872,-2.36511987447738
22285684_R3505757_SWAN.nii.gz,22285684_R3505757_SWAN,1,9,0.307688891887664,2.76920002698898,1.74228247522535,0.468799918889999,0.468800067901611,1.4000277519226,1.40639975666999,1.40640020370483,1.4000277519226,1.62397107252729,1.62397050709331,0.0,,1.00000034817995,,-0.12541493267199,-0.989478340305197,-0.072136736339753,0.988652289771795,-0.118587376823963,-0.092215421633243,0.0826906560130322,-0.0828833404544137,0.993122654702455,0.072136736339753,85.8632764385971,-97.223637565861,elongated,oblate_like,156,262,39,49.2702177651226,-10.7509781122207,2.66643837094306
22285684_R3505757_SWAN.nii.gz,22285684_R3505757_SWAN,2,23,0.307688891887664,7.07684451341629,2.38202881343392,0.468799918889999,0.468800067901611,1.4000277519226,2.34399959444999,2.34400033950805,1.4000277519226,2.82697034571024,2.33117936590156,7.8133136084679e-09,,1.21267817786167,,-0.748070540411675,-0.663583283826809,0.0069059390246661,-0.658447205154914,0.743496857626678,0.116874722343779,0.0826906560130323,-0.0828833404544137,0.993122654702455,0.0069059390246661,89.6043156951072,-138.425057656149,elongated,general_ellipsoid,250,137,67,12.3980987872928,46.7945146262645,50.0113668888807
22285684_R3505757_SWAN.nii.gz,22285684_R3505757_SWAN,3,95,0.307688891887664,29.2304447293281,3.82189660324852,0.468799918889999,0.468800067901611,1.4000277519226,3.28159943222999,4.2192006111145,4.20008325576782,5.12869655035954,2.83677474687616,2.7031881651142,1.89727693267807,1.80793224982252,1.04941815870828,-0.346375555251219,-0.584448561154838,0.733787335737302,-0.931473081209264,0.307057032311721,-0.195125287675476,0.111273868032565,0.751089780433709,0.650755152127982,0.733787335737302,42.7951533567867,-120.653255720272,stretched_oval,prolate_like,292,262,25,-15.7603854946792,-5.52364408969879,-11.2187621593475
22285684_R3505757_SWAN.nii.gz,22285684_R3505757_SWAN,4,39,0.307688891887664,11.9998667836189,2.84048565806274,0.468799918889999,0.468800067901611,1.4000277519226,2.34399959444999,4.2192006111145,1.4000277519226,4.50111321277058,2.45362174960006,3.26361795290098e-08,137917895.958674,1.83447722270323,75181034.8211584,0.0146152039923164,-0.996327498352999,-0.0843677179845203,0.99646808841046,0.0214911121343296,-0.081175617514327,0.0826906560130322,-0.0828833404544135,0.993122654702455,0.0843677179845203,85.1603328235057,-89.1595841217262,elongated,general_ellipsoid,336,350,59,-34.9536429010331,-49.3496741652488,34.6523099094629
22285684_R3505757_SWAN.nii.gz,22285684_R3505757_SWAN,5,15,0.307688891887664,4.61533337831497,2.0657042902198,0.468799918889999,0.468800067901611,1.4000277519226,2.34399959444999,2.34400033950805,1.4000277519226,2.45521335212762,1.87519971838039,0.0,,1.30930765830542,,-0.501463110130944,-0.86464451487297,-0.0304074345824303,-0.861218325737402,0.495499964455299,0.113060959835228,0.0826906560130322,-0.0828833404544135,0.993122654702455,0.0304074345824303,88.2575137415878,-120.112210452879,elongated,general_ellipsoid,347,205,43,-37.6267623770982,20.4314805418252,18.1430623345077
227683_R3509625_SWAN.nii.gz,227683_R3509625_SWAN,1,145,0.219774097204208,31.8672440946102,3.93352542408372,0.468801140785217,0.468800336122512,0.99999988079071,6.09441483020782,3.28160235285758,2.99999964237213,5.28000245605325,2.94391981649996,2.76175871939465,1.91182611970192,1.79352794409008,1.06595836769739,-0.969247533429247,-0.246083796620365,0.0014085390402471,0.0656149861195001,-0.252912038502349,0.965261712892997,-0.237179030561006,0.935669955604802,0.261281154392444,0.0014085390402471,89.9192966310287,-165.754093790455,stretched_oval,prolate_like,234,339,89,1.93430449627339,-53.6427660882473,32.072589404881
227683_R3509625_SWAN.nii.gz,227683_R3509625_SWAN,2,169,0.219774097204208,37.1418224275112,4.13956648703014,0.468801140785217,0.468800336122512,0.99999988079071,5.15681254863739,4.21920302510261,4.99999940395355,6.3559723342537,2.88708370565015,2.80278902923375,2.2677312733707,2.20151993577975,1.03007528413205,-0.610637641592622,0.349745983807477,0.71049237679284,0.38995194552924,-0.648075650255824,0.654167739745281,0.689245348804153,0.676517330418097,0.259355259819058,0.71049237679284,44.7250094112917,150.197844424517,stretched_oval,prolate_like,295,152,88,-25.1588728576898,31.4257366657257,55.1674232147634
227683_R3509625_SWAN.nii.gz,227683_R3509625_SWAN,3,85,0.219774097204208,18.6807982623577,3.29204378427825,0.468801140785217,0.468800336122512,0.99999988079071,3.28160798549652,3.28160235285758,2.99999964237213,3.28837550842353,2.78403225423193,2.75217581215136,1.19482755930953,1.18115567929393,1.01157500256339,-0.285394980030416,0.841461391699531,-0.458794541873075,-0.0806442601122966,0.455922257204466,0.886358504611155,0.95501110395868,0.289961414096204,-0.062258892143619,0.458794541873075,62.6906511881523,108.735182191625,spherical,near_spherical,307,265,44,-34.567102862522,-8.6983405649662,-0.289588171988725
227683_R3509625_SWAN.nii.gz,227683_R3509625_SWAN,4,167,0.219774097204208,36.7022742331028,4.12317199253862,0.468801140785217,0.468800336122512,0.99999988079071,4.21921026706695,4.21920302510261,4.99999940395355,4.05225237631711,3.56013976984554,3.54124076759674,1.14430298368759,1.1382284512085,1.0053368306447,-0.0636439117236268,0.345520162363658,-0.936250644806563,-0.0232019013110871,-0.938411301056661,-0.344740339711927,0.997702923858633,0.000217828684955442,-0.0677408907130564,0.936250644806563,20.5688562549634,100.436747335656,spherical,near_spherical,354,357,83,-54.7307150121778,-60.2893621027469,27.9670403376221
227683_R3509625_SWAN.nii.gz,227683_R3509625_SWAN,5,169,0.219774097204208,37.1418224275112,4.13956648703014,0.468801140785217,0.468800336122512,0.99999988079071,4.21921026706695,5.15680369734764,2.99999964237213,5.25103560725722,3.20766630701265,2.9645280293821,1.77128890508473,1.63702676795816,1.08201584711656,-0.603539198886223,-0.796892435406061,-0.0265119180817213,-0.772993363728314,0.576638609593616,0.264516868191666,0.195503695718937,-0.18013983545717,0.964016568655176,0.0265119180817213,88.4808009821085,-127.139048371301,mildly_oval,prolate_like,367,287,74,-60.8388381022959,-26.2640031278133,27.9734694622457
22946171_R3505521_SWAN.nii.gz,22946171_R3505521_SWAN,1,15,0.21978048980236,3.2967073470354,1.84654795680457,0.468799591064453,0.468798488378524,1.00003623962402,2.34399795532226,2.34399244189262,1.00003623962402,2.45520369606613,1.8751994585623,0.0,,1.30930269036474,,-0.873191766684295,0.474394717415902,-0.111739834806776,0.487205095077638,0.855718593150911,-0.174289657370176,-0.0129357614831307,0.206628510674859,0.978333953540988,0.111739834806776,83.5843808470086,151.485292026411,elongated,general_ellipsoid,216,293,62,17.6589675415307,11.9519716501235,33.1218636110425
22946171_R3505521_SWAN.nii.gz,22946171_R3505521_SWAN,2,203,0.21978048980236,44.6154394298791,4.40043405982647,0.468799591064453,0.468798488378524,1.00003623962402,4.21919631958007,5.15678337216377,3.00010871887207,5.17130459251836,3.74983103559939,3.10870803973048,1.66348995351995,1.37907669530282,1.20623454749532,-0.471542972302965,0.861527980629593,-0.188193421415254,0.881748201821517,0.463760924609064,-0.086289706166301,-0.0129357588183076,0.206628515452347,0.978333952567196,0.188193421415254,79.1526269236763,118.693356984795,mildly_oval,general_ellipsoid,229,178,57,14.0771489460021,63.8730973191559,16.9976155608892
22946171_R3505521_SWAN.nii.gz,22946171_R3505521_SWAN,3,133,0.21978048980236,29.2308051437139,3.82191231130985,0.468799591064453,0.468798488378524,1.00003623962402,4.21919631958007,4.21918639540672,3.00010871887207,4.61615471327832,2.96549043442167,2.89128860641179,1.59657348043409,1.55662438148399,1.02566392986342,-0.545935217154108,-0.741073766916572,0.390850880335427,-0.75259950309019,0.228769819543945,-0.617461219522512,-0.36816942651352,0.63124800328707,0.682625249845617,0.390850880335427,66.9925459764579,-126.378381535588,mildly_oval,prolate_like,238,204,119,8.50867720134556,64.9452561959624,80.0728795826435
22946171_R3505521_SWAN.nii.gz,22946171_R3505521_SWAN,4,91,0.21978048980236,20.0000245720148,3.36778198113994,0.468799591064453,0.468798488378524,1.00003623962402,3.28159713745117,3.28158941864967,5.00018119812011,4.29582633173105,2.60888366235526,2.52752519628118,1.69961760937204,1.64661475470041,1.03218898319739,-0.257819222505685,-0.360537168950028,0.89640515299281,-0.907400392831286,0.409047339333506,-0.0964613978429071,0.331894223505309,0.838267990555334,0.432611835730519,0.89640515299281,26.3105084412327,-125.568463789635,mildly_oval,prolate_like,297,262,99,-20.0922777447849,35.3845581747591,65.4944058805704
22946171_R3505521_SWAN.nii.gz,22946171_R3505521_SWAN,5,247,0.21978048980236,54.285780981183,4.69781405203804,0.468799591064453,0.468798488378524,1.00003623962402,6.09439468383789,4.21918639540672,5.00018119812011,5.7582700795285,3.632187155335,3.60264562614728,1.59834484905651,1.58534509188786,1.00819995421512,-0.957495607160885,0.101223618764585,0.270103575081504,0.28487834347501,0.184992211604061,0.94054357212453,-0.0452381662597232,-0.977512997688542,0.205965646804067,0.270103575081504,74.3295697369518,173.965273695154,mildly_oval,prolate_like,382,341,54,-60.9908699076622,-8.45820669084787,28.2151952460408
24324431_R3513231_SWAN.nii.gz,24324431_R3513231_SWAN,1,213,0.219791188836097,46.8155232220888,4.4716082945901,0.468800097703933,0.468799799680709,1.0000809431076,4.2192008793354,4.21919819712638,5.00040471553802,5.11134269682911,3.58945266777199,3.49034799322094,1.46442208821484,1.42398944070817,1.02839392368426,-0.113839332731741,-0.644108077338765,0.756416149371594,-0.962168624745963,-0.118218468281459,-0.245470835969667,-0.247532106761232,0.755744122348393,0.606282671415076,0.756416149371594,40.850735905677,-100.02292070836,mildly_oval,prolate_like,200,154,51,18.154504712671,78.0720573663711,-12.4204852730035
24324431_R3513231_SWAN.nii.gz,24324431_R3513231_SWAN,2,83,0.219791188836097,18.2426686733961,3.26610329707724,0.468800097703933,0.468799799680709,1.0000809431076,3.28160068392753,3.28159859776496,3.00024282932281,3.32830950136224,2.81774712989491,2.62730227884748,1.26681635689909,1.18119524142195,1.07248684423589,-0.772844924915646,0.396939472607913,-0.495126021450982,0.53769004487647,-0.00479683776071215,-0.843128937937867,0.337046195161535,0.917832253428287,0.209723191120781,0.495126021450982,60.3219393230761,152.814597074745,spherical,near_spherical,277,178,92,-12.4265914298594,56.6086609028279,28.9922901131212
24324431_R3513231_SWAN.nii.gz,24324431_R3513231_SWAN,3,121,0.219791188836097,26.5947338491678,3.70338624079171,0.468800097703933,0.468799799680709,1.0000809431076,4.2192008793354,3.28159859776496,3.00024282932281,4.64613828991993,2.83016596060747,2.71555348172696,1.71093602876316,1.64164870703295,1.04220593689343,-0.755429937040414,-0.541986503154323,0.368206790569735,-0.222076865691351,0.740476911496564,0.634330993460996,-0.616447464061473,0.397422412477024,-0.679741090499257,0.368206790569735,68.3949321516361,-144.342286663662,mildly_oval,prolate_like,336,383,72,-44.2595557104796,-32.0643569231033,-10.0567298606038
24324431_R3513231_SWAN.nii.gz,24324431_R3513231_SWAN,4,201,0.219791188836097,44.1780289560556,4.38600616444926,0.468800097703933,0.468799799680709,1.0000809431076,4.2192008793354,5.1567977964878,5.00040471553802,4.2771239846635,3.90661787579457,3.68451963978944,1.16083625623119,1.09484063213978,1.06027874939426,-0.26926830097595,0.960254346060407,-0.0735266819707317,-0.542160798154912,-0.214242608583395,-0.812503399138372,0.795962468357367,0.178918125240239,-0.57830100590174,0.0735266819707317,85.7834263513371,105.664214547163,spherical,near_spherical,343,251,110,-41.3547123726457,18.5794381387531,42.0114937312901
24324431_R3513231_SWAN.nii.gz,24324431_R3513231_SWAN,5,225,0.219791188836097,49.4530174881219,4.55405276242501,0.468800097703933,0.468799799680709,1.0000809431076,4.2192008793354,4.21919819712638,7.00056660175323,6.8114790737373,3.249932363421,3.0858264163156,2.20734356207567,2.09588333295874,1.05318055035038,-0.456879884807638,0.574500030432008,-0.679124794048767,0.393545314597244,0.815229529091222,0.424879865675297,0.797736081806956,-0.0731473166378962,-0.598553768555474,0.679124794048767,47.224710837401,128.494008863426,stretched_oval,prolate_like,355,252,119,-45.752682454884,15.840939734131,51.2872018627822
24662566_R3520436_SWAN.nii.gz,24662566_R3520436_SWAN,1,227,0.219771027565002,49.8880232572555,4.56736680547117,0.468798846006393,0.468800574541091,0.999990224838256,4.21918961405754,4.21920517086982,4.99995112419128,4.87587400377469,3.75725199596833,3.7279825014518,1.30791225599258,1.29772344495569,1.00785129611127,-0.395143082324047,-0.0434739607837655,0.917590300311213,0.628895038594114,0.715291609907886,0.304711245652488,-0.669591647889336,0.69747252815373,-0.255301973254587,0.917590300311213,23.4236955903841,-173.721523614385,mildly_oval,prolate_like,132,178,63,57.6823316350055,61.59915375337,17.3992307526059
24662566_R3520436_SWAN.nii.gz,24662566_R3520436_SWAN,2,173,0.219771027565002,38.0203877687454,4.17195203346238,0.468798846006393,0.468800574541091,0.999990224838256,3.28159192204475,3.28160402178764,4.99995112419128,4.92865372802708,3.27072216401119,3.2148769700996,1.53307693385055,1.50690076407548,1.01737086502251,-0.00589623848507797,-0.0672809291647459,0.997716648624476,0.923604892376983,-0.382804949808766,-0.0203561582625275,0.38330045284219,0.921375953111777,0.0643981046175697,0.997716648624476,3.87263598188682,-95.0083834223565,mildly_oval,prolate_like,224,296,68,14.7932364399312,6.32194067537784,24.4885299298912
24662566_R3520436_SWAN.nii.gz,24662566_R3520436_SWAN,3,31,0.219771027565002,6.81290185451507,2.35203891756287,0.468798846006393,0.468800574541091,0.999990224838256,2.34399423003196,2.34400287270545,2.99997067451477,3.32126528529022,1.78468284205466,1.6282116426556,2.03982406112343,1.86098347954447,1.09610003718181,-0.452863026861126,0.0717740585186921,-0.888686425813928,0.777175251747772,-0.456701085472365,-0.432923488158299,0.436936731086968,0.886720137953412,-0.151042013939553,0.888686425813928,27.2913549342469,170.994124986195,stretched_oval,prolate_like,249,381,78,3.47784904470609,-33.4458082988858,35.2455915559548
24662566_R3520436_SWAN.nii.gz,24662566_R3520436_SWAN,4,89,0.219771027565002,19.5596214532852,3.34287862052587,0.468798846006393,0.468800574541091,0.999990224838256,3.28159192204475,3.28160402178764,2.99997067451477,3.44472709169413,2.79856141617402,2.72360678420353,1.26476667324849,1.23089208326308,1.02752035734571,-0.709821117446349,0.00534391373359421,0.704361713761632,0.000274908486385685,-0.999969042901114,0.00786369281906304,0.70438193166246,0.00577545023668024,0.70979767435659,0.704361713761632,45.2219990847592,179.568654818834,spherical,near_spherical,314,200,76,-27.0738539980957,51.388635918498,33.746936334297
24662566_R3520436_SWAN.nii.gz,24662566_R3520436_SWAN,5,195,0.219771027565002,42.8553503751754,4.34178995237448,0.468798846006393,0.468800574541091,0.999990224838256,6.09438499808311,4.21920517086982,4.99995112419128,7.13286328443196,2.88552804418186,2.84642702625627,2.50590063213859,2.47194384362822,1.01373687699172,-0.770396318461514,-0.285231611132051,-0.570203858731207,0.264586834276878,-0.956727926977604,0.121101118361787,-0.580071822818764,-0.0575725781266578,0.812528201737986,0.570203858731207,55.235557334149,-159.683426961378,elongated,prolate_like,342,332,33,-41.8231120672426,-10.8310494385659,-8.22666738275438
251470_R3498347_SWAN.nii.gz,251470_R3498347_SWAN,1,61,0.219777703285217,13.4064399003982,2.94739458374505,0.468800008296966,0.468800157308578,1.00001907348632,3.28160005807876,4.2192014157772,3.00005722045898,4.62626241286924,2.01804484798321,1.98355196668471,2.33231218065918,2.29244777066903,1.01738945179044,-0.455769030833569,0.711530098488694,-0.53478921967229,0.750860712354095,-0.0153095965268124,-0.660283126315738,0.477998725077932,0.70248881499911,0.527282356641122,0.53478921967229,57.6703820590376,122.641503391101,stretched_oval,prolate_like,273,292,83,-8.85226316048647,7.51493744878098,60.6725952103734
251470_R3498347_SWAN.nii.gz,251470_R3498347_SWAN,2,67,0.219777703285217,14.7251061201095,3.04102462571555,0.468800008296966,0.468800157308578,1.00001907348632,2.34400004148483,3.28160110116004,3.00005722045898,3.93711350384653,2.40120333526644,2.09845358838583,1.87619756073567,1.63964186040482,1.14427278666357,0.31326757890177,-0.74168547595838,-0.593098709121351,-0.0651787416929847,-0.639853963195198,0.765727521651609,0.947425540947858,0.201220179245989,0.248787627955791,0.593098709121351,53.6227882606725,-67.1021392038223,stretched_oval,prolate_like,365,374,92,-52.3052350565558,-30.9347272873856,67.9103900007903
251470_R3498347_SWAN.nii.gz,251470_R3498347_SWAN,3,29,0.219777703285217,6.3735533952713,2.30035220409815,0.468800008296966,0.468800157308578,1.00001907348632,2.34400004148483,3.28160110116004,3.00005722045898,2.9631540416347,2.14330686743269,1.49122497081671,1.98706036957779,1.38251506896165,1.43727935715751,-0.481403634441088,-0.875903621631292,0.0323014916079226,-0.874404557194467,0.477380873938751,-0.086741982655586,-0.0605575024621911,0.0700024771751714,0.995707006144318,0.0323014916079226,88.1489388683543,-118.793547005906,stretched_oval,general_ellipsoid,373,213,90,-55.4236078505055,44.583532733377,69.3543255124241
251470_R3498347_SWAN.nii.gz,251470_R3498347_SWAN,4,107,0.219777703285217,23.5162142515182,3.55459065938679,0.468800008296966,0.468800157308578,1.00001907348632,3.28160005807876,3.28160110116004,5.00009536743164,4.59976119333925,2.7062999335091,2.6278020056445,1.75042152470353,1.69964944993181,1.02987208613738,-0.326380052123763,-0.460823029965491,0.825298852918816,0.308685579034388,0.773279249216746,0.553852341357323,-0.893414391462267,0.435524210330732,-0.110133497828307,0.825298852918816,34.3811978677445,-125.308211182014,mildly_oval,prolate_like,381,310,117,-59.5644306398753,-2.04102494800463,94.2530642561614
251470_R3498347_SWAN.nii.gz,251470_R3498347_SWAN,5,185,0.219777703285217,40.6588751077652,4.2663083935019,0.468800008296966,0.468800157308578,1.00001907348632,4.21920007467269,4.2192014157772,5.00009536743164,4.87712395033745,3.42704585481738,3.36513004353202,1.44931217731438,1.42312771901831,1.01839923286304,0.115819914853967,0.60650623212222,0.786597697504973,0.659944291125181,0.544868848429841,-0.5172924420693,0.742333671561853,-0.579023426475687,0.33715366178918,0.786597697504973,38.131311851534,79.1888194520024,mildly_oval,prolate_like,402,249,85,-69.157546036673,28.0666818572208,63.5898160208016
26427553_R3519223_SWAN.nii.gz,26427553_R3519223_SWAN,1,35,0.307687848806381,10.7690747082233,2.73984875237714,0.4688001871109,0.468800038099288,1.40002226829528,4.2192016839981,2.34400019049644,1.40002226829528,4.36373074120396,2.2712997714116,0.0,,1.9212482632761,,-0.97556268233895,-0.212770884639567,0.0548270323593139,-0.2164326980485,0.973573957793316,-0.0728741100947638,0.0378726820159353,0.0829596248566304,0.995832998348903,0.0548270323593139,86.8570664878988,-167.696421873704,elongated,general_ellipsoid,164,228,43,38.3392759650014,36.1582951769232,17.0611975044012
26427553_R3519223_SWAN.nii.gz,26427553_R3519223_SWAN,2,89,0.307687848806381,27.3842185437679,3.73967542073887,0.4688001871109,0.468800038099288,1.40002226829528,3.2816013097763,3.28160026669502,4.20006680488586,4.4186502705231,2.97269190517841,2.7985589290777,1.57890199295511,1.48641379983772,1.062222372483,-0.0351094480930338,-0.382770778439502,-0.923175962548537,0.0145467723201971,-0.923843347745066,0.382494261711534,0.999277598102582,6.81112280187523e-08,-0.0380037094285341,0.923175962548537,22.6051065723878,-95.240760533768,mildly_oval,prolate_like,175,330,65,34.5034549029078,-8.93927954882383,51.8933845758438
26427553_R3519223_SWAN.nii.gz,26427553_R3519223_SWAN,3,69,0.307687848806381,21.2304615676403,3.43547615047879,0.4688001871109,0.468800038099288,1.40002226829528,3.2816013097763,3.28160026669502,4.20006680488586,3.89197012899799,2.9544445048518,2.61264376986508,1.48966735300426,1.31732720740111,1.13082561768624,-0.448761637753997,0.348745909763305,-0.822793584627222,-0.549983259185408,0.617912977300772,0.561873621999726,0.70436596105728,0.704670024129492,-0.0854912276037403,0.822793584627222,34.6345719874287,142.148166722002,mildly_oval,prolate_like,223,306,79,12.7241461060475,3.89917182177305,71.3344755470752
26427553_R3519223_SWAN.nii.gz,26427553_R3519223_SWAN,4,89,0.307687848806381,27.3842185437679,3.73967542073887,0.4688001871109,0.468800038099288,1.40002226829528,4.2192016839981,3.28160026669502,4.20006680488586,4.32841741366716,3.01837859659136,2.88099306210219,1.50240466407399,1.43402070852053,1.0476868675237,-0.570155821500607,0.0663139138837258,0.818855789522422,0.00315284945615112,-0.996552904390979,0.0828997484327378,0.821530522104488,0.0498475032005234,0.567981362084531,0.818855789522422,35.0295826181678,173.36582705923,mildly_oval,prolate_like,287,308,61,-18.2088415254838,0.874187983572483,47.457043595612
26427553_R3519223_SWAN.nii.gz,26427553_R3519223_SWAN,5,177,0.307687848806381,54.4607492387294,4.70285580703569,0.4688001871109,0.468800038099288,1.40002226829528,6.09440243244171,4.2192003428936,4.20006680488586,6.30865032311764,3.47591942029427,3.34925792631943,1.88359644491469,1.81495873761755,1.03781777837397,-0.895182878142357,-0.243540997726686,-0.373276569191071,-0.391162415302121,0.0278590275166989,0.91989990729472,0.213634219018809,-0.969490410995443,0.120203009330504,0.373276569191071,68.0821657219141,-164.780618775461,stretched_oval,prolate_like,326,180,39,-37.8345247437246,58.1185476705431,12.5052153468132
26553027_R3512310_SWAN.nii.gz,26553027_R3512310_SWAN,1,23,0.184648796916008,4.24692232906818,2.0092095420071,0.429701507091522,0.429701417684555,1.0000295639038,2.14850753545761,2.14850708842277,3.00008869171142,2.13675982549236,2.13675230748962,1.20608100941673,1.77165531072054,1.00000351842499,1.77164907730614,0.724466346944137,0.688422237802885,-0.0349762011071075,0.684223521214278,-0.712041048806648,0.157593520905719,-0.0835863934055738,0.138102741872834,0.986884465134928,0.0349762011071075,87.9956024765996,43.538648045922,mildly_oval,oblate_like,246,293,39,6.80767945107072,48.2315815612673,39.3880028277635
26553027_R3512310_SWAN.nii.gz,26553027_R3512310_SWAN,2,43,0.184648796916008,7.93989826738834,2.47517231370139,0.429701507091522,0.429701417684555,1.0000295639038,3.00791054964065,2.14850708842277,3.00008869171142,3.70159166461342,1.93631425884557,1.64699646794528,2.2474800260084,1.91166885628384,1.17566388060396,-0.730312786028692,-0.456058477036245,0.508580278900381,-0.550357026780152,-0.0482116988934075,-0.833536307045783,-0.404660818015186,0.888642952829307,0.215785367321531,0.508580278900381,59.4306909752587,-148.016455857809,stretched_oval,prolate_like,289,112,33,-10.5646403208374,124.345746923238,21.1854245141148
26553027_R3512310_SWAN.nii.gz,26553027_R3512310_SWAN,3,41,0.184648796916008,7.57060067355632,2.43618672440579,0.429701507091522,0.429701417684555,1.0000295639038,2.14850753545761,2.14850708842277,3.00008869171142,2.68336084720536,2.13989980871703,1.8432107065398,1.45580797555302,1.25396564655714,1.16096320465401,-0.0835863894351633,0.138102744371062,0.986884465121614,0.709507587441084,0.703652177730719,-0.0383744203649682,0.699723015817491,-0.696994436686546,0.156800689932406,0.986884465121614,9.28980175282551,121.184332837205,mildly_oval,prolate_like,289,179,33,-10.7638664236292,95.8319411762058,25.1587185636162
26553027_R3512310_SWAN.nii.gz,26553027_R3512310_SWAN,4,411,0.184648796916008,75.8906555324792,5.25286888460493,0.429701507091522,0.429701417684555,1.0000295639038,4.72671657800674,4.7267155945301,7.00020694732666,6.5665502697379,4.01774915075376,3.94698303282882,1.66368849704216,1.63438532953356,1.01792916699573,0.0221716330543378,0.0523192903859113,0.998384249946491,-0.546334751207445,0.836965769879075,-0.0317275853765363,0.837273407144167,0.54474855842328,-0.0471407444251371,0.998384249946491,3.25749091384266,67.0339595717171,mildly_oval,prolate_like,304,144,23,-16.2467163726687,109.315786302089,12.6742348074913
26553027_R3512310_SWAN.nii.gz,26553027_R3512310_SWAN,5,19,0.184648796916008,3.50832714140415,1.88524220454201,0.429701507091522,0.429701417684555,1.0000295639038,2.14850753545761,2.14850708842277,1.0000295639038,2.80680316109146,1.62050286432857,0.0,,1.73205689596507,,-0.709507334406616,-0.703652429992813,0.0383744731354886,-0.699723271989417,0.696994182445251,-0.15680067689235,-0.083586392789983,0.138102742198278,0.986884465141525,0.0383744731354886,87.8007646571876,-135.23738249657,elongated,general_ellipsoid,417,227,29,-65.3802349707111,74.5926552303135,19.4517690911889
27816424_R3510553_SWAN.nii.gz,27816424_R3510553_SWAN,1,159,0.0781255960464477,12.4219697713851,2.87340790306319,0.312500149011611,0.312500029802322,0.800005614757537,2.8125013411045,2.8125002682209,2.40001684427261,2.62353149822181,2.62353056276164,2.41515907142556,1.08627689548964,1.00000035656538,1.08627650816104,0.984480608273484,-0.136711781858922,-0.110035542596148,-0.151410195032363,-0.978691924049295,-0.13869776725294,0.0887292779962292,-0.153205765236324,0.984202778254878,0.110035542596148,83.6826355524213,-7.90592733862901,spherical,near_spherical,248,180,13,2.21625487506389,41.7147733420133,7.29548388719558
27816424_R3510553_SWAN.nii.gz,27816424_R3510553_SWAN,2,47,0.0781255960464477,3.67190301418304,1.91409810422448,0.312500149011611,0.312500029802322,0.800005614757537,2.18750104308128,2.8125002682209,2.40001684427261,3.31883335698813,1.34849768850231,1.27329604658195,2.60648995643805,2.46113388646155,1.05906061054869,-0.566055127760351,-0.759330625920641,-0.320933938490741,-0.762018563351626,0.630485500556835,-0.147701532473837,-0.314498491957808,-0.160950408904616,0.935513583241687,0.320933938490741,71.2805850761788,-126.703275117034,elongated,prolate_like,260,350,17,-4.29097617045044,-11.0589585229754,2.91850534081459
27816424_R3510553_SWAN.nii.gz,27816424_R3510553_SWAN,3,323,0.0781255960464477,25.2345675230026,3.63914266269667,0.312500149011611,0.312500029802322,0.800005614757537,3.43750163912773,3.43750032782554,4.00002807378768,3.64167048455888,3.16872003184754,3.01555304151994,1.2076293914974,1.14925599231169,1.0507923383269,-0.4899539987202,0.582007935261995,-0.649008353128182,-0.454494934292225,0.464759187390019,0.759890289738772,0.74389477336569,0.667282294856261,0.0368090359907633,0.649008353128182,49.5331223900292,130.091808736839,spherical,near_spherical,441,263,21,-58.6849192287772,17.7548748422414,15.5589897725731
27816424_R3510553_SWAN.nii.gz,27816424_R3510553_SWAN,4,473,0.0781255960464477,36.9534069299697,4.13255479479426,0.312500149011611,0.312500029802322,0.800005614757537,3.43750163912773,5.31250050663948,4.00002807378768,5.19127932430427,3.15999597379183,3.06752852086809,1.69233286308131,1.64281200588841,1.03014395866075,-0.304550998681046,-0.697225333541852,-0.648941849066485,0.061000758112405,-0.694185155801895,0.717206997298555,-0.950540686510624,0.178840162524387,0.253946056390252,0.648941849066485,49.5381307414312,-113.595910626508,mildly_oval,prolate_like,443,149,17,-57.536860929802,53.4425714816898,17.7594215851277
27816424_R3510553_SWAN.nii.gz,27816424_R3510553_SWAN,5,91,0.0781255960464477,7.10942924022674,2.38567916605821,0.312500149011611,0.312500029802322,0.800005614757537,2.18750104308128,2.18750020861625,4.00002807378768,2.72049223809501,1.9316427979821,1.84466213797563,1.47479160659768,1.40838266833649,1.04715262389562,-0.474866562709012,0.157938745849651,-0.86576965769214,0.87816804036494,0.0206035114581357,-0.477908347067922,0.0576423499046215,0.987233937765023,0.148480677606346,0.86576965769214,30.0292933745037,161.603078177661,mildly_oval,prolate_like,466,326,17,-67.8723238892853,-0.850747194141149,10.2396396882832
29170651_R3508378_SWAN.nii.gz,29170651_R3508378_SWAN,1,237,0.147713556885719,35.0081129819154,4.058728737868,0.429698795080184,0.429698973894119,0.800003468990325,3.86728915572166,4.72668871283531,4.00001734495163,4.56172539359098,3.28917191591022,3.20973034684582,1.42121764156099,1.38689174972132,1.02475023147737,-0.196408698865535,-0.805643997636318,0.558892988042003,-0.745561376242822,-0.247497227170484,-0.618775691828492,-0.636837386830308,0.538221953858714,0.55204643927812,0.558892988042003,56.0207249866485,-103.700930545605,mildly_oval,prolate_like,261,231,22,-4.08577256090939,42.3838660009205,16.4565601479262
29170651_R3508378_SWAN.nii.gz,29170651_R3508378_SWAN,2,375,0.147713556885719,55.3925838321447,4.7295265425204,0.429698795080184,0.429698973894119,0.800003468990325,5.5860843360424,4.72668871283531,5.60002428293228,6.69073374735605,3.40764394749025,3.34724423533987,1.99887826430947,1.96344860274613,1.01804460861047,-0.711485567799175,0.536333995936804,0.454019968300894,-0.420011880889476,-0.84257202786149,0.337138543891173,0.563363387810363,0.0491754274799592,0.82474448807312,0.454019968300894,62.99810502126,142.99018239718,stretched_oval,prolate_like,286,267,21,-14.1683189515024,26.459341738373,16.1608548685908
29170651_R3508378_SWAN.nii.gz,29170651_R3508378_SWAN,3,145,0.147713556885719,21.4184657484293,3.445587199048,0.429698795080184,0.429698973894119,0.800003468990325,3.86728915572166,3.00789281725883,4.00001734495163,4.18470338672138,2.83689179341214,2.49764123952396,1.67546216025763,1.47510151653973,1.13582837619739,-0.760501757924861,0.413021128293465,0.501049522279373,0.599172849269267,0.148968417815042,0.786638612828172,-0.250257812848557,-0.898455317796536,0.360761789871627,0.501049522279373,59.9305398393995,151.494044157751,mildly_oval,prolate_like,335,150,22,-37.2417125590145,75.7870842628181,13.7299847733229
29170651_R3508378_SWAN.nii.gz,29170651_R3508378_SWAN,4,139,0.147713556885719,20.5321844071149,3.39739083821699,0.429698795080184,0.429698973894119,0.800003468990325,3.00789156556129,5.58608666062355,2.40001040697097,5.01777186183488,2.44829425200344,2.2533017013129,2.22685309246926,2.04949705605395,1.08653637041898,-0.0329924880952406,0.965710237844323,-0.257517440675278,0.998722773302019,0.0417201690536187,0.0284999926677488,-0.038266405856961,0.256248246856047,0.965853259126867,0.257517440675278,75.0771933021303,91.9566898169449,stretched_oval,prolate_like,344,335,51,-38.6195651758462,-2.51021453365683,40.9362402670085
29170651_R3508378_SWAN.nii.gz,29170651_R3508378_SWAN,5,393,0.147713556885719,58.0514278560876,4.80401949718715,0.429698795080184,0.429698973894119,0.800003468990325,5.5860843360424,4.72668871283531,4.00001734495163,5.32166135621589,3.90510927608126,3.81292726891429,1.39568918599677,1.362743262733,1.02417617768859,-0.828718457514001,0.492816557054203,0.265249993909244,0.542774912996054,0.823267097693547,0.166212754256011,0.13645919535795,-0.281714619692489,0.949745103200735,0.265249993909244,74.618191998713,149.261190134103,mildly_oval,prolate_like,419,320,60,-71.2853235602378,2.94453725591301,46.867905197665
29616713_R3502285_SWAN.nii.gz,29616713_R3502285_SWAN,1,55,0.219778984785079,12.0878441631793,2.84741046403585,0.468799978494644,0.468800067901611,1.00002515316009,2.34399989247322,3.28160047531127,3.00007545948028,3.36606215836424,2.28759073549486,2.13730846848902,1.574907042194,1.47144421689401,1.07031379383064,-0.249557662879835,0.558118280484828,0.791343767200205,-0.104110680746471,0.796999434035342,-0.594939382039758,0.962747079482696,0.230859020044706,0.140791241956085,0.791343767200205,37.6887334653588,114.091384562318,mildly_oval,prolate_like,207,162,56,36.0839359760284,66.5791111253202,-1.72300550621002
29616713_R3502285_SWAN.nii.gz,29616713_R3502285_SWAN,2,99,0.219778984785079,21.7581194937229,3.46370512131509,0.468799978494644,0.468800067901611,1.00002515316009,3.2815998494625,3.28160047531127,5.00012576580047,4.50587956188627,2.74828836057542,2.43840316783016,1.84788127793316,1.63952212094034,1.12708529780209,-0.213347378503778,0.0333803523943168,0.976405985315328,0.96200195143764,-0.167133071905893,0.215913829352059,-0.170397011463629,-0.985369112743712,-0.00354543860939692,0.976405985315328,12.4708531887247,171.107590214091,stretched_oval,prolate_like,215,199,77,30.5605567395687,49.4331994317472,19.048791882582
29616713_R3502285_SWAN.nii.gz,29616713_R3502285_SWAN,3,35,0.219778984785079,7.69226446747779,2.44916772857091,0.468799978494644,0.468800067901611,1.00002515316009,2.34399989247322,2.34400033950805,3.00007545948028,2.6256309724471,2.08416858628827,2.0095735788228,1.30656125265399,1.25979778685903,1.0371198189763,-0.340680238844922,0.0589264079064993,-0.938330780328452,0.124776378807033,0.992039298459945,0.0169966350465033,0.931862559690198,-0.111291099205359,-0.345320808937562,0.938330780328452,20.2269039308787,170.186819481953,mildly_oval,prolate_like,258,208,64,9.81244027614593,48.0070104077458,6.3739022668451
29616713_R3502285_SWAN.nii.gz,29616713_R3502285_SWAN,4,179,0.219778984785079,39.3404382765293,4.21968654001164,0.468799978494644,0.468800067901611,1.00002515316009,4.21919980645179,3.28160047531127,5.00012576580047,5.18098415366141,3.25348340226201,3.18373545139896,1.62732872525097,1.59244216523719,1.02190758369461,-0.356667191253169,0.0702569034738874,0.931586003650675,0.928747245747024,0.13455392226236,0.345432765558118,0.101079514249381,-0.988412469325471,0.1132418751215,0.931586003650675,21.3165908576937,168.856449063069,mildly_oval,prolate_like,361,270,96,-41.165257692337,24.5645217336714,38.8109235865995
29616713_R3502285_SWAN.nii.gz,29616713_R3502285_SWAN,5,141,0.219778984785079,30.9888368546962,3.89704616995576,0.468799978494644,0.468800067901611,1.00002515316009,5.15679976344108,4.2192006111145,3.00007545948028,5.46475811167151,2.88371198179391,2.65082115065254,2.06153406853807,1.89504296759621,1.08785610869448,-0.685807843719117,0.719921705262566,-0.10667867540035,-0.0201060570466905,0.127782658783218,0.991598375646272,0.727504878308984,0.682190831370614,-0.0731595628096549,0.10667867540035,83.8761091355648,133.609834496656,stretched_oval,prolate_like,374,170,32,-42.4632439017295,73.0643920525908,-24.2538115512579
29733868_R3507094_SWAN.nii.gz,29733868_R3507094_SWAN,1,53,0.219754204154014,11.6469728201627,2.81236367512025,0.46879842877388,0.468798041343688,0.999920010566711,3.28158900141716,2.34399020671844,2.99976003170013,3.76647130258212,2.18484305479425,1.89675457012581,1.98574521021572,1.72390931894044,1.15188495612763,-0.576581425705862,0.418752867437966,0.701569594226742,0.631877762897763,0.772896445793009,0.0579791068907722,0.51796172859229,-0.476735901829319,0.710238359722052,0.701569594226742,45.4469311943849,144.010281433076,stretched_oval,prolate_like,231,131,70,6.79590805713087,91.0269153499975,0.978808653657324
29733868_R3507094_SWAN.nii.gz,29733868_R3507094_SWAN,2,221,0.219754204154014,48.5656791180372,4.52665033062093,0.46879842877388,0.468798041343688,0.999920010566711,4.21918585896492,4.2191823720932,6.99944007396698,6.04191044264044,3.38476356538268,3.27229763752197,1.84638169014962,1.78503175360118,1.03436910095558,-0.161912953189422,0.381523151175738,0.910068283540534,-0.464154148051522,-0.843294986701887,0.270951088298289,0.870830134088184,-0.378541477939204,0.313625934902644,0.910068283540534,24.4852104872923,112.995671327621,stretched_oval,prolate_like,241,229,96,1.24796210881322,51.1085005989298,35.3924407436279
29733868_R3507094_SWAN.nii.gz,29733868_R3507094_SWAN,3,145,0.219754204154014,31.8643596023321,3.93340673830475,0.46879842877388,0.468798041343688,0.999920010566711,3.28158900141716,5.15677845478057,2.99976003170013,5.25040401511197,3.06546701477083,2.67222760112635,1.96480420039779,1.71275828114055,1.14715790431875,-0.159012902967418,-0.977322668313453,-0.139840261336088,-0.985241897141285,0.166174099654548,-0.0410435466479285,-0.0633506180499825,-0.131250030874935,0.989323065832397,0.139840261336088,81.9613970320164,-99.2411932968539,stretched_oval,prolate_like,272,208,104,-12.9913107007741,62.6629032939672,41.3797126393765
29733868_R3507094_SWAN.nii.gz,29733868_R3507094_SWAN,4,51,0.219754204154014,11.2074644118547,2.77653348473258,0.46879842877388,0.468798041343688,0.999920010566711,2.3439921438694,2.34399020671844,4.99960005283355,3.76484852190569,2.10258703693327,1.99634777186005,1.88586807117172,1.79057915595109,1.05321681250668,-0.174480786253999,-0.399270135989018,-0.900077670945956,-0.766450339176511,-0.518782516005656,0.378706454477674,0.618150736313074,-0.755941836118461,0.215503149864339,0.900077670945956,25.8317213854143,-113.605296164399,stretched_oval,prolate_like,313,266,72,-33.0813325215131,30.2690137838944,15.3102568079484
29733868_R3507094_SWAN.nii.gz,29733868_R3507094_SWAN,5,209,0.219754204154014,45.928628668189,4.44319068641647,0.46879842877388,0.468798041343688,0.999920010566711,4.21918585896492,6.09437453746795,4.99960005283355,5.76920177429488,3.42320898479293,3.22976653275004,1.78625969270372,1.68531976865089,1.05989363320269,-0.399513188296523,-0.908676156950945,-0.121230582634942,-0.912975711538098,0.40633567925068,-0.0369684447791825,-0.082852655471326,-0.0959111962012197,0.991935723686066,0.121230582634942,83.0368716888894,-113.733416202006,mildly_oval,prolate_like,323,315,124,-37.8980373507365,17.910070550628,70.7834299594396
300787_R3523193_SWAN.nii.gz,300787_R3523193_SWAN,1,55,0.219774156808853,12.0875786244869,2.84738961380047,0.468799948692321,0.468800127506256,1.00000309944152,2.3439997434616,2.34400063753128,3.00000929832458,3.40430838883813,2.19516226876716,2.18968983173015,1.55469890735541,1.55082311557315,1.00249918365501,-0.40527857596614,0.377932487239283,-0.832415948280657,0.67188790493906,0.740596666238773,0.00912256283153836,-0.619932189081561,0.555593028254624,0.554076229318131,0.832415948280657,33.6522799113922,136.999689888332,mildly_oval,prolate_like,208,308,90,23.2232758551836,-12.5137481056153,15.7152927103452
300787_R3523193_SWAN.nii.gz,300787_R3523193_SWAN,2,271,0.219774156808853,59.5587964951992,4.84524524131935,0.468799948692321,0.468800127506256,1.00000309944152,4.21919953823089,6.09440165758132,5.00001549720764,5.71331851454068,3.87128938350496,3.7450543869134,1.52556356311008,1.47581798944928,1.03370711972372,-0.290469617606649,0.952788398875938,0.0884401956967074,0.923789587080937,0.303320361292976,-0.233686878591695,0.249479859003244,-0.0138211935997971,0.968281350930192,0.0884401956967074,84.9261209632867,106.954506977317,mildly_oval,prolate_like,258,302,100,-0.411330521106719,-10.8850951790809,25.5182953171897
300787_R3523193_SWAN.nii.gz,300787_R3523193_SWAN,3,67,0.219774156808853,14.7248685061931,3.04100826830863,0.468799948692321,0.468800127506256,1.00000309944152,3.28159964084625,2.34400063753128,3.00000929832458,3.22480372042758,2.62020355673545,2.39829329457978,1.34462441591932,1.23074549385216,1.09252840870513,-0.31459648080901,-0.265721625815572,0.911274421805261,-0.920761905064149,0.318758019421352,-0.224924074383368,0.230708839113772,0.909827094907876,0.344946501542297,0.911274421805261,24.3179344407082,-139.81413536736,mildly_oval,prolate_like,278,237,75,-11.0382864102721,19.2063112165778,0.557690835441462
300787_R3523193_SWAN.nii.gz,300787_R3523193_SWAN,4,177,0.219774156808853,38.900025755167,4.20388108039476,0.468799948692321,0.468800127506256,1.00000309944152,4.21919953823089,4.2192011475563,5.00001549720764,3.83762506436917,3.76104067697967,3.76103913722088,1.0203629700075,1.02036255227396,1.00000040939717,-0.00865988761984682,-0.0044092955056153,0.999952781114966,-0.033554704791772,0.999428405201299,0.00411638957395068,-0.999399363684382,-0.0335174729049142,-0.0088028902821566,0.999952781114966,0.556797405791769,-153.016483029124,spherical,near_spherical,298,278,90,-19.5999680310487,-0.512520257383585,15.3973498179111
300787_R3523193_SWAN.nii.gz,300787_R3523193_SWAN,5,167,0.219774156808853,36.7022841870784,4.12317236528528,0.468799948692321,0.468800127506256,1.00000309944152,3.28159964084625,7.03200191259384,3.00000929832458,6.37235935366888,2.92767116898128,2.64363403122568,2.41045442689902,2.17659668243623,1.10744192819454,-0.292042794375141,0.953677945900253,0.0721760469756568,0.191635658203359,-0.0155855554712986,0.981342379073489,0.937009488083511,0.300425474892067,-0.178207051704895,0.0721760469756568,85.8610182186359,107.026049652017,stretched_oval,prolate_like,313,181,102,-28.9342429339885,44.5132222250103,27.5156577926827
30157767_R3515793_SWAN.nii.gz,30157767_R3515793_SWAN,1,119,0.307677298784256,36.6135985553264,4.11984867507381,0.468799918889999,0.468799859285354,1.39997553825378,3.28159943222999,4.21919873356819,4.19992661476135,4.91360553639027,3.30618908684209,3.02671897323203,1.62340989693647,1.48618406489372,1.0923343449067,0.170343736776958,-0.625111433476413,-0.761720885284055,-0.144925766039041,-0.780505862941854,0.608117686185321,0.97466893542313,-0.0068039437427631,0.223549038626173,0.761720885284055,40.3838568969458,-74.7569279291065,mildly_oval,prolate_like,183,254,56,32.3144583292305,12.2159741241484,11.694559764117
30157767_R3515793_SWAN.nii.gz,30157767_R3515793_SWAN,2,19,0.307677298784256,5.84586867690086,2.23503062109989,0.468799918889999,0.468799859285354,1.39997553825378,2.34399959444999,2.34399929642677,4.19992661476135,3.00355521175424,1.91231397571567,1.69880428089382,1.76804075992434,1.57063915753174,1.12568233858553,-0.494854203723933,-0.264092970460632,0.827873311570092,-0.728668355813978,-0.392964047578392,-0.560911476568415,-0.473457225409123,0.880814486860931,-0.00202372028896062,0.827873311570092,34.1191085410261,-151.912125361598,mildly_oval,prolate_like,270,123,40,-7.67689651064574,75.269713319838,-7.32265231758356
30157767_R3515793_SWAN.nii.gz,30157767_R3515793_SWAN,3,21,0.307677298784256,6.46122327446937,2.31085152359204,0.468799918889999,0.468799859285354,1.39997553825378,2.34399959444999,2.34399929642677,1.39997553825378,2.94619202160407,2.08099351561424,0.0,,1.41576223063551,,-0.581540128044872,0.811984470369521,0.0499229341313232,0.809469493440749,0.583670115735008,-0.0639400906056496,0.0810568853480683,-0.00322736372434803,0.996704251752274,0.0499229341313232,87.1384370876928,125.610091431168,elongated,general_ellipsoid,322,222,68,-30.6239854507148,29.7354161608964,33.7250085249543
30157767_R3515793_SWAN.nii.gz,30157767_R3515793_SWAN,4,55,0.307677298784256,16.922251433134,3.18532077225328,0.468799918889999,0.468799859285354,1.39997553825378,3.28159943222999,3.28159901499748,4.19992661476135,3.23310494922496,2.79538264604386,2.79538226662103,1.15658777256715,1.1565876155812,1.000000135732,-0.0810568864408307,0.00322736317393834,-0.996704251665187,0.992528009170618,-0.0912419513828273,-0.0810126985087065,0.0912026982732807,0.995823523740425,-0.00419254014597782,0.996704251665187,4.65301015267385,177.719914076166,spherical,near_spherical,360,247,80,-47.4701556768268,18.6768813803792,51.9144707024097
30157767_R3515793_SWAN.nii.gz,30157767_R3515793_SWAN,5,35,0.307677298784256,10.7687054574489,2.73981743731173,0.468799918889999,0.468799859285354,1.39997553825378,2.34399959444999,2.34399929642677,4.19992661476135,3.88699675223586,2.05814050840352,1.92437851592256,2.01987120520953,1.88859639872253,1.06950919030439,-0.343000249579401,0.133100485140083,0.929857564169879,-0.357724547719314,-0.933825579494116,0.00171319627851366,0.868552805963736,-0.332045249834945,0.367915717678069,0.929857564169879,21.5873772717567,158.791367557094,stretched_oval,prolate_like,380,314,49,-61.5752769969403,-12.1959862005896,9.41885428130626
31050446_R3508188_SWAN.nii.gz,31050446_R3508188_SWAN,1,57,0.219778537750244,12.5273766517639,2.88151247625054,0.468798518180847,0.468800455331802,1.00002539157867,3.28158962726593,2.34400227665901,3.00007617473602,4.07434824118778,2.18678881019903,1.92290904519766,2.11884605325623,1.86316493946983,1.13722945745165,-0.771442190714744,0.444187758407455,0.455603096638068,0.338080944785559,-0.320457081895711,0.884877694054827,0.539053078238256,0.836662712174891,0.0970426962631095,0.455603096638068,62.8962547572441,150.067145392454,stretched_oval,prolate_like,138,288,99,47.689172077924,8.22255142405629,72.9199762940406
31050446_R3508188_SWAN.nii.gz,31050446_R3508188_SWAN,2,255,0.219778537750244,56.0435271263122,4.74798071060275,0.468798518180847,0.468800455331802,1.00002539157867,5.15678369998931,4.21920409798622,5.00012695789337,5.32788783684764,3.9326653472312,3.68561843374029,1.44558855796711,1.35477783295208,1.06702997554746,-0.653521977583383,-0.455510749896466,-0.604498950821474,-0.699364474831203,0.0579519321764756,0.71241203309678,0.289479457232424,-0.88834201200088,0.356440897702058,0.604498950821474,52.8072046295083,-145.123153096601,mildly_oval,prolate_like,150,223,81,45.3867277055978,38.0189073048532,53.144061980769
31050446_R3508188_SWAN.nii.gz,31050446_R3508188_SWAN,3,101,0.219778537750244,22.1976323127746,3.48687204212983,0.468798518180847,0.468800455331802,1.00002539157867,3.28158962726593,3.28160318732261,3.00007617473602,3.79455641998472,2.92451765600697,2.68041736430495,1.41565879646831,1.29749820870142,1.09106801610551,-0.654951974894457,0.569897607828111,0.49624049328289,-0.470831613540437,-0.821398927962846,0.321902769221384,0.591063027326831,-0.022814857730945,0.806302660292001,0.49624049328289,60.2484168210053,138.972280318181,mildly_oval,prolate_like,193,261,121,21.6632680520415,23.816119980067,92.6316021475941
31050446_R3508188_SWAN.nii.gz,31050446_R3508188_SWAN,4,89,0.219778537750244,19.5602898597717,3.34291669856857,0.468798518180847,0.468800455331802,1.00002539157867,4.21918666362762,3.28160318732261,3.00007617473602,3.72826239414332,2.81917996404153,2.52582572275651,1.47605686352522,1.32246342613706,1.11614191693513,-0.868593182735425,-0.360201912071548,0.340294674430182,-0.349108864675166,-0.0425366821046499,-0.936116248807136,-0.351665869129718,0.931904079407064,0.0888026084848395,0.340294674430182,70.1051717601863,-157.476422028642,mildly_oval,prolate_like,249,273,74,-2.13455351814627,17.5746397450566,44.416770638898
31050446_R3508188_SWAN.nii.gz,31050446_R3508188_SWAN,5,59,0.219778537750244,12.9669337272644,2.91482771076015,0.468798518180847,0.468800455331802,1.00002539157867,2.34399259090423,3.28160318732261,3.00007617473602,3.68410858128892,2.25798069868169,2.10008333931215,1.75426780086526,1.63159436368958,1.07518623495258,-0.360443839022979,-0.585182369685331,0.726389587700592,-0.0456240293684013,0.788863608348012,0.612872462563252,-0.931664471177562,0.187765283355613,-0.311039405078871,0.726389587700592,43.4154317758274,-121.631046337759,mildly_oval,prolate_like,363,157,106,-53.2100316397845,77.2104856744408,70.3473215345293
32641848_R3521096_SWAN.nii.gz,32641848_R3521096_SWAN,1,53,0.307699799537658,16.3080893754959,3.14630982796817,0.468799978494644,0.468800008296966,1.40007734298706,2.34399989247322,3.28160005807876,4.20023202896118,4.1334036909625,2.48714852713949,2.20303347094855,1.87623281510234,1.66190464536365,1.12896538338503,-0.269746321460211,0.477712160700483,-0.836078951760872,-0.382718393375779,-0.849927089511941,-0.362147171583076,0.883608257900833,-0.222294925791472,-0.412093936544591,0.836078951760872,33.2716462647644,119.451804296005,stretched_oval,prolate_like,228,324,35,9.48567995429039,8.57895019650459,-55.2566460371017
32641848_R3521096_SWAN.nii.gz,32641848_R3521096_SWAN,2,127,0.307699799537658,39.0778745412826,4.21027797949809,0.468799978494644,0.468800008296966,1.40007734298706,6.09439972043037,4.21920007467269,4.20023202896118,6.0638140955878,3.30627287777897,2.78895464680521,2.17422470549458,1.83403316052401,1.18548821923882,-0.789983251259289,-0.576656892112547,0.20831056504388,0.354401190216564,-0.152221222572994,0.922620450549122,-0.500326152727283,0.802680215389342,0.32462010523015,0.20831056504388,77.976634609265,-143.872017006341,stretched_oval,prolate_like,251,389,57,3.18421866744756,-28.2016651183366,-30.7408205717802
32641848_R3521096_SWAN.nii.gz,32641848_R3521096_SWAN,3,97,0.307699799537658,29.8468805551528,3.84857636495839,0.468799978494644,0.468800008296966,1.40007734298706,3.2815998494625,3.28160005807876,4.20023202896118,4.58527132332799,3.03110147675722,2.91721878744018,1.57179548653308,1.51274094862487,1.03903810362368,-0.257157221620537,-0.0997416368033086,-0.961208494165653,0.544562192588239,-0.836651662657661,-0.0588728611132547,-0.79832460927363,-0.538577386510024,0.269466541463197,0.961208494165653,16.0110551482533,-158.800595708001,mildly_oval,prolate_like,300,246,53,-23.3808729499578,36.8829424083232,-20.1825658231973
32641848_R3521096_SWAN.nii.gz,32641848_R3521096_SWAN,4,31,0.307699799537658,9.53869378566742,2.63125796776813,0.468799978494644,0.468800008296966,1.40007734298706,2.34399989247322,3.28160005807876,4.20023202896118,3.473705973792,2.19266501549154,1.80229922642164,1.92737472383474,1.58423924733129,1.2165932179003,-0.368508439461817,-0.816803803014644,-0.443884081068728,-0.879081948089338,0.461480217069949,-0.119377291795911,-0.302351548017981,-0.346218943204854,0.888096832995841,0.443884081068728,63.6480353233325,-114.282947545062,stretched_oval,general_ellipsoid,379,292,68,-57.1513893604278,9.05988182127475,-1.12673372775316
32641848_R3521096_SWAN.nii.gz,32641848_R3521096_SWAN,5,55,0.307699799537658,16.9234889745712,3.18539841894177,0.468799978494644,0.468800008296966,1.40007734298706,2.34399989247322,3.28160005807876,4.20023202896118,4.28106796643178,2.44369398874838,2.23315144609036,1.91705223303451,1.75188382266491,1.09428045868837,-0.141853196086241,0.126004156096287,0.981835334160764,0.285644143213381,0.954883043722991,-0.0812760497207458,0.947779032374113,-0.268926245384823,0.171445560850114,0.981835334160764,10.9373204896524,138.386226156228,stretched_oval,prolate_like,384,361,60,-59.023927129805,-20.392161488533,-18.6298864260315
33798357_R3516607_SWAN.nii.gz,33798357_R3516607_SWAN,1,115,0.21976962685585,25.2735070884227,3.64101355939048,0.468800127506256,0.468799918889999,0.999982595443725,3.28160089254379,4.21919927000999,4.99991297721862,4.80744973372583,2.73765400105918,2.67652850573539,1.79615114258047,1.75604723309295,1.02283760295951,-0.401211661692345,-0.605570664895023,0.687250589189027,0.515509242278843,0.470906277780759,0.715889306158265,-0.757152179979136,0.641507168600062,0.123244184396552,0.687250589189027,46.5871386996669,-123.52586039581,mildly_oval,prolate_like,264,285,50,2.62828883901238,0.742592900991439,-4.7466027115006
33798357_R3516607_SWAN.nii.gz,33798357_R3516607_SWAN,2,151,0.21976962685585,33.1852136552333,3.98702230475661,0.468800127506256,0.468799918889999,0.999982595443725,5.15680140256881,3.28159943222999,4.99991297721862,5.4878404113938,2.94381133907553,2.84772955165213,1.92709325511967,1.86419569031118,1.03373978661971,-0.786374037845326,-0.337859998485048,0.517171629177896,0.321395434752002,0.491200657592747,0.809584392451474,-0.527561225947669,0.802852748269653,-0.277680783405075,0.517171629177896,58.8572795165208,-156.749566432625,stretched_oval,prolate_like,278,132,58,-11.9851851761341,71.3560922518372,2.45952184032648
33798357_R3516607_SWAN.nii.gz,33798357_R3516607_SWAN,3,123,0.21976962685585,27.0316641032695,3.72355740230953,0.468800127506256,0.468799918889999,0.999982595443725,3.28160089254379,3.28159943222999,4.99991297721862,3.72640870532599,3.26564209465881,3.09490274840496,1.20404710850655,1.1410952570157,1.05516791968401,-0.329077244334135,0.2140480351908,0.919723657351712,0.626950054247319,0.777855672447616,0.0432918274083134,0.706145733358727,-0.590867152134914,0.390172028453142,0.919723657351712,23.1142840924004,146.958042581203,spherical,near_spherical,279,167,91,-12.9006517343223,54.9170815683901,35.4341343624983
33798357_R3516607_SWAN.nii.gz,33798357_R3516607_SWAN,4,53,0.21976962685585,11.64779022336,2.81242946564279,0.468800127506256,0.468799918889999,0.999982595443725,2.34400063753128,2.34399959444999,2.99994778633117,3.28171298341164,2.35479323827703,2.0199618286357,1.62464108820716,1.39363105433953,1.16576125592803,-0.430130073520062,-0.0413285355586144,0.901820421149469,-0.105571857774215,0.994400178541271,-0.00478202500919283,0.896572753712561,0.0972637500082541,0.432084552182331,0.901820421149469,25.6016051438481,-174.511651577419,mildly_oval,prolate_like,292,270,104,-14.7096746638417,6.2282684892416,48.234075710643
33798357_R3516607_SWAN.nii.gz,33798357_R3516607_SWAN,5,43,0.21976962685585,9.45009395480156,2.62308582988799,0.468800127506256,0.468799918889999,0.999982595443725,2.34400063753128,2.34399959444999,2.99994778633117,2.93753255932246,2.12627715723455,2.06703090083284,1.42113625787542,1.38153793795303,1.02866249187558,-0.249596225073361,0.14791368651212,0.956986554645112,-0.626953065984078,-0.777853228513294,-0.0432921233552791,0.737991583612097,-0.610791205105181,0.286884168757826,0.956986554645112,16.8658750126993,149.348514456895,mildly_oval,prolate_like,333,364,42,-25.0279456675052,-39.4851330406963,-14.6868374096229
34545222_R3519062_SWAN.nii.gz,34545222_R3519062_SWAN,1,53,0.219769909977912,11.6478052288293,2.81243067336274,0.468799918889999,0.468800008296966,0.999984085559845,3.28159943222999,2.34400004148483,2.99995225667953,3.50012650791028,2.22081221036429,2.11260295788672,1.65678387168951,1.57605694510124,1.05122081840963,-0.865527170575038,-0.0176045433499293,-0.500552491802617,-0.498872256424869,-0.0586909888450055,0.864685977449591,0.0446003224868144,-0.998120958542518,-0.0420162272489601,0.500552491802617,59.963440699942,-178.834783000313,mildly_oval,prolate_like,263,284,66,-2.88668503449298,9.00593750923872,21.875205270946
34545222_R3519062_SWAN.nii.gz,34545222_R3519062_SWAN,2,43,0.219769909977912,9.45010612905025,2.62308695629956,0.468799918889999,0.468800008296966,0.999984085559845,2.34399959444999,2.34400004148483,2.99995225667953,2.61857301152658,2.27834135298485,2.27834102079434,1.14933321554014,1.14933304796315,1.00000014580368,0.00187556932713691,-0.0419740176371654,0.99911694214596,0.259028513399517,0.965038723696041,0.0400560983266088,-0.965867854049266,0.258724648246953,0.0126824644196237,0.99911694214596,2.40804264153965,-87.4414941377097,spherical,near_spherical,276,264,62,-9.40068084164522,18.2601621672511,18.2727421671152
34545222_R3519062_SWAN.nii.gz,34545222_R3519062_SWAN,3,175,0.219769909977912,38.4597342461347,4.18796026250918,0.468799918889999,0.468800008296966,0.999984085559845,5.15679910778999,3.28160005807876,4.99992042779922,5.57840429802733,3.11360024548519,3.03352189932106,1.83892006821372,1.79162508292969,1.02639781376955,-0.645276742580532,-0.0513852889310064,-0.762218785891645,0.221774491654968,-0.967368383732345,-0.122533607660309,-0.731049930125048,-0.248108770978672,0.63561626586142,0.762218785891645,40.3398064711289,-175.446976171361,stretched_oval,prolate_like,331,239,60,-35.6854379489086,28.8911018073558,16.7669664155691
34545222_R3519062_SWAN.nii.gz,34545222_R3519062_SWAN,4,45,0.219769909977912,9.88964594900608,2.66314026300717,0.468799918889999,0.468800008296966,0.999984085559845,2.34399959444999,4.21920007467269,2.99995225667953,3.96446915476662,2.02326883323393,1.87118368011242,2.11869588052865,1.9594376632738,1.08127751152274,-0.382116763605281,0.885814235336044,-0.263286762766084,0.182184263902242,0.351525923562583,0.918280141922861,0.905977744184824,0.302923530844819,-0.295705362653916,0.263286762766084,74.7348232164417,113.334085937116,stretched_oval,prolate_like,331,146,53,-37.6430554107064,72.7013925947249,11.6050850786268
34545222_R3519062_SWAN.nii.gz,34545222_R3519062_SWAN,5,85,0.219769909977912,18.6804423481225,3.2920228770224,0.468799918889999,0.468800008296966,0.999984085559845,3.28159943222999,3.28160005807876,2.99995225667953,3.20403681519905,2.87147007636792,2.7297189709803,1.17376068718473,1.1158175881992,1.05192882743409,-0.713280063602077,0.662104378688534,-0.229889848817396,-0.189178402145062,0.133953462071752,0.972763076067771,0.674865233235241,0.737342703036017,0.0297095144672879,0.229889848817396,76.7094132242741,137.130894204995,spherical,near_spherical,401,209,91,-69.0378339424496,40.1626115404069,48.3300103414803
34677094_R3515308_SWAN.nii.gz,34677094_R3515308_SWAN,1,179,0.219768419861793,39.338547155261,4.21961892454029,0.468800127506256,0.468797922134399,0.99998128414154,6.09440165758132,3.28158545494079,4.9999064207077,6.30208470507703,2.98176365611775,2.90429528177258,2.16991872163586,2.11354266531047,1.02667372523426,-0.880556988122139,0.069572541469882,0.468805985608852,0.401667791334198,-0.415483149595045,0.816110738691317,-0.251559885661393,-0.90693627883992,-0.337911541753199,0.468805985608852,62.0431816426905,175.482462473079,stretched_oval,prolate_like,267,308,81,-5.42217745073139,-43.9108651652932,9.1474446542561
34677094_R3515308_SWAN.nii.gz,34677094_R3515308_SWAN,2,149,0.219768419861793,32.7454945594072,3.9693339973166,0.468800127506256,0.468797922134399,0.99998128414154,4.2192011475563,4.21918129920959,2.99994385242462,4.26645239275664,3.38466730686368,3.05220267713609,1.39782735423058,1.26052341513885,1.10892613135361,-0.628300809920142,0.730393482671234,0.26788701484969,0.776859978990305,0.570642845869768,0.266186617809448,-0.0415531622969355,-0.375355968287486,0.925948827837741,0.26788701484969,74.4614294710808,130.702854127695,mildly_oval,prolate_like,277,320,47,-9.35514782182872,-43.3043453916907,-25.4031734652817
34677094_R3515308_SWAN.nii.gz,34677094_R3515308_SWAN,3,297,0.219768419861793,65.2712206989526,4.99544717549027,0.468800127506256,0.468797922134399,0.99998128414154,5.15680140256881,5.15677714347839,4.9999064207077,5.77359935987968,3.9629266415133,3.90932118931943,1.47688027672262,1.45690291094435,1.01371221488281,-0.425856453948622,-0.349841296081034,-0.834420366593868,-0.756907040377248,0.643017962294828,0.116703180734549,-0.495719691819539,-0.681277452821204,0.538630689266581,0.834420366593868,33.4444690407972,-140.596878127733,mildly_oval,prolate_like,319,199,30,-32.9698696993291,14.0963933244347,-31.8714798428118
34677094_R3515308_SWAN.nii.gz,34677094_R3515308_SWAN,4,233,0.219768419861793,51.2060418277978,4.60724026907024,0.468800127506256,0.468797922134399,0.99998128414154,6.09440165758132,4.21918129920959,2.99994385242462,6.03810390716768,3.6678110775527,3.12684451130314,1.93105345831578,1.64624179912683,1.17300718481332,-0.917532787750848,0.39533511257219,0.0429387024686424,0.396035722127243,0.8986921527267,0.188435987610121,-0.0359066874176635,-0.189901457063874,0.981146343010922,0.0429387024686424,87.5390369492342,156.6903576288,stretched_oval,prolate_like,352,189,67,-49.1011969652026,10.5939630419015,4.97648126631975
34677094_R3515308_SWAN.nii.gz,34677094_R3515308_SWAN,5,265,0.219768419861793,58.2386312633752,4.80917793379946,0.468800127506256,0.468797922134399,0.99998128414154,6.09440165758132,4.21918129920959,4.9999064207077,6.08267807847114,3.70590574437089,3.54162461956621,1.7174824358478,1.64134721659083,1.04638580946639,-0.790095169344467,0.39142930551823,-0.471733740747948,0.602277409660863,0.352506989123612,-0.716240702858477,0.114068160284705,0.850012894843672,0.514263097459599,0.471733740747948,61.8531036289954,153.64524414464,mildly_oval,prolate_like,368,352,69,-51.0182452443987,-65.1481277793645,-7.62646901607513
34716769_R3516815_SWAN.nii.gz,34716769_R3516815_SWAN,1,165,0.307683050632476,50.7677033543586,4.59405614245299,0.468799829483032,0.468799889087677,1.40000188350677,5.15679812431335,4.21919900178909,4.20000565052032,4.24787967274928,4.12828106158785,3.89635677774924,1.09021835397812,1.02897055926599,1.05952336941089,-0.648202130263482,-0.181378155796712,0.73955119019691,-0.739472039720017,-0.0818119830112621,-0.668197502171387,-0.181700580060164,0.980004471436506,0.0810933731586703,0.73955119019691,42.3068021144206,-164.367462079588,spherical,near_spherical,220,303,42,17.9638143908232,-36.9742421284318,-11.8768834881484
34716769_R3516815_SWAN.nii.gz,34716769_R3516815_SWAN,2,85,0.307683050632476,26.1530593037605,3.68277024350824,0.468799829483032,0.468799889087677,1.40000188350677,5.15679812431335,3.28159922361373,4.20000565052032,4.29726321528063,3.17349852477143,2.86441467132453,1.50022385316632,1.35410909497433,1.10790471663935,-0.970740591901461,0.0286037147123626,0.238420910868688,0.232292210272942,-0.139752570332209,0.962553659871517,-0.0608525453971511,-0.989773229881569,-0.129019072731488,0.238420910868688,76.2066400289282,178.312218442304,mildly_oval,prolate_like,237,157,31,13.8706610482186,33.2395731452852,-18.0921816322952
34716769_R3516815_SWAN.nii.gz,34716769_R3516815_SWAN,3,93,0.307683050632476,28.6145237088203,3.79486181613017,0.468799829483032,0.468799889087677,1.40000188350677,4.21919846534729,3.28159922361373,4.20000565052032,4.63652827177957,3.13402841884414,2.74503184656065,1.68906174170213,1.47941487827655,1.14170931123108,-0.677716710928627,-0.302797716356422,-0.6700847727694,-0.702373068655043,-0.00316286006277366,0.711801987033135,0.217651400538062,-0.953049599593619,0.210533438100129,0.6700847727694,47.9263920579915,-155.925338823736,mildly_oval,prolate_like,266,260,29,-2.69045888260006,-13.4024572633206,-26.7232319228351
34716769_R3516815_SWAN.nii.gz,34716769_R3516815_SWAN,4,95,0.307683050632476,29.2298898100852,3.82187241776417,0.468799829483032,0.468799889087677,1.40000188350677,4.21919846534729,5.15679877996444,4.20000565052032,5.23810977183703,3.03950323479011,2.78457236905026,1.88111820330372,1.72334403592063,1.0915511726588,-0.503017998454316,0.840836246805316,0.199918231508187,-0.0100374420909915,-0.236980832133192,0.971462472233348,0.86421764792631,0.486656440684604,0.127645468986991,0.199918231508187,78.4678225238263,120.889356878992,stretched_oval,prolate_like,288,230,55,-11.4063475057482,-3.63417862355709,11.4571799859404
34716769_R3516815_SWAN.nii.gz,34716769_R3516815_SWAN,5,119,0.307683050632476,36.6142830252647,4.11987434763908,0.468799829483032,0.468799889087677,1.40000188350677,3.28159880638122,6.0943985581398,4.20000565052032,6.05207674826681,3.05080902714352,2.70555979697938,2.2369037102871,1.98376125625056,1.12760731828939,0.10750929784283,-0.919414007983751,0.378311555203638,-0.308363051735711,0.330914741886564,0.891856301164255,0.945174047041908,0.21254015038435,0.247936897764365,0.378311555203638,67.7708643494875,-83.330553772626,stretched_oval,prolate_like,303,336,44,-21.7527914196252,-50.4039333034306,-10.0259300861507
34748457_R3515565_SWAN.nii.gz,34748457_R3515565_SWAN,1,35,0.307687520980834,10.7690632343292,2.73984777932091,0.468799918889999,0.4688001871109,1.40002107620239,3.28159943222999,3.2816013097763,4.20006322860717,3.05793848341846,2.65721511797311,1.9022482164882,1.60753915125956,1.15080576756277,1.39688138221975,-0.279465399594779,-0.951893538404785,0.125689227750621,-0.960099814521741,0.275631272414484,-0.0472836951019115,-0.0103651620657137,0.133888360996726,0.990942213353009,0.125689227750621,82.7794404546816,-106.361654650103,mildly_oval,oblate_like,228,354,47,9.92309527564793,-28.077059066476,22.0232361145317
34748457_R3515565_SWAN.nii.gz,34748457_R3515565_SWAN,2,83,0.307687520980834,25.5380642414093,3.65367391214315,0.468799918889999,0.4688001871109,1.40002107620239,3.28159943222999,3.2816013097763,4.20006322860717,4.4431564477059,2.85455177310813,2.71482289027023,1.6366284753344,1.55651632931079,1.05146887605032,-0.0247517906058556,-0.401050758260258,0.915721375834743,0.804690818051136,-0.551511522535157,-0.219790190534396,0.593177912776594,0.731432382254043,0.336372760466982,0.915721375834743,23.6916194334032,-93.5316642342878,mildly_oval,prolate_like,250,317,77,-0.00140282604843378,-9.89645188114082,63.7636629212647
34748457_R3515565_SWAN.nii.gz,34748457_R3515565_SWAN,3,123,0.307687520980834,37.8455650806427,4.16554781490709,0.468799918889999,0.4688001871109,1.40002107620239,3.28159943222999,5.15680205821991,4.20006322860717,4.83057895435763,3.47666884236242,3.05590673270865,1.58073507370297,1.38942740116577,1.13768813856462,-0.00541422165060973,-0.822459771982565,-0.568797512014868,0.00750438427486297,-0.568823249785765,0.822425555731226,0.999957184293694,-0.000184319145109189,-0.00925178933393362,0.568797512014868,55.333584890843,-90.3771705067633,mildly_oval,prolate_like,259,124,49,-4.58316897321492,79.7840389395059,22.8093971693888
34748457_R3515565_SWAN.nii.gz,34748457_R3515565_SWAN,4,201,0.307687520980834,61.8451917171478,4.90646952773593,0.468799918889999,0.4688001871109,1.40002107620239,6.09439894556999,4.2192016839981,4.20006322860717,5.32161869008613,4.15313354703117,3.7580609281639,1.4160543939574,1.28135024550083,1.10512671998117,-0.952561632883521,-0.303982132311034,0.0148727534073631,0.0092536294746254,0.0199173344159353,0.999758805978376,-0.304205039241341,0.952469507661741,-0.0161595505746176,0.0148727534073631,89.1478225812805,-162.301040636462,mildly_oval,prolate_like,337,287,33,-41.3552802549675,2.94535412899131,2.27480547036975
34748457_R3515565_SWAN.nii.gz,34748457_R3515565_SWAN,5,83,0.307687520980834,25.5380642414093,3.65367391214315,0.468799918889999,0.4688001871109,1.40002107620239,4.21919927000999,3.2816013097763,4.20006322860717,3.99579189474841,3.32454373540177,2.82032786234284,1.41678276065007,1.20190685181812,1.17877916953955,-0.895771132508657,0.305015831914586,-0.323356491268707,0.355616967930661,0.0552799018654002,-0.932995554421109,0.266703300099491,0.950741539395015,0.15798694561525,0.323356491268707,71.1339667937513,161.195961115213,mildly_oval,prolate_like,338,174,72,-41.3188044205307,56.9968542628485,55.8116388749331
34934130_R3493031_SWAN.nii.gz,34934130_R3493031_SWAN,1,67,0.219778701663017,14.7251730114221,3.04102923050004,0.468802422285079,0.468801379203796,1.00001585483551,2.3440121114254,2.34400689601898,5.00007927417755,4.16806834208866,2.33118995172486,2.09583712870608,1.98873676060024,1.78795740733382,1.11229537820244,0.13585012250145,-0.185091411642822,0.973286141662567,0.653568597920446,0.755053605905946,0.0523654468206853,0.744575605313955,-0.628995406616371,-0.223544059252,0.973286141662567,13.2732573993546,-53.7227338718896,stretched_oval,prolate_like,264,299,68,-4.7543283868581,15.0166184604167,50.3785563483834
34934130_R3493031_SWAN.nii.gz,34934130_R3493031_SWAN,2,85,0.219778701663017,18.6811896413564,3.29206677451283,0.468802422285079,0.468801379203796,1.00001585483551,4.21922180056572,3.28160965442657,3.00004756450653,3.5834549470934,2.86368299063014,2.50219873626492,1.43212243502388,1.25134484466972,1.14446664412628,-0.95357378733664,0.138289239164369,0.267531527928567,0.203326888692908,-0.35968517736329,0.91065072861092,0.222160321477342,0.922769017423362,0.314868436088163,0.267531527928567,74.4825689686662,171.748374612324,mildly_oval,prolate_like,301,276,46,-22.8985084397718,26.0470333322882,29.1590486899949
34934130_R3493031_SWAN.nii.gz,34934130_R3493031_SWAN,3,185,0.219778701663017,40.6590598076581,4.26631485363726,0.468802422285079,0.468801379203796,1.00001585483551,4.21922180056572,3.28160965442657,5.00007927417755,5.67976729408196,3.18146645313065,3.08193593859364,1.84292191896557,1.78526707031372,1.0322948031757,-0.547614096003743,-0.0331316157258009,0.836074815968882,-0.280263570189449,0.948759672299227,-0.145970597872743,-0.788397826660288,-0.314256869866134,-0.528839755180406,0.836074815968882,33.27207819717,-176.537724985137,stretched_oval,prolate_like,310,171,58,-30.6710357228294,73.8481952548027,44.6335183819755
34934130_R3493031_SWAN.nii.gz,34934130_R3493031_SWAN,4,17,0.219778701663017,3.73623792827129,1.92521232881134,0.468802422285079,0.468801379203796,1.00001585483551,1.40640726685523,1.40640413761138,3.00004756450653,3.01498949080452,1.32597258979161,1.24394235390672,2.42373730690626,2.27379473302563,1.06594375987541,-0.290113848520419,0.313817651013891,-0.904075459687295,0.653572090986553,0.755050914141853,0.0523606621139959,0.699054702280255,-0.575687935400486,-0.424153184892191,0.904075459687295,25.3009505345844,132.752342626223,stretched_oval,prolate_like,387,269,78,-63.2641284791752,24.0805055573582,61.2060755989514
34934130_R3493031_SWAN.nii.gz,34934130_R3493031_SWAN,5,59,0.219778701663017,12.966943398118,2.91482843539472,0.468802422285079,0.468801379203796,1.00001585483551,2.3440121114254,3.28160965442657,3.00004756450653,3.36669858496116,2.39674249906343,2.21610472702543,1.51919651806352,1.40469766204619,1.08151138790289,-0.0857362194220965,0.500534574365139,0.861460643642131,0.832028166149827,-0.439665170422006,0.338265677613238,0.548067907665246,0.745761139898625,-0.378763634480057,0.861460643642131,30.5190184281408,99.7198268001598,mildly_oval,prolate_like,422,208,76,-81.7225191425532,51.4720034748315,61.2106760768219
34934130_R3518882_SWAN.nii.gz,34934130_R3518882_SWAN,1,245,0.219770520925521,53.8437776267528,4.68502917690711,0.468799084424972,0.46879768371582,0.999993622303009,4.21919175982475,7.0319652557373,2.99998086690902,6.56662688716125,3.61083541308432,3.0494045522017,2.15341283019338,1.81858936670617,1.1841116359839,-0.0304502569256436,0.997036280756297,0.0706501005577006,0.999487218719251,0.0310729452340638,-0.00773121538547271,0.00990360893906811,-0.0703784550138164,0.997471198381111,0.0706501005577006,85.9486723128629,91.7493135437248,stretched_oval,prolate_like,127,208,100,61.1199114099144,47.3549243472516,57.7912183944135
34934130_R3518882_SWAN.nii.gz,34934130_R3518882_SWAN,2,131,0.219770520925521,28.7899382412433,3.80260052345869,0.468799084424972,0.46879768371582,0.999993622303009,4.21919175982475,4.21917915344238,2.99998086690902,4.60126850858757,2.97354228231898,2.81999352194314,1.63165924771948,1.5474030875388,1.05445004010861,-0.653071609514207,0.747152109896851,0.123536219479173,0.0525282397758392,-0.11804297863181,0.991618192260399,0.755472207875693,0.65408682900087,0.0378439328692418,0.123536219479173,82.9037678423955,131.156095733633,mildly_oval,prolate_like,245,240,96,4.78618609905242,36.6014970727264,54.3221288304775
34934130_R3518882_SWAN.nii.gz,34934130_R3518882_SWAN,3,357,0.219770520925521,78.4580759704113,5.31144893498699,0.468799084424972,0.46879768371582,0.999993622303009,7.03198626637458,5.15677452087402,4.99996811151504,6.78590016794644,4.02752693086148,3.93020641878472,1.72660146691347,1.68488014715644,1.02476218847224,-0.810109464953306,-0.306292260573809,0.49990769738588,0.0206171075217604,0.837268650269773,0.546402911918363,-0.585916026125334,0.452952821371074,-0.67196439782289,0.49990769738588,60.0061065039296,-159.289021493616,mildly_oval,prolate_like,284,310,57,-16.818579269573,8.68991333991289,13.2574061378836
34934130_R3518882_SWAN.nii.gz,34934130_R3518882_SWAN,4,65,0.219770520925521,14.2850838601589,3.01042670101929,0.468799084424972,0.46879768371582,0.999993622303009,3.2815935909748,2.3439884185791,2.99998086690902,3.65760201404552,2.46951832192005,2.12538312646003,1.7209142053073,1.48109936321579,1.16191678157961,-0.721643443523361,0.213353788914493,0.658567309525438,0.684523296276227,0.361795832493028,0.632875684827442,0.10324048273266,-0.907515254057201,0.407133229273441,0.658567309525438,48.8093010068522,163.529693052468,mildly_oval,prolate_like,319,376,79,-34.8013387266546,-22.8708772920072,33.0330421272665
34934130_R3518882_SWAN.nii.gz,34934130_R3518882_SWAN,5,97,0.219770520925521,21.3177405297756,3.44017749023279,0.468799084424972,0.46879768371582,0.999993622303009,3.2815935909748,4.21917915344238,2.99998086690902,4.33428674245902,2.68641077039785,2.5005066449992,1.73336341702079,1.61341176495399,1.07434658322961,0.13899904141205,-0.953526371210538,0.267332612848852,-0.0455597082576471,0.263509923499079,0.963580216277289,0.989243943357759,0.146116322235308,0.00681475651939012,0.267332612848852,74.4943967706297,-81.706202161242,mildly_oval,prolate_like,338,237,61,-39.5141745377332,44.0837682187557,21.0164376385509
350438_R3513234_SWAN.nii.gz,350438_R3513234_SWAN,1,17,0.219747930765151,3.73571482300758,1.92512247588742,0.468800127506256,0.468799889087677,0.999883949756622,2.34400063753128,2.34399944543838,0.999883949756622,2.6519333721711,1.87519999507089,8.98780581122232e-09,,1.41421361942294,,-0.738320631124085,0.640032394855184,0.212699739521393,0.674298724300045,0.707163287006341,0.212700060925515,0.01427851756534,-0.300464006240885,0.953686271731858,0.212699739521393,77.7193890289969,139.078769969338,elongated,general_ellipsoid,156,226,72,47.912812706083,43.1616413295269,-21.617074906826
350438_R3513234_SWAN.nii.gz,350438_R3513234_SWAN,2,157,0.219747930765151,34.5004251301288,4.03901322129588,0.468800127506256,0.468799889087677,0.999883949756622,4.2192011475563,4.21919900178909,2.99965184926986,4.42451626786034,3.40967142700289,3.09646000363162,1.42889501646109,1.29763713676936,1.10115145133601,-0.889164608682645,0.447309162296046,0.0964407175017227,0.450485822281558,0.818715277428841,0.356044685998713,-0.0803045614491841,-0.360027509824768,0.929479085068529,0.0964407175017227,84.4657523652271,153.294551226566,mildly_oval,prolate_like,273,255,78,-6.17386257834732,25.804528273642,-19.9850983917713
350438_R3513234_SWAN.nii.gz,350438_R3513234_SWAN,3,45,0.219747930765151,9.88865688443183,2.66305147973093,0.468800127506256,0.468799889087677,0.999883949756622,3.28160089254379,2.34399944543838,2.99965184926986,3.90181887348213,1.99896946162496,1.71211577599061,2.27894569292464,1.9519151984995,1.16754339260052,-0.716479306631842,-0.240791563472114,0.65473416447365,-0.0452696219471074,0.952611259016514,0.300803009499137,-0.696137963694784,0.185879563577135,-0.693426797396273,0.65473416447365,49.1005040291066,-161.423734233719,stretched_oval,prolate_like,281,298,51,-9.39294848777353,14.534976966679,-51.795347392559
350438_R3513234_SWAN.nii.gz,350438_R3513234_SWAN,4,185,0.219747930765151,40.6533671915531,4.26611573748875,0.468800127506256,0.468799889087677,0.999883949756622,4.2192011475563,4.21919900178909,4.99941974878311,5.01119438172389,3.39961677557571,3.30662268512513,1.51550232939089,1.47404684484628,1.02812358690603,-0.602310501391204,-0.217882600531991,-0.767951321568817,0.0724224941576199,-0.972976919337879,0.219250762315117,-0.794969837323319,0.0764400864807679,0.601813817492542,0.767951321568817,39.8297259211919,-160.1126805153,mildly_oval,prolate_like,395,211,87,-64.1082999967038,40.0354981645941,-5.19819393754005
350438_R3513234_SWAN.nii.gz,350438_R3513234_SWAN,5,49,0.219747930765151,10.7676486074924,2.73972780503789,0.468800127506256,0.468799889087677,0.999883949756622,2.34400063753128,2.34399944543838,2.99965184926986,3.25034508177878,2.16640595049465,2.04516209150211,1.58928482748841,1.50033980521362,1.05928325167785,-0.219821245929532,0.0850611025041572,0.971824690301067,-0.808491175421549,-0.573354025629587,-0.132692051607577,-0.545912666187064,0.814880218274516,-0.194806547018848,0.971824690301067,13.6331742760313,158.845765954694,mildly_oval,prolate_like,396,207,56,-65.1040438916534,51.1128845512867,-34.1949720680713
35113039_R3519684_SWAN.nii.gz,35113039_R3519684_SWAN,1,151,0.219777435064315,33.1863926947116,3.98706952258356,0.468800127506256,0.468800127506256,1.00001764297485,4.2192011475563,4.2192011475563,5.00008821487426,4.01059432394843,3.55134789794443,3.16602558765337,1.26675992120488,1.12931609045394,1.1217053683311,-0.670216685928178,0.740368571051235,-0.0516136891047516,0.739979631654023,0.661291246119174,-0.122979805428884,0.0569187020286534,0.120616196282678,0.991066089902016,0.0516136891047516,87.0414388685704,132.152885248233,spherical,near_spherical,150,280,103,55.8876530267298,11.1835482828319,55.4890546277165
35113039_R3519684_SWAN.nii.gz,35113039_R3519684_SWAN,2,167,0.219777435064315,36.7028316557407,4.1231928662476,0.468800127506256,0.468800127506256,1.00001764297485,4.2192011475563,5.15680140256881,3.00005292892456,5.09737322521408,3.29677182558513,2.94068928517263,1.73339402123024,1.54617107124463,1.12108812114489,-0.624911652138792,-0.777073742508149,-0.0751120877458721,-0.751208603473881,0.624711678357353,-0.213121920483934,-0.212534846761623,0.0767575248970232,0.97413408793846,0.0751120877458721,85.692337374449,-128.805746181238,mildly_oval,prolate_like,204,237,88,30.9830215945839,30.4135177060961,38.6903466209769
35113039_R3519684_SWAN.nii.gz,35113039_R3519684_SWAN,3,113,0.219777435064315,24.8348501622676,3.61982554563724,0.468800127506256,0.468800127506256,1.00001764297485,4.2192011475563,3.28160089254379,3.00005292892456,4.39276346932324,2.8769919154337,2.6470708491748,1.65948088268685,1.52685985864546,1.08685867487475,-0.753627551077453,0.490799258477577,0.437220313040074,0.499852091431805,0.859883598830927,-0.103672962496598,0.426841189376388,-0.140414687050293,0.893359006621816,0.437220313040074,64.0733397808471,146.925849936902,mildly_oval,prolate_like,258,133,84,7.91975485533475,79.4419764913618,28.7793881595134
35113039_R3519684_SWAN.nii.gz,35113039_R3519684_SWAN,4,31,0.219777435064315,6.81310048699379,2.35206177550652,0.468800127506256,0.468800127506256,1.00001764297485,2.34400063753128,2.34400063753128,3.00005292892456,2.30944180781174,2.11046858824046,2.110468526889,1.09427919838067,1.09427916656991,1.00000002907006,0.0412592138300086,0.137864898812423,0.989591302988041,0.886119872798139,-0.462639075509163,0.0275073961733013,-0.461615909936321,-0.875761585985287,0.141252951141543,0.989591302988041,8.27395658725585,73.3389888086847,spherical,near_spherical,283,223,69,-6.4424915574491,36.2768355663865,20.2337039969861
35113039_R3519684_SWAN.nii.gz,35113039_R3519684_SWAN,5,201,0.219777435064315,44.1752644479274,4.38591467551307,0.468800127506256,0.468800127506256,1.00001764297485,6.09440165758132,3.28160089254379,5.00008821487426,6.24509411575934,3.15350103895898,3.09802454377194,2.01583106509406,1.9803684979349,1.01790705477093,-0.839089653939782,0.132382261831846,0.527639544958014,-0.0320509397158906,-0.980283624970861,0.194978849820474,0.543048146958024,0.146693392374269,0.826788823533061,0.527639544958014,58.1538933106893,171.034407390166,stretched_oval,prolate_like,299,307,112,-14.0645504966378,3.66290709935128,68.5481461249291
35965403_R3509847_SWAN.nii.gz,35965403_R3509847_SWAN,1,101,0.219774022698402,22.1971762925386,3.48684816428139,0.468799978494644,0.468799799680709,1.00000309944152,3.2815998494625,4.21919819712638,3.00000929832458,3.9956906770956,2.86073240021841,2.63157378489004,1.51836543593724,1.3967369603639,1.08708044465412,-0.523505850068334,0.730677700248537,0.438237062905157,0.0931517606719667,-0.462182504761866,0.881878722827441,0.846914620506661,0.502491224452284,0.173891330780178,0.438237062905157,64.0085471874664,125.620316857715,mildly_oval,prolate_like,174,314,63,37.971660323441,-17.1198859885334,-9.75212869048118
35965403_R3509847_SWAN.nii.gz,35965403_R3509847_SWAN,2,99,0.219774022698402,21.7576282471418,3.46367905371145,0.468799978494644,0.468799799680709,1.00000309944152,4.21919980645179,3.28159859776496,3.00000929832458,3.89529730843078,2.85403482312349,2.65951592508891,1.46466402839853,1.36483874578927,1.07314071564662,-0.767487225284047,0.479676535049017,-0.425292582523092,0.355278506357748,0.870478968894018,0.340651651446773,0.533610852537689,0.110348477273478,-0.838500251411664,0.425292582523092,64.830815664549,147.994776809706,mildly_oval,prolate_like,186,251,75,35.7319127433002,10.1185697689652,7.59659915417432
35965403_R3509847_SWAN.nii.gz,35965403_R3509847_SWAN,3,237,0.219774022698402,52.0864433795213,4.63349494685792,0.468799978494644,0.468799799680709,1.00000309944152,4.21919980645179,5.1567977964878,5.00001549720764,5.32660648123793,3.70321589721681,3.60874226458109,1.47602851373378,1.43837319483349,1.02617910222155,-0.23182099842537,0.723792212131391,-0.649910654126404,0.967008481387621,0.244005179200381,-0.0731851723219601,-0.105610707854221,0.64543497440202,0.756478732156557,0.649910654126404,49.4651340834548,107.759569752406,mildly_oval,prolate_like,202,296,76,26.8150141537189,-10.366259150207,5.81796135008335
35965403_R3509847_SWAN.nii.gz,35965403_R3509847_SWAN,4,47,0.219774022698402,10.3293790668249,2.70204056308155,0.468799978494644,0.468799799680709,1.00000309944152,2.34399989247322,2.34399899840354,3.00000929832458,3.20178564871169,2.09490439295846,2.08352005377746,1.53671938165739,1.52836838734681,1.00546399309205,-0.50956063378697,0.30197973729743,-0.805702301570745,0.855035919957294,0.282446408002006,-0.434899531144318,-0.0962368748318699,0.910512089358806,0.402127093160925,0.805702301570745,36.3218650150239,149.347844105463,mildly_oval,prolate_like,248,231,39,4.12703746184706,27.3007677793502,-22.9751238152384
35965403_R3509847_SWAN.nii.gz,35965403_R3509847_SWAN,5,43,0.219774022698402,9.4502829760313,2.62310331880065,0.468799978494644,0.468799799680709,1.00000309944152,3.2815998494625,2.34399899840354,3.00000929832458,3.84265595232231,2.01356362879816,1.76264472897298,2.18005131105532,1.90838565882116,1.14235364376085,-0.787253635464964,-0.267915418019051,0.555385489759027,-0.516040959038547,-0.206776451119873,-0.831231151880659,-0.337540282102408,0.94099140700112,-0.0245301836168986,0.555385489759027,56.2627295374799,-161.205712257632,stretched_oval,prolate_like,352,190,98,-37.1856165602803,38.5904358029365,43.307133808732
36193158_R3519198_SWAN.nii.gz,36193158_R3519198_SWAN,1,33,0.219775035977363,7.25257618725299,2.40158461348636,0.468800097703933,0.468801110982894,1.00000464916229,2.34400048851966,2.34400555491447,3.00001394748687,2.70326649865629,2.08986377296194,1.85917199853293,1.45401635824411,1.29351325843836,1.12408307279318,-0.274733514318193,-0.00820629206540035,0.961485388802613,0.769979724181089,-0.600795803636285,0.214885147655772,-0.575892976568032,-0.799360406264638,-0.171377421021686,0.961485388802613,15.9534357496852,-178.289083365846,mildly_oval,prolate_like,231,272,68,10.4168018847703,21.4139279946684,23.5035718437284
36193158_R3519198_SWAN.nii.gz,36193158_R3519198_SWAN,2,93,0.219775035977363,20.4390783458948,3.3922477417303,0.468800097703933,0.468801110982894,1.00000464916229,3.28160068392753,3.28160777688026,3.00001394748687,3.49305466876645,2.84657507025874,2.76054169384892,1.26535117239842,1.22710786912391,1.03116539648776,-0.848919771253725,0.073738573406699,-0.523352505264347,0.048274187044803,0.996898372103575,0.0621549560566525,0.526312478324129,0.0275001543484015,-0.84984640769443,0.523352505264347,58.4425992077189,175.035654181704,spherical,near_spherical,258,210,117,0.956868760287761,47.8369385227561,74.673713710159
36193158_R3519198_SWAN.nii.gz,36193158_R3519198_SWAN,3,143,0.219775035977363,31.4278301447629,3.91536203126295,0.468800097703933,0.468801110982894,1.00000464916229,3.28160068392753,5.15681222081184,3.00001394748687,4.55962727012278,3.0976545739357,3.00711997633142,1.51627713759707,1.47196117620357,1.03010674609488,-0.348481036131709,0.931513395299327,-0.104133384822014,0.876214448641166,0.363203110093137,0.316751859996322,-0.332880169804432,-0.019138840001205,0.942774892195576,0.104133384822014,84.0227605401784,110.510924290064,mildly_oval,prolate_like,263,318,63,-5.77920750528574,0.924130871891975,17.7633863370865
36193158_R3519198_SWAN.nii.gz,36193158_R3519198_SWAN,4,299,0.219775035977363,65.7127357572317,5.00668546543637,0.468800097703933,0.468801110982894,1.00000464916229,5.15680107474327,5.15681222081184,5.00002324581146,6.0312875543181,3.93199313970038,3.79401250066522,1.58968573594857,1.53390083350391,1.03636799799973,-0.625667039157185,-0.630456812368847,0.459418070878795,0.448418686324627,0.191240313338519,0.873125319933559,-0.63832706183208,0.752297381553264,0.163055854972846,0.459418070878795,62.6504369465022,-134.781524362075,mildly_oval,prolate_like,334,342,86,-38.7149423025548,-10.2355044186115,41.3042998649179
36193158_R3519198_SWAN.nii.gz,36193158_R3519198_SWAN,5,51,0.219775035977363,11.2085268348455,2.77662121673256,0.468800097703933,0.468801110982894,1.00000464916229,3.28160068392753,2.34400555491447,3.00001394748687,3.51501563747206,2.25103433140175,1.99108194051632,1.76537969932093,1.56151134100349,1.13055835904876,-0.824771220450597,0.0627221741370411,0.561977190629615,0.507867016993165,-0.354834547044547,0.78496085079076,-0.248643373060485,-0.932822798335897,-0.260802798945662,0.561977190629615,55.8073557697909,175.651143160598,mildly_oval,prolate_like,377,268,42,-58.7529653012752,28.0868372544646,0.368522832170128
36232323_R3529660_SWAN.nii.gz,36232323_R3529660_SWAN,1,205,0.3076793551445,63.0742678046226,4.93875935281375,0.468799859285354,0.4688001871109,1.39998412132263,4.21919873356819,4.2192016839981,6.99992060661315,5.96638106137958,3.85703843305547,3.79660147150876,1.57150575485831,1.5468814130154,1.01591870044834,-0.113509594890089,-0.51459289964263,0.849888062926687,-0.972762640271193,0.231574776183658,0.0102941113314582,0.202109914552709,0.825570875620548,0.526862706752544,0.849888062926687,31.8005034217853,-102.439185653935,mildly_oval,prolate_like,210,308,45,21.1261871545575,-38.9172043865546,21.8185058759991
36232323_R3529660_SWAN.nii.gz,36232323_R3529660_SWAN,2,31,0.3076793551445,9.53806000947952,2.63119969055125,0.468799859285354,0.4688001871109,1.39998412132263,3.28159901499748,3.2816013097763,4.19995236396789,2.82319967824425,2.8231977088228,1.44589738422911,1.95255881159881,1.00000069758537,1.95255744952328,-0.00811441957554496,-0.980498517104841,-0.19635889119202,0.999962559906825,-0.00736614317514108,-0.00454078399760511,0.00300582426991282,-0.196388385323397,0.980521579125379,0.19635889119202,78.6758828268788,-90.4741581687105,stretched_oval,oblate_like,300,213,48,-20.9238593066111,4.02146755717694,34.8309721960686
36232323_R3529660_SWAN.nii.gz,36232323_R3529660_SWAN,3,173,0.3076793551445,53.2285284399986,4.66711618480157,0.468799859285354,0.4688001871109,1.39998412132263,5.1567984521389,4.2192016839981,6.99992060661315,6.62046372505083,3.36308615168942,3.33668523573611,1.98414392048289,1.96856798382196,1.00791231839028,-0.585352047091286,-0.00144175220155085,0.81077796116855,0.102969019104783,0.991768946836326,0.0761034637566697,-0.804214127002653,0.128032329674005,-0.580385527462227,0.81077796116855,35.8279898922273,-179.858877833234,stretched_oval,prolate_like,317,325,65,-28.9738738960586,-52.1176028340123,47.8840917894849
36232323_R3529660_SWAN.nii.gz,36232323_R3529660_SWAN,4,157,0.3076793551445,48.3056587576866,4.51855731699271,0.468799859285354,0.4688001871109,1.39998412132263,4.21919873356819,5.15680205821991,4.19995236396789,6.11001815875519,3.35274857359151,3.16377039671005,1.9312457582601,1.82239080105253,1.05973195054798,-0.504568928983996,-0.795930681143349,0.334521369599352,0.433277474212802,0.101700940284079,0.89550407541513,-0.746780306545182,0.596784106323231,0.293543700658462,0.334521369599352,70.4565646871642,-122.372072283193,stretched_oval,prolate_like,323,303,60,-31.7778271893039,-40.6238422007299,43.055792858242
36232323_R3529660_SWAN.nii.gz,36232323_R3529660_SWAN,5,37,0.3076793551445,11.3841361403465,2.79104701884009,0.468799859285354,0.4688001871109,1.39998412132263,2.34399929642677,4.2192016839981,1.39998412132263,4.29884072467784,2.43705770193176,1.26611033387097e-08,339531288.046175,1.76394704207057,192483833.101714,-0.160608085484965,-0.967891766409246,-0.193366417441193,-0.987013681717484,0.156898468024397,0.0344508756651093,0.00300582423795866,-0.196388388783006,0.980521578432553,0.193366417441193,78.8506899763373,-99.4215845808351,elongated,general_ellipsoid,421,302,52,-77.7521207630634,-37.8613367578946,32.327667571255
36237472_R3521533_SWAN.nii.gz,36237472_R3521533_SWAN,1,299,0.219777360558509,65.7134308069944,5.00670311743455,0.468800038099288,0.468799918889999,1.00001788139343,4.2192003428936,7.03199878334999,5.00008940696716,7.15339984362015,3.60244092563045,3.50234946547497,2.04245747437143,1.98570913202921,1.02857837607073,-0.336581146112586,-0.827280562532845,0.449799958800437,0.12169128698809,0.435450659373431,0.891949524313134,-0.933758192870466,0.354950129041505,-0.0458916456525371,0.449799958800437,63.2691497599011,-112.139071505694,stretched_oval,prolate_like,268,302,84,-2.8897236585617,0.702914804220199,31.1708111576735
36237472_R3521533_SWAN.nii.gz,36237472_R3521533_SWAN,2,79,0.219777360558509,17.3624114841222,3.2127022253963,0.468800038099288,0.468799918889999,1.00001788139343,3.28160026669502,3.28159943222999,3.00005364418029,3.63553354207005,2.65811713817711,2.45051837907107,1.48357734147996,1.36771005681233,1.08471626284424,-0.819360947353006,-0.176339088503333,-0.545483422129945,-0.123502854066858,-0.874877269204978,0.468334078266551,-0.559816651226206,0.451103413525384,0.695061887399692,0.545483422129945,56.9422948002087,-167.854324490788,mildly_oval,prolate_like,288,178,65,-10.1394327245652,58.306186877191,9.7824432477355
36237472_R3521533_SWAN.nii.gz,36237472_R3521533_SWAN,3,265,0.219777360558509,58.2410005480051,4.80924314914193,0.468800038099288,0.468799918889999,1.00001788139343,4.2192003428936,4.21919927000999,5.00008940696716,5.10754833352096,3.98708608412061,3.90692968283491,1.30730490388935,1.28102283867479,1.02051646888805,-0.0800111182537505,-0.302691075593324,-0.949724346172056,-0.994583917847293,-0.0391683779980419,0.0962739244267693,0.0663404199211395,-0.952283545442826,0.29791777013721,0.949724346172056,18.2453852446651,-104.806490963654,mildly_oval,prolate_like,292,278,130,-12.0972506776452,14.5430908650159,76.9193160720169
36237472_R3521533_SWAN.nii.gz,36237472_R3521533_SWAN,4,103,0.219777360558509,22.6370681375265,3.50973116379819,0.468800038099288,0.468799918889999,1.00001788139343,3.28160026669502,5.15679910778999,3.00005364418029,5.27660071779223,2.55467364423147,2.27986801738849,2.31443253624672,2.06546958736077,1.12053576116996,0.0930255744382725,-0.956209160295826,-0.277507268853952,-0.345018128228608,-0.292405191073638,0.891886593366452,0.933974696495604,-0.0127767757881157,0.357110655548673,0.277507268853952,73.8885130963551,-84.4434202822157,stretched_oval,prolate_like,333,335,47,-35.2424586378037,-14.923378624022,-4.12854728568345
36237472_R3521533_SWAN.nii.gz,36237472_R3521533_SWAN,5,191,0.219777360558509,41.9774758666753,4.31193858045163,0.468800038099288,0.468799918889999,1.00001788139343,4.2192003428936,5.15679910778999,5.00008940696716,6.68430633248113,3.02569089980808,2.83226377006931,2.36005784599559,2.20918347373325,1.06829417930027,-0.402330577323,0.628514342207228,-0.665657440573419,0.259167134631964,0.775551096838276,0.575632602029804,0.878044704373073,0.059078065580732,-0.474918181679371,0.665657440573419,48.2672177752239,122.624506895699,stretched_oval,prolate_like,382,201,53,-55.0314493067562,49.1400502845644,-0.360166827216744
469042_R3509421_SWAN.nii.gz,469042_R3509421_SWAN,1,67,0.184630841016769,12.3702663481235,2.86941573897493,0.429699897766113,0.429700136184692,0.99993896484375,3.00789928436279,3.00790095329284,2.99981689453125,3.76402943249626,2.18861549203769,2.05394684638758,1.83258366160561,1.71982216437287,1.06556578904997,-0.550175472824476,0.126962560331958,0.825340812862369,0.542304131118686,-0.697258038206567,0.468761621219075,0.634990691643563,0.70548687899229,0.314761949885538,0.825340812862369,34.3769402541612,167.005483103869,stretched_oval,prolate_like,149,304,29,49.337253447622,22.5857561230659,9.88460783287882
469042_R3509421_SWAN.nii.gz,469042_R3509421_SWAN,2,55,0.184630841016769,10.1546962559223,2.68672224866296,0.429699897766113,0.429700136184692,0.99993896484375,2.14849948883056,3.00790095329284,2.99981689453125,3.59590244913024,1.99910627047552,1.91049444012725,1.88218419986122,1.7987550248016,1.04638162168237,-0.251658580829415,-0.784582405747866,0.566655457298185,-0.215852583629471,0.616252340801934,0.757390727825881,-0.943438191316954,0.0682898312124664,-0.324439328869922,0.566655457298185,55.4826716343074,-107.78389329791,stretched_oval,prolate_like,272,212,32,0.86674290895462,61.6419862508773,32.0313926935195
469042_R3509421_SWAN.nii.gz,469042_R3509421_SWAN,3,151,0.184630841016769,27.8792569935321,3.76207564971394,0.429699897766113,0.429700136184692,0.99993896484375,3.86729907989501,3.86730122566223,2.99981689453125,3.48313422531482,3.4831322987368,3.0981975237743,1.12424537124785,1.00000055311652,1.1242447494095,-0.0700121502690251,-0.913167226234409,-0.401526980097305,0.997093343786959,-0.0519345829313338,-0.0557464157725735,0.0300526636165195,-0.404262805643931,0.914149014867078,0.401526980097305,66.3263278597539,-94.3842663685941,spherical,near_spherical,325,200,31,-21.2889131121337,68.5759410858154,34.7323055081069
469042_R3509421_SWAN.nii.gz,469042_R3509421_SWAN,4,97,0.184630841016769,17.9091915786266,3.24607926089422,0.429699897766113,0.429700136184692,0.99993896484375,3.00789928436279,3.86730122566223,2.99981689453125,3.4098914358233,2.76493878246567,2.58816752671765,1.3174925504717,1.23326109693556,1.06829977345871,-0.288457123187073,-0.705071793067467,-0.647816528581405,0.152244369289931,-0.701742697455915,0.695973303070459,0.94531166294622,-0.102132038009241,-0.309765890165348,0.647816528581405,49.6228209369622,-112.250322777491,mildly_oval,prolate_like,369,296,18,-44.6521951630711,37.7677409946918,7.65610366687178
469042_R3509421_SWAN.nii.gz,469042_R3509421_SWAN,5,71,0.184630841016769,13.1087897121906,2.92541841893166,0.429699897766113,0.429700136184692,0.99993896484375,3.00789928436279,3.00790095329284,2.99981689453125,3.09819752377431,2.39577439076445,2.39577306562279,1.29319323613354,1.29319252084739,1.00000055311652,-0.0300526588904149,0.404262660922641,-0.914149079022323,0.0700121459176045,0.913167289919692,0.401526836020628,0.997093344234946,-0.0519345896726792,-0.0557464014793962,0.914149079022323,23.9148274344361,94.2515157483053,spherical,near_spherical,398,330,30,-58.1606941148638,20.6081584095954,13.637900866568
473221_R3507286_SWAN.nii.gz,473221_R3507286_SWAN,1,163,0.307682335376739,50.1522206664085,4.57541524753724,0.468800127506256,0.468799859285354,1.39999794960021,3.28160089254379,5.1567984521389,6.99998974800109,7.05706792900584,3.17245781560028,3.10282733293796,2.27439917590378,2.22447967449821,1.02244097888502,-0.188537515808178,0.67819622691252,-0.710284086077185,-0.520255638410144,0.544454112470558,0.65795424621804,0.832939178953261,0.493578359752043,0.250185385162978,0.710284086077185,44.7419659458095,105.535849463888,stretched_oval,prolate_like,231,276,79,12.9578866623342,-27.1214043088257,57.4547347892075
473221_R3507286_SWAN.nii.gz,473221_R3507286_SWAN,2,97,0.307682335376739,29.8451865315437,3.84850355218365,0.468800127506256,0.468799859285354,1.39999794960021,4.2192011475563,3.28159901499748,4.19999384880065,5.24274538209653,2.94244535521017,2.63325189142329,1.99097754345969,1.7817647395943,1.11741887086227,-0.682186652969357,-0.384980966990976,-0.621619679197141,-0.528083202151141,-0.328594475714157,0.783041379580885,0.505716820084384,-0.862447288583383,-0.0208607837558238,0.621619679197141,51.5654912608354,-150.56249519665,stretched_oval,prolate_like,274,230,66,-9.57430580258369,-5.68046506494283,42.1176226772367
473221_R3507286_SWAN.nii.gz,473221_R3507286_SWAN,3,109,0.307682335376739,33.5373745560646,4.00107611186702,0.468800127506256,0.468799859285354,1.39999794960021,4.2192011475563,4.21919873356819,4.19999384880065,4.22402009441157,3.65472253400307,3.06218885630715,1.37941201298261,1.15577039162667,1.1935000437597,-0.759688477907786,0.643698128455201,0.0923370779125187,0.042013502374429,-0.0931133075442616,0.994768705567481,0.648928564752997,0.759593727844983,0.0436930940329915,0.0923370779125187,84.7019281954952,139.724775499231,mildly_oval,general_ellipsoid,292,144,69,-20.960393872112,33.2423673570156,50.4638814255595
473221_R3507286_SWAN.nii.gz,473221_R3507286_SWAN,4,29,0.307682335376739,8.92278772592544,2.57336059397026,0.468800127506256,0.468799859285354,1.39999794960021,2.34400063753128,2.34399929642677,4.19999384880065,3.14414720379424,2.1262768400232,2.02427876905331,1.55321848544835,1.47871017762669,1.05038736389928,-0.298025601244398,-0.218430833215894,-0.929230171756989,-0.759690884413332,0.643694963079733,0.0923393450543603,-0.577971021022856,-0.73344717983396,0.357777491258752,0.929230171756989,21.6848708969176,-143.761326785655,mildly_oval,prolate_like,352,350,29,-43.7664466835558,-59.6753415316343,-13.5646995529532
473221_R3507286_SWAN.nii.gz,473221_R3507286_SWAN,5,103,0.307682335376739,31.6912805438041,3.92627205132635,0.468800127506256,0.468799859285354,1.39999794960021,3.28160089254379,4.21919873356819,4.19999384880065,4.20945206496022,3.44249451446602,2.94745986185819,1.42816264249529,1.22279121935308,1.16795297503923,0.0778204521683993,-0.617245127723165,0.782912785389483,-0.042928095536259,0.782491366939377,0.621179876749862,0.996042747997261,0.0819494537343433,-0.0343966741809007,0.782912785389483,38.471953587448,-82.8142300285136,mildly_oval,prolate_like,355,303,43,-46.0694475993514,-39.7521799542009,8.10047653131187
505251_R3527768_SWAN.nii.gz,505251_R3527768_SWAN,1,463,0.184642076492309,85.4892814159393,5.46559794564578,0.429699927568435,0.429700016975402,1.00000011920928,9.02369847893714,4.72670018672943,5.00000059604644,8.43907820614947,3.82930169468963,3.65515135644273,2.30881771592696,2.20381648639817,1.04764517834259,-0.937837968699714,-0.278389320102293,0.20726632847179,0.118028891933651,0.305776149255386,0.944759295913759,-0.326387997840158,0.910494554074614,-0.253910499716655,0.20726632847179,78.0377999689336,-163.466921009229,stretched_oval,prolate_like,234,126,17,8.24117554351687,68.8005617298185,4.75419813767075
505251_R3527768_SWAN.nii.gz,505251_R3527768_SWAN,2,155,0.184642076492309,28.6195218563079,3.79508275492106,0.429699927568435,0.429700016975402,1.00000011920928,3.86729934811592,3.86730015277862,3.00000035762786,4.09693687415147,3.12174059426954,3.00155404215891,1.36493856735782,1.3123886339794,1.04004144200721,-0.733378749874091,-0.653055147198951,0.188877166301463,-0.676934335747447,0.72708747654964,-0.114471422332558,0.0625740706625153,0.211808347714701,0.975305956876656,0.188877166301463,79.1127358363385,-138.315747449955,mildly_oval,prolate_like,246,157,23,2.33838772214949,56.5280481539666,12.1414878331124
505251_R3527768_SWAN.nii.gz,505251_R3527768_SWAN,3,113,0.184642076492309,20.8645546436309,3.41562485811977,0.429699927568435,0.429700016975402,1.00000011920928,3.00789949297904,3.00790011882782,3.00000035762786,3.31225248880533,2.99988534916639,2.8557683123403,1.15984636235806,1.10412635927094,1.0504652412464,-0.254501518371551,-0.542656207291513,0.800470622718013,-0.963746622285347,0.0737308639798388,-0.256429732539677,-0.0801337954932798,0.836712615170093,0.541747703673089,0.800470622718013,36.8249329571062,-115.126210121511,spherical,near_spherical,262,210,43,-6.14761535450816,36.6866855286061,34.5074506066739
505251_R3527768_SWAN.nii.gz,505251_R3527768_SWAN,4,77,0.184642076492309,14.2174398899078,3.00566743624257,0.429699927568435,0.429700016975402,1.00000011920928,2.14849963784217,3.00790011882782,5.00000059604644,4.83623230642439,2.0525887648684,1.98311385262101,2.43870633046736,2.35616232009068,1.03503324438764,-0.0729479022671305,0.134206188360873,-0.988264793747339,0.932466832448757,0.360710116567518,-0.019844852955567,-0.353813806878428,0.922971782240114,0.151455865686017,0.988264793747339,8.78635247893179,118.526333998168,stretched_oval,prolate_like,279,172,43,-12.7686810716986,53.1454794090241,32.2152140345424
505251_R3527768_SWAN.nii.gz,505251_R3527768_SWAN,5,125,0.184642076492309,23.0802595615386,3.53248794759316,0.429699927568435,0.429700016975402,1.00000011920928,3.00789949297904,4.72670018672943,3.00000035762786,4.38769228631771,2.77301754328257,2.55480037152676,1.71743058096378,1.58228075294603,1.08541456866369,-0.287106205909894,-0.766893875026218,0.573971960094999,-0.898366557131948,0.423516431667718,0.116496185063426,0.332426767205822,0.482190435984284,0.810546006029498,0.573971960094999,54.9723303207826,-110.524664231008,mildly_oval,prolate_like,322,318,19,-32.9887294955551,-11.368218820542,15.411430645734
596444_R3520152_SWAN.nii.gz,596444_R3520152_SWAN,1,39,0.257863134145736,10.0566622316837,2.6780483517936,0.507801532745361,0.507798492908477,1.00000894069671,3.55461072921752,3.55458945035934,3.00002682209014,4.34563631888326,2.00274204931819,1.80922223813631,2.40193616200501,2.16984325083835,1.10696298503451,-0.799679667486324,-0.595223211170209,-0.0788781230328547,-0.599555203075668,0.798674480339571,0.0515037175280637,-0.0323417357891685,-0.0884782647803423,0.995552916116267,0.0788781230328547,85.4759168658345,-143.338692375324,stretched_oval,prolate_like,167,317,88,40.546974889934,-7.82814521342515,38.2442708220332
596444_R3520152_SWAN.nii.gz,596444_R3520152_SWAN,2,91,0.257863134145736,23.465545207262,3.55203586576646,0.507801532745361,0.507798492908477,1.00000894069671,3.55461072921752,3.55458945035934,3.00002682209014,4.20868144302552,2.85631879276437,2.65304544557391,1.58635859406286,1.47346348512881,1.07661887116543,-0.518346176185454,0.775419322360603,0.36061352739982,0.13473870455822,-0.342365911752543,0.929855399491675,0.844489622865722,0.530575590259929,0.0729850662288965,0.36061352739982,68.8621203834353,123.761622401977,mildly_oval,prolate_like,250,292,76,0.441309422254562,12.1689861267805,29.6869185864925
596444_R3520152_SWAN.nii.gz,596444_R3520152_SWAN,3,201,0.257863134145736,51.830489963293,4.625892797368,0.507801532745361,0.507798492908477,1.00000894069671,4.57021379470825,4.5701864361763,5.00004470348358,4.77918088246029,3.90781084530638,3.82429958289201,1.2496878915658,1.22298163131424,1.02183700847808,-0.48271923543685,0.515092771827207,0.708280718465939,-0.530374161505087,-0.815512906964687,0.231607312884935,0.696911320432548,-0.263852487169193,0.666855663894063,0.708280718465939,44.9047985240051,133.14171751777,spherical,near_spherical,309,342,66,-33.6996781080961,-7.40897030383348,20.0242707654833
596444_R3520152_SWAN.nii.gz,596444_R3520152_SWAN,4,139,0.257863134145736,35.8429756462574,4.09073938029391,0.507801532745361,0.507798492908477,1.00000894069671,3.55461072921752,5.58578342199325,3.00002682209014,5.31571486668684,3.05954488316428,2.95711418869565,1.79760216463996,1.73742012935896,1.03463873490587,-0.289638505923132,-0.954116170567643,-0.0759728171647707,-0.897442186545204,0.243124715673897,0.368086802856948,0.332726701206228,-0.17479332278386,0.926682381733136,0.0759728171647707,85.6428798894021,-106.886576520934,mildly_oval,prolate_like,383,222,79,-60.2258822768926,57.6178544014692,39.053208887577
596444_R3520152_SWAN.nii.gz,596444_R3520152_SWAN,5,117,0.257863134145736,30.1699866950511,3.86241408463678,0.507801532745361,0.507798492908477,1.00000894069671,3.55461072921752,4.5701864361763,3.00002682209014,4.57212490432968,3.00070129239762,2.96571184276922,1.54166188312498,1.52368545176866,1.01179799369709,-0.44642809706842,-0.890487693038269,-0.0879410182750351,-0.879512180148078,0.418566658512949,0.226407326189942,0.164803759420237,-0.178419788500843,0.970054689155344,0.0879410182750351,84.9548335984918,-116.625976405308,mildly_oval,prolate_like,394,218,57,-66.5349463373422,62.0525886639952,17.6087552271783
692181_R3522984_SWAN.nii.gz,692181_R3522984_SWAN,1,275,0.0781239420175552,21.4840840548276,3.44910228274811,0.312500119209289,0.312500119209289,0.799988567829132,4.06250154972076,3.43750131130218,3.99994283914566,4.65173387563729,2.56262049289076,2.47789000742532,1.87729635363061,1.81522542590374,1.03419461122629,-0.669852376651419,-0.43888008889168,-0.598900710526274,-0.737707407710566,0.301945411428911,0.603835034695721,0.0841758522582458,-0.846293823734674,0.52602394413671,0.598900710526274,53.2087926604144,-146.767613252316,stretched_oval,prolate_like,114,217,22,45.6993724664207,24.3601169083267,19.3073611240834
692181_R3522984_SWAN.nii.gz,692181_R3522984_SWAN,2,131,0.0781239420175552,10.2342364042997,2.69371890422759,0.312500119209289,0.312500119209289,0.799988567829132,2.8125010728836,2.18750083446502,2.39996570348739,2.91976914730355,2.2461927059731,2.11795702320676,1.37857808978709,1.29987473449595,1.06054687671243,-0.73394002976942,0.0203478666738468,0.678909417392251,0.243413836585266,-0.925278729567835,0.290876222418013,0.634099153808695,0.378741649322009,0.674146146030621,0.678909417392251,47.24152025877,178.411929760238,mildly_oval,prolate_like,153,352,26,33.070281792432,-17.4777486464008,24.6609300705604
692181_R3522984_SWAN.nii.gz,692181_R3522984_SWAN,3,239,0.0781239420175552,18.6716221421957,3.29150467211226,0.312500119209289,0.312500119209289,0.799988567829132,4.68750178813934,2.8125010728836,2.39996570348739,4.45568373260687,2.47803945311414,2.2762424753878,1.95747323968539,1.79806811671518,1.08865355071276,-0.921098175596434,0.301548686432897,-0.246265183539035,0.322083447418575,0.945550653693788,-0.0468637834389646,-0.21872449294006,0.122484084720597,0.968068822542215,0.246265183539035,75.7433855308114,161.872612676409,stretched_oval,prolate_like,241,231,39,6.25280308187939,21.1205935897305,33.8904957179911
692181_R3522984_SWAN.nii.gz,692181_R3522984_SWAN,4,127,0.0781239420175552,9.92174063622951,2.66601803232968,0.312500119209289,0.312500119209289,0.799988567829132,2.8125010728836,2.8125010728836,2.39996570348739,3.29245485543125,2.04351511852828,1.9943047310051,1.65092866914671,1.61117225195888,1.02467546045401,-0.765053716542363,0.455400793256593,-0.455305313285472,-0.355893153107637,0.290241544605877,0.888312956877191,0.536686942617221,0.841647172683459,-0.0599763481559146,0.455305313285472,62.9154196579794,149.236634790358,mildly_oval,prolate_like,333,335,33,-22.9827119444962,-11.1846122583374,31.1497692861594
692181_R3522984_SWAN.nii.gz,692181_R3522984_SWAN,5,251,0.0781239420175552,19.6091094464063,3.3456955296648,0.312500119209289,0.312500119209289,0.799988567829132,2.8125010728836,2.8125010728836,3.99994283914566,3.73394101140006,2.69953799152239,2.66256928172788,1.40238266738242,1.383177796766,1.01388460012973,0.104231042246172,-0.0409468809045131,0.993709838321261,-0.715475239630132,-0.697100748568971,0.0463220014764471,-0.690819130676388,0.715802975188544,0.101956017001194,0.993709838321261,6.42978492324628,-21.4472465261545,mildly_oval,prolate_like,436,308,27,-55.1583050591871,-2.55247904360294,26.6238137949258
736580_R3522561_SWAN.nii.gz,736580_R3522561_SWAN,1,153,0.219771653413772,33.6250629723072,4.0045602117629,0.468799918889999,0.468800008296966,0.9999920129776,4.21919927000999,4.21920007467269,2.9999760389328,4.13656021071607,3.58218356005763,3.06158143019978,1.35111879433046,1.15475942015922,1.17004353525357,-0.50494843781541,0.84987187183782,0.150814046450112,0.854975642440182,0.46848378452602,0.222574918780562,-0.118506227607555,-0.241331193787825,0.963179904754646,0.150814046450112,81.3258953232134,120.716517998359,mildly_oval,general_ellipsoid,140,341,80,49.610059400089,-21.4928278140723,25.9741361029446
736580_R3522561_SWAN.nii.gz,736580_R3522561_SWAN,2,151,0.219771653413772,33.1855196654796,3.9870345598726,0.468799918889999,0.468800008296966,0.9999920129776,4.21919927000999,4.21920007467269,4.999960064888,4.09323450831315,3.36776846326682,3.36033476009879,1.21810319522832,1.21541446597626,1.00221219125436,-0.786034074851449,0.257192928797996,0.56214075688277,0.602509031108474,0.522207361187325,0.603558066265789,0.138323174505044,-0.813112089012382,0.565433842369527,0.56214075688277,55.7960249897081,161.881733821949,spherical,near_spherical,243,319,61,3.32968576904386,-7.57850047480315,4.44604334980249
736580_R3522561_SWAN.nii.gz,736580_R3522561_SWAN,3,129,0.219771653413772,28.3505432903766,3.7831560394814,0.468799918889999,0.468800008296966,0.9999920129776,3.28159943222999,3.28160005807876,4.999960064888,5.27642683627978,2.78890812739315,2.62513579607412,2.00996338710197,1.89193282648997,1.06238623219566,-0.260353798073073,-0.513939575535329,0.817362840192464,-0.965503406102948,0.134754899259832,-0.222809986152054,-0.00436722251915349,0.847176032371099,0.531294360541714,0.817362840192464,35.1783313725907,-116.866064630582,stretched_oval,prolate_like,266,311,119,-12.2210687408223,-10.1554163042455,61.4180151112377
736580_R3522561_SWAN.nii.gz,736580_R3522561_SWAN,4,87,0.219771653413772,19.1201338469982,3.31765153543834,0.468799918889999,0.468800008296966,0.9999920129776,3.28159943222999,3.28160005807876,2.9999760389328,3.24794153339288,2.92540650475949,2.69779124459048,1.20392618958399,1.11025306332936,1.0843709685193,-0.689261112360564,0.724081990548835,0.0249877960275202,-0.0843052147351787,-0.114410350691916,0.989849939345862,0.719591376932723,0.680158468753707,0.139902493282567,0.0249877960275202,88.5681557170568,133.588675436957,spherical,near_spherical,370,315,35,-53.7500736387446,-0.892759891226887,-25.9090577624738
736580_R3522561_SWAN.nii.gz,736580_R3522561_SWAN,5,41,0.219771653413772,9.01063778996467,2.58177844130417,0.468799918889999,0.468800008296966,0.9999920129776,4.21919927000999,2.34400004148483,2.9999760389328,3.87992148634227,2.05176172776677,1.76586453050786,2.19717957935675,1.89101952426286,1.16190211214938,-0.968132642165377,0.0575700012336134,0.243731167748089,0.228296693336574,0.602967604293903,0.764402176856958,0.102955364044188,-0.795685718817443,0.5968956608022,0.243731167748089,75.8931379126218,176.596914271281,stretched_oval,prolate_like,375,276,80,-59.4867875389754,12.1858823904767,20.575098093599
771501_R3514822_SWAN.nii.gz,771501_R3514822_SWAN,1,99,0.219785466790199,21.7587612122297,3.46373917299907,0.468799978494644,0.468800097703933,1.00005459785461,3.2815998494625,3.28160068392753,3.00016379356384,3.96583866873063,2.71874348295166,2.70290711000489,1.46724933833314,1.45870277707297,1.0058590148689,-0.70487800268275,-0.423867438704359,-0.568756007212392,-0.65530127691457,0.696059964421851,0.293395232413863,-0.271527600453637,-0.579514383199638,0.768398231294575,0.568756007212392,55.3364761653774,-148.980056432375,mildly_oval,prolate_like,214,253,95,20.1767147183418,13.3454294651746,35.4981367439031
771501_R3514822_SWAN.nii.gz,771501_R3514822_SWAN,2,57,0.219785466790199,12.5277716070413,2.88154275810526,0.468799978494644,0.468800097703933,1.00005459785461,3.2815998494625,3.28160068392753,3.00016379356384,3.86731956091425,2.30794120587359,2.06636985734934,1.87155244602488,1.67565774685772,1.11690615194809,-0.617191200049549,0.624719047985861,0.478331614745498,0.252396674659665,-0.418610378077487,0.872388256446959,0.745232139136618,0.659159663851984,0.100685631290657,0.478331614745498,61.4235062724993,134.652705472123,stretched_oval,prolate_like,273,278,35,-15.3595935627818,19.9148205593228,-21.0420824810862
771501_R3514822_SWAN.nii.gz,771501_R3514822_SWAN,3,229,0.219785466790199,50.3308718949556,4.58084162667506,0.468799978494644,0.468800097703933,1.00005459785461,6.09439972043037,5.15680107474327,3.00016379356384,6.93925775062351,3.20158675200705,3.04434607008275,2.27939189266839,2.16744329863101,1.05165006812777,-0.755996790112626,0.566157937120979,0.328533169671378,0.643883768680104,0.733542612304766,0.217552127922033,0.11782421554889,-0.376005885815656,0.919095766534843,0.328533169671378,70.8202309745194,143.170851198014,stretched_oval,prolate_like,337,337,29,-47.5713624805212,-4.09985338896513,-30.3654292747378
771501_R3514822_SWAN.nii.gz,771501_R3514822_SWAN,4,201,0.219785466790199,44.17687882483,4.38596810234357,0.468799978494644,0.468800097703933,1.00005459785461,4.21919980645179,4.2192008793354,5.00027298927307,4.43658150264099,3.74624408945314,3.67747292443109,1.20642125552218,1.18427454183548,1.01870065842366,-0.184689081127028,0.301962759180914,0.935258485863829,0.790555030746972,0.611006287814186,-0.0411589554311253,0.583877287341361,-0.731771691389724,0.351564368227947,0.935258485863829,20.7300546711477,121.451151423682,spherical,near_spherical,357,331,47,-54.4580051451921,-6.28344389051199,-11.1908975467085
771501_R3514822_SWAN.nii.gz,771501_R3514822_SWAN,5,89,0.219785466790199,19.5609065443277,3.34295182932669,0.468799978494644,0.468800097703933,1.00005459785461,3.2815998494625,4.2192008793354,3.00016379356384,4.70533388458565,2.5307662628239,2.22659971689654,2.11323743952684,1.85925265154091,1.13660584954682,-0.538140320029986,-0.59208941420743,-0.599862585548995,-0.818146176501683,0.538014903841925,0.202920667058924,-0.202587832393012,-0.599975073505112,0.773943202915327,0.599862585548995,53.1399433054681,-132.267183002301,stretched_oval,prolate_like,424,264,65,-81.3466939255595,19.5115982890129,18.9550169110298
832500_R3503009_SWAN.nii.gz,832500_R3503009_SWAN,1,305,0.219777137041091,67.032026797533,5.0399695151683,0.468800723552703,0.46880230307579,1.00001037120819,4.21920651197433,6.09442993998527,5.00005185604095,6.10312177000836,3.9716752659333,3.79242157707384,1.60929412671399,1.53666182690144,1.04726628757285,0.179633306884215,0.923100210053754,0.340026289066824,0.279452668668563,0.283525037645091,-0.917343860829932,0.943206277031625,-0.259806765168006,0.207032277051374,0.340026289066824,70.1215242503715,78.9879906705602,mildly_oval,prolate_like,247,316,95,3.15067300572991,4.83563770167529,74.2283978052437
832500_R3503009_SWAN.nii.gz,832500_R3503009_SWAN,2,457,0.219777137041091,100.438151627779,5.76722236221506,0.468800723552703,0.46880230307579,1.00001037120819,5.15680795907974,5.15682533383369,7.00007259845733,6.06646140534981,4.8218978008502,4.70664508554459,1.28891414055876,1.25810659120153,1.02448723309509,-0.0396576834591594,0.175853166870157,0.98361726898443,0.370901736939044,0.916652952053089,-0.148927052706871,0.927824967156118,-0.35891925163481,0.101576577652798,0.98361726898443,10.3854538526949,102.708514422974,spherical,near_spherical,256,128,71,-0.97747765481472,89.7097486034035,40.4510754346847
832500_R3503009_SWAN.nii.gz,832500_R3503009_SWAN,3,201,0.219777137041091,44.1752045452594,4.38591269304533,0.468800723552703,0.46880230307579,1.00001037120819,4.21920651197433,4.21922072768211,5.00005185604095,4.55100057592503,3.79236748453994,3.55531473738794,1.28005561028574,1.20004208307284,1.06667560108227,-0.685326751457226,0.727947703811236,-0.020478873334073,0.722279934744694,0.675863932591116,-0.146695741204954,0.0929458961024323,0.11532599506798,0.988969653356105,0.020478873334073,88.8265649589967,133.272620886774,spherical,near_spherical,263,315,109,-3.00159692671149,7.19175231270492,88.6881464645266
832500_R3503009_SWAN.nii.gz,832500_R3503009_SWAN,4,127,0.219777137041091,27.9116964042186,3.76353422772744,0.468800723552703,0.46880230307579,1.00001037120819,4.21920651197433,4.21922072768211,3.00003111362457,4.76838710793126,2.93560006638116,2.68275044275733,1.77742477717394,1.62433131220406,1.09425014701104,-0.636132297965248,0.771557136390842,0.00594009846852013,0.0991117399239371,0.0740758210119597,0.99231529049524,0.765187926260407,0.631832539543324,-0.123592392482427,0.00594009846852013,89.659655426345,129.504848983761,mildly_oval,prolate_like,273,366,112,-8.01336117647588,-16.022724410519,94.8997495509684
832500_R3503009_SWAN.nii.gz,832500_R3503009_SWAN,5,79,0.219777137041091,17.3623938262462,3.21270113627115,0.468800723552703,0.46880230307579,1.00001037120819,3.28160506486892,3.28161612153053,3.00003111362457,2.93522806522088,2.81681817318861,2.81680805842409,1.04204049560375,1.04203675379523,1.0000035908604,-0.0929459211941277,-0.115326010724829,-0.988969649172143,0.130184494893363,-0.986150059823311,0.102762136995296,-0.987123626007773,-0.119197192755437,0.1066722842002,0.988969649172143,8.51789543756429,-128.866753224419,spherical,near_spherical,414,284,92,-74.660312693566,22.2636175863444,76.4754657372832
859226_R3519396_SWAN.nii.gz,859226_R3519396_SWAN,1,21,0.219773367047309,4.6152407079935,2.0656904645113,0.468800008296966,0.468799829483032,1.0,2.34400004148483,3.28159880638122,1.0,3.39119350914933,1.80792018527998,0.0,,1.87574293199462,,-0.573697462433718,-0.818042935045761,0.0409509220754221,-0.819067287588212,0.572979977480837,-0.0286831624641832,-1.28388757087392e-18,0.0499970181888283,0.998749367044718,0.0409509220754221,87.6530287160845,-125.042164827721,elongated,general_ellipsoid,140,336,73,56.9460017681121,-14.7789565734565,19.5984758436679
859226_R3519396_SWAN.nii.gz,859226_R3519396_SWAN,2,247,0.219773367047309,54.2840216606855,4.69776330179434,0.468800008296966,0.468799829483032,1.0,4.21920007467269,5.15679812431335,5.0,5.32577384872289,3.87444419201985,3.64990990172685,1.4591521413181,1.37459041472124,1.06151776244853,-0.476043136575391,0.801101929387534,-0.362792820837226,0.21674213009794,0.50668673877271,0.834440769493247,0.852294421640826,0.318597312423447,-0.414837282987541,0.362792820837226,68.728187900646,120.72028109981,mildly_oval,prolate_like,196,243,108,30.693201303482,30.5147972851991,52.3749168831855
859226_R3519396_SWAN.nii.gz,859226_R3519396_SWAN,3,27,0.219773367047309,5.93388091027736,2.24619126780881,0.468800008296966,0.468799829483032,1.0,2.34400004148483,2.34399914741516,3.0,2.33364142938058,2.11983535626005,1.9076641343513,1.22329784753966,1.10085975426777,1.11122042821279,-0.253088111162089,-0.612941165191635,0.748498187039838,0.594927844665646,0.511498028922034,0.620024697935784,0.762894008122945,-0.602223292826168,-0.2352016963113,0.748498187039838,41.5395468461408,-112.436106074166,spherical,near_spherical,344,158,69,-38.6891999244689,68.3630633987486,11.431408483535
859226_R3519396_SWAN.nii.gz,859226_R3519396_SWAN,4,79,0.219773367047309,17.3620959967374,3.2126827662491,0.468800008296966,0.468799829483032,1.0,3.28160005807876,3.28159880638122,3.0,2.9351977422226,2.81680403764468,2.81680293572748,1.04203162563963,1.04203121800298,1.00000039119428,0.0,0.0499970046202744,0.998749367723955,1.0,0.0,0.0,0.0,-0.998749367723955,0.0499970046202744,0.998749367723955,2.86581214506398,90.0,spherical,near_spherical,393,201,101,-61.6604003310203,49.8297863341867,44.3992499168962
859226_R3519396_SWAN.nii.gz,859226_R3519396_SWAN,5,221,0.219773367047309,48.5699141174554,4.52678190367597,0.468800008296966,0.468799829483032,1.0,4.21920007467269,5.15679812431335,5.0,4.64653794691298,3.82322745292692,3.80273857152324,1.22189255441026,1.21534436653926,1.00538792794148,-0.423801435232406,-0.905447138224149,-0.0236182847948587,-0.726006736223754,0.35517342329741,-0.58886845588886,-0.541577845238045,0.232416262909671,0.807883728195102,0.0236182847948587,88.6466461199528,-115.082302318823,spherical,near_spherical,400,257,79,-64.9420003890991,22.5098942928016,23.7393235769122
881378_R3511767_SWAN.nii.gz,881378_R3511767_SWAN,1,105,0.307684004306793,32.3068204522132,3.9515292278241,0.468799889087677,0.468799948692321,1.40000593662261,4.21919900178909,4.21919953823089,4.20001780986785,4.1687971117269,3.40923890433078,3.09877520267091,1.34530478626965,1.2227940689141,1.10018916551038,-0.614165927903282,-0.0161958844563555,-0.78901071369746,-0.789176886579611,0.0123079469747775,0.614042633804671,0.000233861521656928,-0.99979308247654,0.0203405393450181,0.78901071369746,37.9068429681565,-178.489429695406,mildly_oval,prolate_like,271,300,66,-9.09375284158159,5.96136898535769,43.3726659417152
881378_R3511767_SWAN.nii.gz,881378_R3511767_SWAN,2,43,0.307684004306793,13.2304121851921,2.93443786097197,0.468799889087677,0.468799948692321,1.40000593662261,2.34399944543838,2.3439997434616,4.20001780986785,4.09828342487791,2.21602106224904,1.98234237389195,2.06739435066996,1.84938829991018,1.11788008541547,-0.255792989399755,-0.0626985921282814,-0.964696238781445,-0.931008682266945,-0.25278688228135,0.263290003019562,0.260370467060883,-0.965488311007236,-0.00628817866244654,0.964696238781445,15.2698283641629,-166.22750607136,stretched_oval,prolate_like,317,260,21,-36.0566345205297,23.4646951236063,-17.8837480545043
881378_R3511767_SWAN.nii.gz,881378_R3511767_SWAN,3,41,0.307684004306793,12.6150441765785,2.88821853772404,0.468799889087677,0.468799948692321,1.40000593662261,2.34399944543838,2.3439997434616,4.20001780986785,4.31157060911937,2.03410800302908,2.01092772141286,2.14407040253544,2.119637011751,1.01152715802233,-0.464389875985739,0.377256991299014,-0.801261009657879,-0.536979193222656,0.599518930350405,0.593490015246634,0.704269400959529,0.705871245106018,-0.0758313668911761,0.801261009657879,36.7493108103112,140.910584310587,stretched_oval,prolate_like,346,292,61,-44.7299502048408,9.62297407840378,39.3795426674187
881378_R3511767_SWAN.nii.gz,881378_R3511767_SWAN,4,41,0.307684004306793,12.6150441765785,2.88821853772404,0.468799889087677,0.468799948692321,1.40000593662261,3.28159922361373,4.21919953823089,1.40000593662261,5.09338486455166,2.27537755034378,8.26738089605501e-09,,2.23847900045515,,-0.561552664086374,-0.824820785753747,0.0657972404137574,-0.822864146139222,0.565030293848965,0.0602939800603716,0.0869091620950529,0.0202839449201112,0.996009718387533,0.0657972404137574,86.2273703478288,-124.247730353798,elongated,general_ellipsoid,398,339,49,-70.4702356434718,-12.7094184665475,25.2129981974139
881378_R3511767_SWAN.nii.gz,881378_R3511767_SWAN,5,41,0.307684004306793,12.6150441765785,2.88821853772404,0.468799889087677,0.468799948692321,1.40000593662261,3.28159922361373,3.28159964084625,4.20001780986785,3.69191002923467,2.85855198173897,1.25220340623346,2.9483309267938,1.29153153513364,2.28281760575726,-0.789845743659662,-0.607893130560705,0.0812997111914924,-0.607116544620673,0.793759726495558,0.0368102953200517,0.0869091621784972,0.0202839446558395,0.996009718385634,0.0812997111914924,85.3367229203797,-142.416850842561,elongated,general_ellipsoid,417,256,60,-78.0144177898764,26.5189745930256,40.5341515578329
926960_R3511608_SWAN.nii.gz,926960_R3511608_SWAN,1,59,0.307689636945724,18.1536885797977,3.26078441215225,0.468800246715545,0.4688001871109,1.40002965927124,3.28160172700881,3.2816013097763,4.20008897781372,3.48359634935038,2.78572838800025,2.74235581050388,1.27029334997573,1.25051543587531,1.01581580965177,-0.158350458960952,-0.0693998308834369,0.984941011238848,-0.68745286833975,0.723785476474051,-0.0595242627562982,0.708755025349595,0.686526217648373,0.162320875192049,0.984941011238848,9.9559349127295,-156.333731689391,spherical,near_spherical,195,244,47,30.1079231351614,41.8084763390943,8.93213109648786
926960_R3511608_SWAN.nii.gz,926960_R3511608_SWAN,2,87,0.307689636945724,26.768998414278,3.71145756913877,0.468800246715545,0.4688001871109,1.40002965927124,3.28160172700881,4.2192016839981,4.20008897781372,4.8379485776527,2.87124072997347,2.67257537143055,1.81021969646569,1.68496793986946,1.07433480105617,-0.185708561371974,0.669397814640469,-0.719318355102742,-0.46493988536346,-0.70477938126521,-0.535832928011745,0.865646136265485,-0.234931031364507,-0.442113308180883,0.719318355102742,44.0017687858105,105.505413866422,stretched_oval,prolate_like,245,370,55,5.14164545387029,-15.3524540541693,25.4644710554275
926960_R3511608_SWAN.nii.gz,926960_R3511608_SWAN,3,19,0.307689636945724,5.84610310196876,2.23506049634061,0.468800246715545,0.4688001871109,1.40002965927124,2.34400123357772,2.3440009355545,1.40002965927124,3.06219009928299,1.76795628654025,3.95294185352249e-09,,1.73205079933025,,-0.68745050615247,0.723787770530286,-0.0595236492623652,0.726193842734055,0.684270571243731,-0.0664551586028004,0.0073691496020873,0.0889103400093289,0.996012372952047,0.0595236492623652,86.5875289884618,133.525045699376,elongated,general_ellipsoid,354,170,21,-43.7191610410809,75.195143641904,-30.0484568378888
926960_R3511608_SWAN.nii.gz,926960_R3511608_SWAN,4,69,0.307689636945724,21.2305849492549,3.43548280559825,0.468800246715545,0.4688001871109,1.40002965927124,5.156802713871,3.2816013097763,4.20008897781372,4.76178566826061,2.77371987844579,2.46602057861222,1.93095942084163,1.71675074518656,1.12477564157503,-0.969523499934796,-0.206546571416653,0.131767586720741,-0.243367315366318,0.873874404862294,-0.420851368463928,0.0282229141934979,0.440093215538022,0.897508456089317,0.131767586720741,82.4282536525282,-167.973541402642,stretched_oval,prolate_like,378,185,29,-55.0759490020573,69.5039561931043,-18.2113223182968
926960_R3511608_SWAN.nii.gz,926960_R3511608_SWAN,5,109,0.307689636945724,33.5381704270839,4.00110776128678,0.468800246715545,0.4688001871109,1.40002965927124,4.21920222043991,3.2816013097763,4.20008897781372,4.57669649680342,3.38508307487925,2.90961181035405,1.57295776725848,1.35201895952484,1.16341398630332,-0.660999726986416,-0.118112047561305,-0.741032323954062,-0.74896087059871,0.0430079286097627,0.661217008544638,0.0462274294754253,-0.9920684766172,0.116889531039015,0.741032323954062,42.1805718705021,-169.868912240643,mildly_oval,prolate_like,393,209,64,-62.0522617287933,62.8549154857173,31.6310460001695
94441_R3517721_SWAN.nii.gz,94441_R3517721_SWAN,1,163,0.307681173086166,50.1520312130451,4.57540948621775,0.468800157308578,0.468799799680709,1.39999258518219,4.2192014157772,4.21919819712638,4.19997775554657,4.82455230340163,3.76786303233854,3.7201522300053,1.29686959164968,1.28044789897982,1.01282495967461,-0.39746523859548,-0.509934774352023,0.76288132105511,-0.821358250398541,0.568389327320006,-0.0480020529868914,0.409135684841207,0.645678014567061,0.644754133677523,0.76288132105511,40.2811285261022,-127.934393955047,spherical,near_spherical,129,214,60,60.987872198224,9.56096614338457,15.1078634527511
94441_R3517721_SWAN.nii.gz,94441_R3517721_SWAN,2,41,0.307681173086166,12.6149280965328,2.88820967884191,0.468800157308578,0.468799799680709,1.39999258518219,4.2192014157772,3.28159859776496,4.19997775554657,4.15661675930716,2.4528969671809,1.69530532685772,2.45183961464424,1.69457454386448,1.44687622242501,-0.875289324857804,0.475334393877575,-0.0890270284071528,0.482343794464119,0.871353970159924,-0.0899262065723525,-0.0348290357593341,0.121653083329508,0.991961423435659,0.0890270284071528,84.8923647702878,151.495396312198,stretched_oval,general_ellipsoid,188,215,88,35.4446055069565,9.63266450166702,55.7208146799821
94441_R3517721_SWAN.nii.gz,94441_R3517721_SWAN,3,23,0.307681173086166,7.07666698098182,2.38200889443802,0.468800157308578,0.468799799680709,1.39999258518219,2.34400078654289,2.34399899840354,1.39999258518219,2.82697031127631,2.33117939118192,1.14813358449954e-08,246223118.062393,1.21267814993981,203040780.502735,-0.712736068486436,-0.700131476406859,0.0426990915927854,-0.699422151919781,0.713980808648666,0.0322499346557362,0.0530655263085257,0.006878998891372,0.998567338386276,0.0426990915927854,87.5527782440017,-135.511138338932,elongated,general_ellipsoid,299,308,70,-18.2641941010952,-33.6264572143554,33.6369742928072
94441_R3517721_SWAN.nii.gz,94441_R3517721_SWAN,4,19,0.307681173086166,5.84594228863716,2.23504000230015,0.468800157308578,0.468799799680709,1.39999258518219,2.34400078654289,3.28159859776496,1.39999258518219,3.50984534735669,1.58993641488173,0.0,,2.20753818486368,,-0.501629331043455,0.864834976994375,0.0206996812544001,0.863453568036229,0.502009105436734,-0.049343630836356,0.0530655263085258,0.00687899889137203,0.998567338386276,0.0206996812544001,88.8139109146281,120.114974682824,elongated,general_ellipsoid,315,367,81,-25.1972288712859,-61.1042896853759,49.6167116195429
94441_R3517721_SWAN.nii.gz,94441_R3517721_SWAN,5,143,0.307681173086166,43.9984077513217,4.38005381010091,0.468800157308578,0.468799799680709,1.39999258518219,4.2192014157772,4.21919819712638,4.19997775554657,4.04256880695046,3.82881541473636,3.82881246690429,1.05582836503324,1.05582755214351,1.00000076990766,-0.0530655544599547,-0.00687899423628679,-0.99856733692233,-0.998583693064441,-0.00346792911726927,0.0530903137438261,0.00382816870551342,-0.999970326012694,0.00668522388760445,0.99856733692233,3.06733724400516,-172.613822983115,spherical,near_spherical,374,316,18,-57.27155777812,-37.5331264976412,-37.167259405367
967030_R3516711_SWAN.nii.gz,967030_R3516711_SWAN,1,99,0.219779998064041,21.75821980834,3.4637104443811,0.468800008296966,0.468800276517868,1.00002920627594,5.15680009126663,3.28160193562507,3.00008761882782,4.53824876318868,2.80513939429407,2.34400026082142,1.93611273814376,1.61783359943534,1.19673169034164,-0.870241185466026,-0.492575939128728,-0.00701593259200416,0.0464018183990692,-0.0961407375994756,0.994285587657333,-0.490435674036814,0.864942716464668,0.106522048735348,0.00701593259200416,89.5980133752318,-150.489170165986,stretched_oval,prolate_like,176,181,75,35.3821973800659,73.0062659196555,47.2804122772067
967030_R3516711_SWAN.nii.gz,967030_R3516711_SWAN,2,39,0.219779998064041,8.5714199244976,2.53912871327072,0.468800008296966,0.468800276517868,1.00002920627594,2.34400004148483,2.34400138258934,3.00008761882782,2.75306902271166,2.06316979170266,2.06316860018195,1.33438877582222,1.33438800518674,1.00000057751979,0.0,0.0161599919576613,0.999869418804239,0.0,-0.999869418804239,0.0161599919576613,1.0,0.0,0.0,0.999869418804239,0.925939639925224,90.0,mildly_oval,prolate_like,201,304,107,23.6621971726417,15.8684960119426,80.2089903652668
967030_R3516711_SWAN.nii.gz,967030_R3516711_SWAN,3,15,0.219779998064041,3.29669997096061,1.84654657964401,0.468800008296966,0.468800276517868,1.00002920627594,2.34400004148483,2.34400138258934,1.00002920627594,2.69628055932381,1.6663925984802,0.0,,1.61803440664756,,-0.525730620851761,0.850540032951347,-0.0137465139559534,0.850651111971777,0.525661970330353,-0.00849580188034905,-1.99162600939776e-18,0.0161599905795568,0.999869418826512,0.0137465139559534,89.2123579596321,121.720787576664,elongated,general_ellipsoid,226,233,126,11.9421969652175,49.4560182318091,98.6691804956644
967030_R3516711_SWAN.nii.gz,967030_R3516711_SWAN,4,37,0.219779998064041,8.13185992836952,2.49496096739463,0.468800008296966,0.468800276517868,1.00002920627594,2.34400004148483,2.34400138258934,3.00008761882782,2.8288645698636,2.02544869852543,1.99822550355459,1.41568835190593,1.39666068655457,1.01362368507579,-0.471386999770309,-0.0142519245216569,-0.881811305833042,9.6720516793238e-09,-0.999869418890019,0.0161599866501962,-0.881926468843943,0.0076175990944397,0.471325445670494,0.881811305833042,28.1383619609903,-178.26824572498,mildly_oval,prolate_like,239,152,106,5.84779685735702,87.1006730571389,78.0575689822435
967030_R3516711_SWAN.nii.gz,967030_R3516711_SWAN,5,173,0.219779998064041,38.0219396650791,4.17200879554326,0.468800008296966,0.468800276517868,1.00002920627594,3.28160005807876,6.09440359473228,3.00008761882782,6.15624698557628,2.95473416812337,2.80183682076572,2.19721824624098,2.08351974671422,1.05457039689979,-0.0722491323668235,-0.982293749838041,0.172855581053548,0.7821625739734,0.0517354486914316,0.620922822276649,-0.618871368498773,0.180062301378758,0.764575566490742,0.172855581053548,80.0461097343459,-94.2066130663735,stretched_oval,prolate_like,328,322,58,-35.875403881073,6.63933024555444,31.3503258191049
986132_R3491085_SWAN.nii.gz,986132_R3491085_SWAN,1,197,0.307677388191223,60.6124454736709,4.873650645195,0.468799799680709,0.468799829483032,1.3999764919281,6.09439739584922,4.21919846534729,6.9998824596405,7.35593767199015,3.44510163468613,3.32517583922208,2.21219509212814,2.13518742028645,1.03606600109668,-0.747953704777001,-0.124250019634236,-0.652017782066754,-0.626663998561628,0.455949824621618,0.631982587049886,-0.218763544534069,-0.881289787781753,0.418892374643515,0.652017782066754,49.3060926874571,-170.568159364132,stretched_oval,prolate_like,188,235,75,33.1159884189255,-24.1032474453095,20.9435917064547
986132_R3491085_SWAN.nii.gz,986132_R3491085_SWAN,2,69,0.307677388191223,21.2297397851943,3.43543721751334,0.468799799680709,0.468799829483032,1.3999764919281,3.28159859776496,3.28159880638122,4.1999294757843,4.32784336868201,2.68250489531764,2.51018867069447,1.72411078864628,1.6133589825824,1.06864672231012,-0.175893747333193,-0.702610754869584,0.689492216628062,0.0859732248966863,0.68677176232205,0.721770843881857,0.98064774218368,-0.1862328478509,0.0603931463942132,0.689492216628062,46.410073154821,-104.054743244608,mildly_oval,prolate_like,240,350,49,6.72872667107731,-64.8970655063167,-28.7078016102314
986132_R3491085_SWAN.nii.gz,986132_R3491085_SWAN,3,177,0.307677388191223,54.4588977098465,4.70280251133093,0.468799799680709,0.468799829483032,1.3999764919281,4.21919819712638,6.09439778327941,4.1999294757843,6.05659059256328,3.51038979906512,3.45369018879917,1.753657757782,1.72533278047248,1.01641710957451,-0.184441072978132,-0.957354825028943,0.222380821098576,-0.948294267780883,0.232806530893594,0.215729230442257,0.258301127160904,0.171093127176669,0.950793179161648,0.222380821098576,77.1510913350156,-100.904823848052,mildly_oval,prolate_like,255,229,84,2.26241135178133,-25.1744692903594,35.0906025748699
986132_R3491085_SWAN.nii.gz,986132_R3491085_SWAN,4,139,0.307677388191223,42.76715695858,4.33880953678226,0.468799799680709,0.468799829483032,1.3999764919281,4.21919819712638,4.21919846534729,4.1999294757843,4.53893610486187,3.64225096672971,3.5001195124162,1.29679460623004,1.24618982775293,1.04060760034316,-0.0721727876694992,0.416910781142261,0.906077529402072,0.996317193161885,0.072301411729799,0.0460929112977182,0.0462940528581656,-0.906067274781088,0.420593573703566,0.906077529402072,25.0311985880414,99.8213224556747,spherical,near_spherical,340,226,75,-38.0353443631902,-20.1606241937261,25.1132966652512
986132_R3491085_SWAN.nii.gz,986132_R3491085_SWAN,5,49,0.307677388191223,15.0761920213699,3.06500376732559,0.468799799680709,0.468799829483032,1.3999764919281,4.21919819712638,3.28159880638122,4.1999294757843,4.19700349739151,2.83516908112708,1.61258703558992,2.60265238698024,1.48033622591674,1.75814949429374,-0.998328626955471,0.0512365833794914,0.0267350916362739,0.0568661740943863,0.953385087183238,0.296349647849423,0.0103048942289809,-0.297374659411669,0.954705253517923,0.0267350916362739,88.4680095451478,177.062022971392,elongated,general_ellipsoid,370,311,41,-54.4073082855902,-44.1981211126549,-31.5038339160382
