case_id,image_file,label_file,component_id,voxel_count,spacing_x_mm,spacing_y_mm,spacing_z_mm,lesion_intensity_mean,lesion_intensity_median,lesion_intensity_std,lesion_intensity_p05,lesion_intensity_p25,lesion_intensity_p75,lesion_intensity_p95,lesion_intensity_min,lesion_intensity_max,local_bg_median_1_3mm,local_bg_std_1_3mm,dark_contrast_abs_bg_minus_lesion,dark_contrast_zscore,profile_0.25mm_mean,profile_0.25mm_median,profile_0.25mm_n,profile_0.75mm_mean,profile_0.75mm_median,profile_0.75mm_n,profile_1.25mm_mean,profile_1.25mm_median,profile_1.25mm_n,profile_1.75mm_mean,profile_1.75mm_median,profile_1.75mm_n,profile_2.25mm_mean,profile_2.25mm_median,profile_2.25mm_n,profile_2.75mm_mean,profile_2.75mm_median,profile_2.75mm_n,profile_3.25mm_mean,profile_3.25mm_median,profile_3.25mm_n,profile_3.75mm_mean,profile_3.75mm_median,profile_3.75mm_n,profile_4.25mm_mean,profile_4.25mm_median,profile_4.25mm_n,profile_4.75mm_mean,profile_4.75mm_median,profile_4.75mm_n,boundary_gradient_0_2mm,half_recovery_distance_mm
10085033_R3519369_SWAN,10085033_R3519369_SWAN_0000.nii.gz,10085033_R3519369_SWAN.nii.gz,1,77,0.468799471855163,0.46880167722702,1.00000190734863,85.6623382568359,72,26.1204051971435,61.0,64.0,110.0,136.0,60,138,219.0,12.450322151184,147.0,11.8069234044694,187.037033081054,195.0,54,216.378784179687,217.5,66,216.074462890625,218.0,282,217.089630126953,220.5,212,217.078811645507,219.0,406,215.861114501953,219.0,432,217.625,219.0,720,217.916915893554,221.0,674,218.47053527832,221.0,1018,218.20816040039,221.0,932,15.3999999999999,0.25
10085033_R3519369_SWAN,10085033_R3519369_SWAN_0000.nii.gz,10085033_R3519369_SWAN.nii.gz,2,147,0.468799471855163,0.46880167722702,1.00000190734863,95.2517013549804,93,23.6067104339599,59.0,76.0,116.5,130.0,51,139,211.0,16.0666446685791,118.0,7.34440839603354,155.166671752929,156.0,72,183.58332824707,183.5,84,195.604598999023,199.5,392,211.157897949218,211.5,266,211.361221313476,214.0,526,213.586959838867,217.0,506,211.99658203125,217.0,876,215.21597290039,218.0,764,212.090377807617,218.0,1206,215.032882690429,220.0,1034,36.5,0.25
10085033_R3519369_SWAN,10085033_R3519369_SWAN_0000.nii.gz,10085033_R3519369_SWAN.nii.gz,3,133,0.468799471855163,0.46880167722702,1.00000190734863,87.4360885620117,79,26.335988998413,62.0,64.0,106.0,139.399999999999,62,149,242.0,14.734543800354,163.0,11.0624395440111,206.852279663085,215.0,88,238.314819335937,239.0,108,241.399993896484,243.0,360,241.261291503906,243.0,310,239.816024780273,243.0,462,236.67707824707,239.0,576,232.565063476562,238.0,830,231.457824707031,235.5,830,226.635559082031,233.0,1136,229.422729492187,235.0,1100,17.6,0.25
10085033_R3519369_SWAN,10085033_R3519369_SWAN_0000.nii.gz,10085033_R3519369_SWAN.nii.gz,4,53,0.468799471855163,0.46880167722702,1.00000190734863,77.5471725463867,77,22.6853523254394,46.2,59.0,95.0,114.6,42,129,192.0,32.537368774414,115.0,3.53439765819142,139.65217590332,146.5,46,169.568969726562,179.0,58,176.5703125,188.0,256,181.425735473632,192.0,202,184.505294799804,194.0,378,183.91421508789,193.0,408,190.489486694335,198.0,666,187.155120849609,197.0,664,191.841766357421,200.0,948,187.219696044921,196.0,924,29.1,0.25
10085033_R3519369_SWAN,10085033_R3519369_SWAN_0000.nii.gz,10085033_R3519369_SWAN.nii.gz,5,37,0.468799471855163,0.46880167722702,1.00000190734863,100.513511657714,101,20.9602222442626,63.8,89.0,119.0,127.199999999999,55,133,207.0,16.6805057525634,106.0,6.35472338623244,154.524993896484,149.5,40,187.0,187.0,52,205.263397216796,204.0,224,208.215057373046,209.0,186,209.95881652832,210.0,340,205.40769958496,207.0,390,207.926040649414,206.0,622,206.875,207.0,632,210.128631591796,209.0,894,207.329193115234,207.0,884,39.0999999999999,0.75
10196854_R3521023_SWAN,10196854_R3521023_SWAN_0000.nii.gz,10196854_R3521023_SWAN.nii.gz,1,271,0.468800008296966,0.468797653913497,1.00000846385955,26.1033210754394,9,31.7601203918457,2.0,2.0,44.5,94.0,2,126,207.0,29.837697982788,198.0,6.6359006688189,166.590270996093,171.0,144,204.35464477539,211.0,172,202.741729736328,209.0,484,206.594787597656,210.0,422,197.027404785156,200.0,584,200.906951904296,208.0,720,191.98550415039,201.0,966,188.191696166992,199.0,1012,178.315505981445,193.0,1309,176.997695922851,192.0,1299,22.9999999999999,0.25
10196854_R3521023_SWAN,10196854_R3521023_SWAN_0000.nii.gz,10196854_R3521023_SWAN.nii.gz,2,105,0.468800008296966,0.468797653913497,1.00000846385955,43.3904762268066,35,29.4248008728027,7.0,18.0,74.0,91.3999999999999,6,99,198.0,14.7169036865234,163.0,11.0756993095811,147.403228759765,146.0,62,185.418914794921,185.0,74,193.684051513671,194.0,326,199.381362915039,200.0,236,197.63215637207,197.0,454,199.122314453125,200.0,466,197.039337158203,199.0,788,196.85154724121,202.0,714,195.063751220703,201.0,1098,193.507186889648,200.0,974,34.1999999999999,0.25
10196854_R3521023_SWAN,10196854_R3521023_SWAN_0000.nii.gz,10196854_R3521023_SWAN.nii.gz,3,193,0.468800008296966,0.468797653913497,1.00000846385955,43.1761665344238,34,19.0110416412353,26.0,29.0,53.0,81.9999999999998,25,111,165.0,46.4333992004394,131.0,2.82124510063351,121.87963104248,124.0,108,149.1875,153.0,128,158.029418945312,164.5,408,154.782745361328,160.0,336,158.88931274414,172.0,524,154.785247802734,161.0,610,162.56526184082,175.0,904,163.686782836914,178.0,878,168.550582885742,183.0,1206,169.208114624023,185.0,1158,23.9,0.25
10196854_R3521023_SWAN,10196854_R3521023_SWAN_0000.nii.gz,10196854_R3521023_SWAN.nii.gz,4,91,0.468800008296966,0.468797653913497,1.00000846385955,69.9450531005859,67,20.1278114318847,35.5,56.0,87.0,101.0,30,109,201.0,31.6478595733642,134.0,4.23409361032359,120.482757568359,123.0,58,151.800003051757,154.0,70,178.259994506835,184.0,300,195.899124145507,201.0,228,197.450927734375,207.0,428,203.835556030273,207.0,450,201.553329467773,206.0,750,202.580963134765,206.0,704,201.539199829101,207.0,1046,199.083511352539,205.0,958,52.8,0.75
10196854_R3521023_SWAN,10196854_R3521023_SWAN_0000.nii.gz,10196854_R3521023_SWAN.nii.gz,5,311,0.468800008296966,0.468797653913497,1.00000846385955,25.7652740478515,18,22.3010578155517,1.5,11.0,34.5,75.0,0,102,170.0,51.0994796752929,152.0,2.97458997559016,92.212905883789,99.0,155,120.816215515136,132.0,185,140.813232421875,160.5,514,144.15315246582,166.0,444,158.13150024414,178.0,616,153.892532348632,175.0,763,165.30484008789,182.0,1053,165.836761474609,180.0,1023,172.391708374023,187.0,1399,169.819915771484,183.0,1316,45.9,0.25
10406108_R3511410_SWAN,10406108_R3511410_SWAN_0000.nii.gz,10406108_R3511410_SWAN.nii.gz,1,87,0.468799769878387,0.468800067901611,1.39999377727508,43.6206893920898,48,22.7319393157959,10.0,19.0,62.5,77.0,8,82,144.0,7.36112833023071,96.0,13.0414789273197,96.4333343505859,96.0,60,123.208335876464,123.0,72,139.84536743164,140.0,194,144.949996948242,146.0,280,145.70149230957,147.0,268,143.506851196289,144.0,438,145.054000854492,146.0,500,144.814331054687,146.0,544,143.605987548828,145.0,802,145.191253662109,146.0,800,33.4,0.25
10406108_R3511410_SWAN,10406108_R3511410_SWAN_0000.nii.gz,10406108_R3511410_SWAN.nii.gz,2,17,0.468799769878387,0.468800067901611,1.39999377727508,49.0588226318359,45,18.3478488922119,27.6,31.0,68.0,75.8,26,79,161.0,31.4921283721923,116.0,3.68346015324985,113.0,110.0,14,133.722229003906,135.5,18,144.33332824707,142.5,102,150.785720825195,149.5,140,155.268661499023,158.5,134,174.71875,174.5,288,171.96875,172.0,320,165.880950927734,172.0,336,174.96630859375,185.5,564,171.536666870117,185.0,600,25.0999999999999,0.25
10406108_R3511410_SWAN,10406108_R3511410_SWAN_0000.nii.gz,10406108_R3511410_SWAN.nii.gz,3,57,0.468799769878387,0.468800067901611,1.39999377727508,75.368423461914,84,24.8473453521728,35.0,52.0,95.0,106.399999999999,31,115,191.0,10.4896202087402,107.0,10.2005599698304,131.113632202148,129.0,44,162.5,160.5,56,183.912506103515,184.0,160,191.326080322265,191.0,230,192.945831298828,194.0,240,189.615783691406,191.0,380,189.378509521484,191.0,428,186.544174194335,189.0,498,183.559417724609,188.0,690,180.731872558593,186.0,772,41.9,0.75
10406108_R3511410_SWAN,10406108_R3511410_SWAN_0000.nii.gz,10406108_R3511410_SWAN.nii.gz,4,37,0.468799769878387,0.468800067901611,1.39999377727508,61.5135116577148,52,18.4648990631103,45.0,47.0,67.0,96.9999999999999,45,106,160.5,48.0332145690918,108.5,2.25885360730816,110.861114501953,107.0,36,138.104171752929,122.0,48,147.928573608398,134.5,140,153.529418945312,145.0,204,158.199081420898,167.0,216,161.653839111328,172.0,338,163.995208740234,179.5,418,167.57112121582,189.5,464,170.853210449218,193.0,654,173.226654052734,197.0,728,25.2999999999999,0.25
10406108_R3511410_SWAN,10406108_R3511410_SWAN_0000.nii.gz,10406108_R3511410_SWAN.nii.gz,5,37,0.468799769878387,0.468800067901611,1.39999377727508,54.0810813903808,55,24.0150623321533,20.6,32.0,69.0,92.9999999999999,17,102,167.0,52.472183227539,112.0,2.13446426489109,103.0,116.5,36,128.375,155.5,48,142.70832824707,167.0,144,143.218078613281,167.0,188,148.608688354492,170.0,207,150.32470703125,164.0,348,147.851760864257,159.0,398,149.083724975585,162.0,430,142.955993652343,156.0,659,147.421493530273,158.0,726,32.5999999999999,0.25
11332311_R3522519_SWAN,11332311_R3522519_SWAN_0000.nii.gz,11332311_R3522519_SWAN.nii.gz,1,197,0.468800663948059,0.468802154064178,1.00000739097595,73.548225402832,77,26.2501430511474,34.8,51.0,98.0,112.0,23,125,191.0,39.6154632568359,114.0,2.87766419039233,127.144233703613,127.5,104,151.104843139648,155.0,124,175.016281127929,181.0,430,177.523803710937,192.0,336,183.863967895507,198.0,544,173.911376953125,190.0,598,179.797546386718,194.5,894,179.344741821289,191.0,876,183.508178710937,194.0,1222,180.64761352539,191.0,1172,43.9,0.75
11332311_R3522519_SWAN,11332311_R3522519_SWAN_0000.nii.gz,11332311_R3522519_SWAN.nii.gz,2,299,0.468800663948059,0.468802154064178,1.00000739097595,113.287628173828,105,24.9943981170654,87.0,91.0,136.0,157.199999999999,85,167,231.5,17.9311389923095,126.5,7.05476657418439,185.1875,183.0,128,214.777023315429,218.0,148,228.663818359375,229.0,586,233.57827758789,233.0,396,230.907669067382,232.5,704,227.187316894531,231.0,694,223.425231933593,229.0,1070,222.339492797851,228.0,1028,220.599578857421,226.0,1416,219.859252929687,225.0,1350,32.1999999999999,0.25
11332311_R3522519_SWAN,11332311_R3522519_SWAN_0000.nii.gz,11332311_R3522519_SWAN.nii.gz,3,169,0.468800663948059,0.468802154064178,1.00000739097595,106.390533447265,104,22.8198795318603,75.0,86.0,124.0,144.2,72,160,227.0,34.3885498046875,123.0,3.57677194003784,170.093215942382,172.0,118,204.102737426757,209.0,146,216.480102539062,222.0,402,222.717391967773,230.0,368,213.692459106445,227.0,504,217.232040405273,230.0,668,206.287979125976,222.0,882,203.427810668945,219.0,942,192.144317626953,211.0,1178,189.497985839843,215.0,1243,37.4,0.25
11332311_R3522519_SWAN,11332311_R3522519_SWAN_0000.nii.gz,11332311_R3522519_SWAN.nii.gz,4,117,0.468800663948059,0.468802154064178,1.00000739097595,54.1452980041503,45,19.8779468536376,36.0,38.0,65.0,96.5999999999999,35,103,174.0,41.752944946289,129.0,3.08960242603115,137.523803710937,136.0,84,164.038467407226,168.5,104,167.402938842773,167.0,340,167.979995727539,167.5,300,178.520095825195,179.0,448,176.019226074218,179.0,572,179.958694458007,182.0,799,178.436798095703,183.0,799,183.508987426757,189.5,1112,183.324935913085,193.0,1071,18.6,0.25
11332311_R3522519_SWAN,11332311_R3522519_SWAN_0000.nii.gz,11332311_R3522519_SWAN.nii.gz,5,99,0.468800663948059,0.468802154064178,1.00000739097595,85.9090881347656,83,18.7326164245605,60.0,71.5,96.0,123.199999999999,57,130,167.0,30.9948024749755,84.0,2.71013180573805,121.98387145996,121.0,62,145.229736328125,142.5,74,153.785720825195,156.0,308,164.683761596679,169.0,234,159.88963317871,164.0,444,167.048934936523,177.0,470,161.945877075195,171.0,776,166.68130493164,181.0,706,162.244430541992,174.0,1076,167.670837402343,181.0,960,31.5,0.75
11672313_R3519410_SWAN,11672313_R3519410_SWAN_0000.nii.gz,11672313_R3519410_SWAN.nii.gz,1,67,0.468800067901611,0.468799918889999,0.999996721744537,81.0149230957031,85,14.4123620986938,52.3,73.5,93.0,98.0,44,106,169.0,20.1357269287109,84.0,4.17168947003482,114.059997558593,114.0,50,136.36734008789,138.0,98,154.288131713867,158.0,236,164.531997680664,169.0,250,164.741760253906,172.0,364,167.958145141601,173.0,454,169.121307373046,173.0,676,170.140396118164,174.0,698,170.729904174804,175.0,970,169.489501953125,174.0,952,37.0,0.75
11672313_R3519410_SWAN,11672313_R3519410_SWAN_0000.nii.gz,11672313_R3519410_SWAN.nii.gz,2,75,0.468800067901611,0.468799918889999,0.999996721744537,33.3199996948242,26,17.5295257568359,13.7,18.0,44.0,64.3,13,79,153.0,6.50848674774169,127.0,19.5129843421846,111.888885498046,113.0,54,141.272720336914,143.5,110,150.395156860351,151.0,248,151.803024291992,152.0,264,153.403747558593,154.0,374,153.487396240234,154.0,476,153.486999511718,155.0,692,152.938858032226,154.0,736,151.991836547851,154.0,980,152.529052734375,156.0,998,24.8999999999999,0.25
11672313_R3519410_SWAN,11672313_R3519410_SWAN_0000.nii.gz,11672313_R3519410_SWAN.nii.gz,3,27,0.468800067901611,0.468799918889999,0.999996721744537,2.88888883590698,1,4.58122825622558,0.0,0.0,3.0,15.0,0,15,35.0,23.872594833374,34.0,1.42422724623415,12.0384616851806,11.0,26,20.2954540252685,17.5,44,25.7748336791992,23.0,151,32.021125793457,33.5,142,42.1692314147949,41.0,195,42.5767784118652,39.0,267,53.4282188415527,51.0,404,56.448802947998,54.0,459,67.0491561889648,63.0,590,69.5213241577148,67.0,633,14.6,1.25
11672313_R3519410_SWAN,11672313_R3519410_SWAN_0000.nii.gz,11672313_R3519410_SWAN.nii.gz,4,49,0.468800067901611,0.468799918889999,0.999996721744537,63.7755088806152,67,19.4235973358154,33.0,45.0,81.0,89.6,22,96,167.0,7.61274576187133,100.0,13.1358649202306,120.272727966308,122.5,44,140.964279174804,144.0,84,161.759811401367,163.0,204,166.94090270996,167.0,220,168.654327392578,169.0,324,167.638763427734,168.0,418,167.84375,169.0,608,167.412124633789,168.0,660,167.44595336914,168.0,888,167.79148864746,168.0,916,30.4999999999999,0.25
11672313_R3519410_SWAN,11672313_R3519410_SWAN_0000.nii.gz,11672313_R3519410_SWAN.nii.gz,5,55,0.468800067901611,0.468799918889999,0.999996721744537,44.0181808471679,43,24.508617401123,10.0,17.5,66.0,81.3,6,91,166.0,7.55856990814209,123.0,16.2729195462629,126.672416687011,128.5,58,157.045455932617,159.5,88,165.925003051757,165.0,240,166.621948242187,166.0,246,167.627838134765,168.0,352,165.991668701171,166.0,480,165.220184326171,166.0,654,161.942306518554,164.0,728,160.685745239257,164.0,926,159.018142700195,163.0,992,23.5999999999999,0.25
11879455_R3514826_SWAN,11879455_R3514826_SWAN_0000.nii.gz,11879455_R3514826_SWAN.nii.gz,1,127,0.429702043533325,0.429701060056686,0.800019979476928,72.9370040893554,72,21.7584266662597,42.0,54.0,89.0,107.699999999999,34,134,177.0,29.446081161499,105.0,3.56583952289339,120.147727966308,118.0,88,153.876068115234,152.0,234,173.9609375,172.0,256,177.975830078125,178.0,538,178.845611572265,179.5,570,178.256607055664,176.0,756,177.347579956054,176.0,1076,176.525497436523,174.0,1098,174.924728393554,173.0,1448,174.922729492187,173.0,1734,40.0,0.75
11879455_R3514826_SWAN,11879455_R3514826_SWAN_0000.nii.gz,11879455_R3514826_SWAN.nii.gz,2,277,0.429702043533325,0.429701060056686,0.800019979476928,44.4909744262695,39,27.1323299407959,12.0,21.0,62.0,98.0,5,122,156.0,39.7123107910156,117.0,2.94618967442382,95.6171875,99.0,128,127.172225952148,131.5,360,150.00552368164,154.0,362,152.905715942382,157.0,700,152.87075805664,158.5,766,154.087982177734,154.0,932,152.164138793945,154.0,1316,151.575119018554,151.5,1278,153.404083251953,153.0,1762,153.196105957031,154.0,2004,39.3,0.25
11879455_R3514826_SWAN,11879455_R3514826_SWAN_0000.nii.gz,11879455_R3514826_SWAN.nii.gz,3,53,0.429702043533325,0.429701060056686,0.800019979476928,67.8679275512695,67,11.3885707855224,55.6,58.0,74.0,84.8,55,117,147.0,36.4223365783691,80.0,2.19645436057804,116.166664123535,112.0,48,129.662155151367,133.5,148,135.774993896484,145.0,160,137.31282043457,143.0,390,145.855834960937,148.0,437,151.766616821289,151.0,587,156.453811645507,154.0,866,156.63735961914,156.0,910,154.416671752929,155.0,1224,156.393005371093,158.0,1458,20.8999999999999,0.25
11879455_R3514826_SWAN,11879455_R3514826_SWAN_0000.nii.gz,11879455_R3514826_SWAN.nii.gz,4,189,0.429702043533325,0.429701060056686,0.800019979476928,51.2539672851562,45,19.6535892486572,29.4,36.0,62.0,91.6,25,119,173.0,70.2677383422851,128.0,1.82160409627092,88.6909103393554,83.0,110,109.605262756347,106.5,304,131.290222167968,156.0,317,135.890960693359,164.0,642,144.697509765625,173.0,681,152.44287109375,181.0,849,153.615905761718,182.0,1195,156.714645385742,184.0,1202,154.828475952148,178.0,1615,155.141052246093,176.0,1900,58.5,1.25
11879455_R3514826_SWAN,11879455_R3514826_SWAN_0000.nii.gz,11879455_R3514826_SWAN.nii.gz,5,217,0.429702043533325,0.429701060056686,0.800019979476928,69.8479232788086,71,26.5366439819335,29.0,47.0,92.0,112.0,23,138,183.0,27.584825515747,112.0,4.06020331490093,130.982147216796,128.5,112,158.0,158.5,320,178.043472290039,182.0,322,179.908950805664,184.0,648,178.625,185.0,712,174.732482910156,180.0,856,172.131118774414,178.0,1266,171.911666870117,176.0,1234,173.923583984375,177.0,1662,174.162689208984,176.0,1924,38.0,0.25
12218807_R3510919_SWAN,12218807_R3510919_SWAN_0000.nii.gz,12218807_R3510919_SWAN.nii.gz,1,277,0.468800634145736,0.468801140785217,1.0000079870224,68.9638977050781,61,28.6517505645751,36.0,42.0,93.0,119.0,34,137,207.0,33.0038833618164,146.0,4.42372185113566,142.459671020507,145.5,124,175.027770996093,183.5,144,197.462295532226,208.0,504,196.120971679687,210.5,372,200.36083984375,209.0,618,193.11196899414,204.0,652,195.633407592773,202.0,982,191.589050292968,200.0,932,193.906799316406,202.0,1352,192.201141357421,201.0,1228,43.8999999999999,0.25
12218807_R3510919_SWAN,12218807_R3510919_SWAN_0000.nii.gz,12218807_R3510919_SWAN.nii.gz,2,155,0.468800634145736,0.468801140785217,1.0000079870224,93.0,88,19.0222282409667,71.7,76.5,107.0,128.0,71,142,207.0,14.8347568511962,119.0,8.02170208744632,169.961532592773,170.5,78,199.377777099609,201.5,90,207.525253295898,208.0,396,207.95652770996,209.0,276,205.54832458496,205.0,538,205.875930786132,206.0,540,203.708786010742,204.0,910,201.17820739746,201.0,780,204.241546630859,202.0,1242,201.710723876953,201.0,1044,24.4,0.25
12218807_R3510919_SWAN,12218807_R3510919_SWAN_0000.nii.gz,12218807_R3510919_SWAN.nii.gz,3,203,0.468800634145736,0.468801140785217,1.0000079870224,76.1231536865234,68,18.2632522583007,61.0,63.0,84.0,114.0,61,136,198.0,38.8190536499023,130.0,3.34887092231644,139.818176269531,148.0,88,167.679992675781,181.5,100,176.857147216796,191.0,462,187.897964477539,200.0,294,183.574188232421,197.0,620,189.739212036132,201.0,556,186.836975097656,199.0,1006,194.75242614746,203.0,824,189.580352783203,202.0,1344,195.780685424804,205.0,1108,33.1,0.25
12218807_R3510919_SWAN,12218807_R3510919_SWAN_0000.nii.gz,12218807_R3510919_SWAN.nii.gz,4,59,0.468800634145736,0.468801140785217,1.0000079870224,117.305084228515,119,23.6566219329834,77.0,103.0,138.0,154.0,68,160,242.0,12.3593063354492,123.0,9.95201483494335,183.39582824707,181.5,48,220.433334350585,224.0,60,232.200790405273,237.0,254,243.166671752929,246.5,198,241.372344970703,243.0,376,240.557785034179,243.0,398,237.947601318359,239.0,668,234.439819335937,236.0,648,233.545928955078,235.0,958,229.806838989257,232.0,906,41.5999999999999,0.25
12218807_R3510919_SWAN,12218807_R3510919_SWAN_0000.nii.gz,12218807_R3510919_SWAN.nii.gz,5,89,0.468800634145736,0.468801140785217,1.0000079870224,79.7977523803711,72,23.8097229003906,51.0,58.0,98.0,122.6,50,139,203.0,12.2722978591918,131.0,10.6744475649995,160.913787841796,164.5,58,193.600006103515,192.5,70,197.465408325195,199.0,318,204.974578857421,204.0,236,203.18325805664,204.0,442,203.537124633789,205.0,458,198.782730102539,201.0,764,199.415008544921,202.0,706,195.454711914062,196.0,1082,196.708068847656,197.0,966,25.0,0.25
12326113_R3513111_SWAN,12326113_R3513111_SWAN_0000.nii.gz,12326113_R3513111_SWAN.nii.gz,1,21,0.468799799680709,0.468799978494644,1.40001451969146,88.2380981445312,94,18.9080600738525,64.0,72.0,108.0,109.0,57,111,186.0,14.7428998947143,92.0,6.24029198170055,155.5,155.5,16,185.350006103515,182.5,20,184.596496582031,185.5,114,191.888885498046,190.0,144,191.492645263671,191.0,136,183.89404296875,183.0,302,185.926834106445,187.0,328,188.933135986328,190.0,344,181.671722412109,188.0,594,184.172698974609,190.0,608,21.2999999999999,0.25
12326113_R3513111_SWAN,12326113_R3513111_SWAN_0000.nii.gz,12326113_R3513111_SWAN.nii.gz,2,49,0.468799799680709,0.468799978494644,1.40001451969146,62.4489784240722,63,16.6415519714355,40.0,47.0,79.0,87.6,37,95,137.0,15.0580396652221,74.0,4.91431830737631,97.7368392944336,96.5,38,114.099998474121,114.0,50,129.616668701171,130.0,180,137.358337402343,137.0,240,138.978820800781,140.0,236,136.232330322265,137.5,396,134.728454589843,138.0,464,134.535858154296,139.0,502,129.721588134765,135.0,704,130.002456665039,135.5,816,27.4999999999999,0.75
12326113_R3513111_SWAN,12326113_R3513111_SWAN_0000.nii.gz,12326113_R3513111_SWAN.nii.gz,3,99,0.468799799680709,0.468799978494644,1.40001451969146,31.5656566619873,28,20.9058303833007,6.0,16.0,42.5,77.2999999999999,5,91,132.0,50.0738945007324,104.0,2.07693052511581,91.1333312988281,77.0,60,120.569442749023,99.5,72,131.103302001953,116.5,242,138.410064697265,127.0,278,141.806823730468,140.5,264,142.805786132812,152.0,484,143.830764770507,154.0,520,145.907897949218,163.5,532,147.096328735351,180.5,872,150.937942504882,184.0,854,33.3999999999999,0.75
12326113_R3513111_SWAN,12326113_R3513111_SWAN_0000.nii.gz,12326113_R3513111_SWAN.nii.gz,4,95,0.468799799680709,0.468799978494644,1.40001451969146,94.5052642822265,89,27.9796447753906,60.0,73.5,111.5,145.6,60,155,240.0,25.1071186065673,151.0,6.01423056011302,186.0,180.5,60,225.722229003906,228.0,72,236.535720825195,243.0,224,231.821701049804,240.5,258,226.761901855468,237.5,252,228.136749267578,239.5,468,225.698410034179,236.0,504,224.731369018554,236.0,510,227.346160888671,237.0,832,224.88198852539,236.0,822,39.0,0.25
12326113_R3513111_SWAN,12326113_R3513111_SWAN_0000.nii.gz,12326113_R3513111_SWAN.nii.gz,5,21,0.468799799680709,0.468799978494644,1.40001451969146,34.9047622680664,31,16.1035480499267,14.0,21.0,50.0,57.0,8,65,120.0,17.2099056243896,89.0,5.1714403287529,80.875,83.5,16,105.150001525878,107.0,20,99.8508758544921,107.0,114,117.666664123535,120.5,144,121.132354736328,123.0,136,119.791389465332,122.0,302,122.161582946777,122.5,328,120.738372802734,120.0,344,119.114479064941,121.0,594,118.930923461914,121.5,608,22.2,0.25
12834338_R3518570_SWAN,12834338_R3518570_SWAN_0000.nii.gz,12834338_R3518570_SWAN.nii.gz,1,147,0.468800038099288,0.468798369169235,0.99998140335083,75.6054458618164,74,25.1416549682617,39.3,52.0,94.0,115.699999999999,37,126,182.0,38.4251403808593,108.0,2.81065986824078,143.633331298828,142.5,90,166.767120361328,167.0,146,182.149383544921,185.0,328,178.47752380371,187.0,356,165.865112304687,178.0,430,160.970733642578,175.0,581,152.5,166.5,792,151.334243774414,163.0,730,154.263458251953,170.0,892,155.076538085937,174.0,797,30.3,0.25
12834338_R3518570_SWAN,12834338_R3518570_SWAN_0000.nii.gz,12834338_R3518570_SWAN.nii.gz,2,149,0.468800038099288,0.468798369169235,0.99998140335083,83.9731521606445,79,20.1027374267578,57.0,67.0,100.0,116.6,55,129,206.0,14.5484743118286,127.0,8.7294376907098,147.125,147.0,72,175.105880737304,178.0,170,198.02098083496,202.0,286,203.73713684082,206.5,350,203.786041259765,208.0,430,203.684127807617,206.0,592,203.939086914062,205.0,788,204.628875732421,206.0,838,204.425857543945,206.0,1106,203.902908325195,205.0,1102,40.5,0.25
12834338_R3518570_SWAN,12834338_R3518570_SWAN_0000.nii.gz,12834338_R3518570_SWAN.nii.gz,3,229,0.468800038099288,0.468798369169235,0.99998140335083,37.5764198303222,28,30.7562541961669,7.0,11.0,57.0,96.6,7,118,180.0,49.2289237976074,152.0,3.08761574039096,134.510864257812,138.5,92,151.241806030273,158.5,244,167.10285949707,182.0,350,166.358444213867,179.0,438,165.797241210937,181.5,508,167.177963256835,179.0,708,166.220092773437,181.0,886,165.533538818359,181.0,984,164.316421508789,184.0,1242,164.162719726562,184.0,1266,28.9999999999999,0.25
12834338_R3518570_SWAN,12834338_R3518570_SWAN_0000.nii.gz,12834338_R3518570_SWAN.nii.gz,4,83,0.468800038099288,0.468798369169235,0.99998140335083,103.228912353515,104,26.309247970581,65.2,80.0,124.0,146.899999999999,61,154,228.0,17.6676712036132,124.0,7.01846885030554,175.444442749023,172.0,72,212.863632202148,216.5,110,226.586807250976,227.0,288,227.79930114746,227.0,284,227.490188598632,229.0,408,224.796157836914,228.0,520,221.089569091796,226.0,748,217.129119873046,222.0,790,212.597854614257,217.0,1022,210.146728515625,214.0,1070,35.0999999999999,0.25
12834338_R3518570_SWAN,12834338_R3518570_SWAN_0000.nii.gz,12834338_R3518570_SWAN.nii.gz,5,17,0.468800038099288,0.468798369169235,0.99998140335083,106.470588684082,114,23.8823528289794,75.2,87.0,125.0,143.0,64,151,212.0,30.0206356048584,98.0,3.26442122311827,172.142852783203,171.0,14,186.980773925781,181.0,52,215.045455932617,214.0,132,215.519485473632,217.0,154,208.923995971679,213.5,250,198.269485473632,206.0,308,190.774703979492,200.5,506,179.5498046875,190.0,522,174.319198608398,183.0,755,163.580825805664,174.5,730,34.1999999999999,0.25
12860513_R3525938_SWAN,12860513_R3525938_SWAN_0000.nii.gz,12860513_R3525938_SWAN.nii.gz,1,315,0.46880030632019,0.468799531459808,0.999992191791534,69.542854309082,66,22.1710662841796,40.0,51.0,84.5,110.0,37,124,181.0,32.1858825683593,115.0,3.57299507806729,125.212326049804,123.5,146,147.869750976562,146.5,238,170.296447753906,173.0,506,177.230773925781,181.5,468,179.32698059082,184.0,630,177.08918762207,186.0,740,179.75535583496,187.0,1026,178.384552001953,187.0,1100,180.555236816406,190.0,1376,181.444686889648,190.0,1410,40.0999999999999,0.25
12860513_R3525938_SWAN,12860513_R3525938_SWAN_0000.nii.gz,12860513_R3525938_SWAN.nii.gz,2,173,0.46880030632019,0.468799531459808,0.999992191791534,101.705200195312,93,19.1926593780517,83.6,86.0,116.0,139.4,82,155,217.0,27.9014453887939,124.0,4.44421420726118,181.34146118164,182.0,82,211.350509643554,214.0,194,214.565872192382,218.0,334,210.27082824707,218.0,384,207.899993896484,216.0,480,202.540374755859,215.0,644,201.785049438476,216.0,856,198.865646362304,216.0,908,199.487442016601,216.0,1194,196.878814697265,214.0,1180,22.3999999999999,0.25
12860513_R3525938_SWAN,12860513_R3525938_SWAN_0000.nii.gz,12860513_R3525938_SWAN.nii.gz,3,89,0.46880030632019,0.468799531459808,0.999992191791534,93.1460647583007,88,22.3885765075683,66.4,74.0,111.0,131.0,65,161,199.5,45.9295768737793,111.5,2.42762959272229,165.589279174804,163.5,56,180.375,179.5,120,196.088989257812,202.5,236,189.916671752929,199.0,276,181.33152770996,200.0,368,178.802047729492,197.5,490,168.160919189453,191.0,696,165.917922973632,186.0,731,160.166152954101,182.0,981,160.813385009765,179.0,986,25.9,0.25
12860513_R3525938_SWAN,12860513_R3525938_SWAN_0000.nii.gz,12860513_R3525938_SWAN.nii.gz,4,79,0.46880030632019,0.468799531459808,0.999992191791534,7.86075925827026,4,9.03121662139892,0.0,1.0,10.5,25.3999999999999,0,36,102.0,53.3905563354492,98.0,1.83553060178419,46.1176452636718,38.0,51,69.7184448242187,61.0,103,83.2579193115234,72.0,221,97.868423461914,90.0,266,105.522987365722,105.5,348,119.568466186523,126.0,482,127.610122680664,135.0,672,134.53823852539,144.0,706,139.793136596679,154.0,962,143.225952148437,158.0,925,33.4,0.75
12860513_R3525938_SWAN,12860513_R3525938_SWAN_0000.nii.gz,12860513_R3525938_SWAN.nii.gz,5,337,0.46880030632019,0.468799531459808,0.999992191791534,20.8160228729248,17,14.0246276855468,6.0,10.0,29.0,47.0,3,76,93.0,33.1612167358398,76.0,2.29183387948069,62.8782043457031,62.0,156,78.9583358764648,77.0,240,90.1387786865234,86.0,490,97.0086059570312,90.0,465,104.592292785644,96.0,623,114.364936828613,100.0,770,126.213584899902,116.5,1016,137.521453857421,132.0,1072,147.924255371093,152.0,1373,155.590682983398,167.0,1373,18.5999999999999,0.25
12936278_R3516354_SWAN,12936278_R3516354_SWAN_0000.nii.gz,12936278_R3516354_SWAN.nii.gz,1,49,0.4688001871109,0.468799889087677,1.00002384185791,95.4489822387695,102,19.2598361968994,63.4,77.0,109.0,120.199999999999,60,126,191.0,9.62254619598388,89.0,9.24911122142967,145.863632202148,146.0,44,175.267852783203,175.5,56,189.732147216796,189.0,224,192.005004882812,193.0,200,191.391815185546,192.0,342,189.551986694335,192.0,404,188.529602050781,190.0,642,186.799057006835,189.0,632,186.430923461914,187.0,912,185.024139404296,186.0,870,30.8999999999999,0.75
12936278_R3516354_SWAN,12936278_R3516354_SWAN_0000.nii.gz,12936278_R3516354_SWAN.nii.gz,2,155,0.4688001871109,0.468799889087677,1.00002384185791,10.251612663269,4,13.2891378402709,0.0,0.0,17.5,37.2999999999999,0,60,87.0,38.895938873291,83.0,2.13389886976077,67.3877563476562,67.0,98,86.3983078002929,89.0,118,85.051887512207,86.5,424,86.545181274414,85.5,332,84.8409118652343,86.5,528,89.1930694580078,88.0,606,91.5573577880859,92.0,863,94.8571395874023,95.0,847,99.3677520751953,103.5,1104,100.372116088867,106.0,1083,10.6,0.25
12936278_R3516354_SWAN,12936278_R3516354_SWAN_0000.nii.gz,12936278_R3516354_SWAN.nii.gz,3,127,0.4688001871109,0.468799889087677,1.00002384185791,24.9133853912353,20,19.8411102294921,1.0,9.0,35.5,63.6999999999999,1,87,115.5,40.9033508300781,95.5,2.33477204341348,81.2428588867187,72.0,70,108.317070007324,103.0,82,118.923500061035,109.0,366,125.538169860839,128.5,262,120.795997619628,104.5,500,125.158821105957,134.5,510,122.806144714355,109.0,846,126.445625305175,134.5,754,127.522109985351,121.0,1176,129.08055114746,138.0,1018,35.1,0.25
12936278_R3516354_SWAN,12936278_R3516354_SWAN_0000.nii.gz,12936278_R3516354_SWAN.nii.gz,4,155,0.4688001871109,0.468799889087677,1.00002384185791,53.1354827880859,47,19.578815460205,32.0,36.0,65.0,93.2999999999999,32,103,164.0,16.3778743743896,117.0,7.14378418868292,123.961540222167,122.0,78,155.83332824707,156.0,90,158.056091308593,159.0,410,169.214813232421,167.0,270,163.830932617187,162.0,556,170.736541748046,169.5,520,167.248382568359,167.0,926,171.991165161132,174.0,792,168.807571411132,171.0,1242,171.49348449707,174.5,1074,27.6,0.25
12936278_R3516354_SWAN,12936278_R3516354_SWAN_0000.nii.gz,12936278_R3516354_SWAN.nii.gz,5,91,0.4688001871109,0.468799889087677,1.00002384185791,104.813186645507,99,24.463882446289,71.5,84.5,123.5,148.0,70,152,213.0,34.0805511474609,114.0,3.34501632637162,178.75862121582,179.0,58,208.957138061523,209.0,70,217.944076538085,218.5,304,211.446899414062,214.0,226,205.593460083007,210.0,428,188.647720336914,203.5,440,187.755645751953,196.0,708,189.924743652343,208.0,598,192.027648925781,203.0,904,197.83267211914,211.0,759,22.9,0.25
13002316_R3496667_SWAN,13002316_R3496667_SWAN_0000.nii.gz,13002316_R3496667_SWAN.nii.gz,1,79,0.468800157308578,0.468800008296966,1.40004098415374,113.291137695312,115,24.0264358520507,78.0,89.5,137.0,144.2,76,147,213.0,9.62871646881103,98.0,10.177888228139,162.119995117187,159.0,50,183.98387145996,183.0,62,203.26414489746,204.0,212,213.64094543457,213.0,298,214.930145263671,214.0,272,213.958145141601,213.0,430,212.340225219726,212.0,532,211.108154296875,211.0,564,208.955139160156,209.0,758,208.31265258789,208.0,854,36.5999999999999,0.75
13002316_R3496667_SWAN,13002316_R3496667_SWAN_0000.nii.gz,13002316_R3496667_SWAN.nii.gz,2,151,0.468800157308578,0.468800008296966,1.40004098415374,35.5562896728515,28,21.2825927734375,13.0,18.0,57.0,73.0,13,83,151.0,10.4273767471313,123.0,11.7958718652645,111.736839294433,114.5,76,142.681823730468,142.5,88,150.707138061523,150.0,280,152.369857788085,152.0,292,152.923080444335,153.5,286,150.942245483398,151.0,554,150.77490234375,151.0,542,150.300003051757,151.0,560,149.24526977539,150.0,950,148.837493896484,149.0,880,23.9999999999999,0.25
13002316_R3496667_SWAN,13002316_R3496667_SWAN_0000.nii.gz,13002316_R3496667_SWAN.nii.gz,3,135,0.468800157308578,0.468800008296966,1.40004098415374,63.8074073791503,63,19.4477443695068,30.0,50.0,79.0,94.0,25,98,170.0,10.9487571716308,107.0,9.77279871337779,111.742858886718,110.5,70,137.682922363281,137.0,82,157.530303955078,158.0,264,169.092590332031,169.0,270,172.793472290039,172.0,276,172.4248046875,173.0,532,174.681823730468,175.0,528,175.568176269531,176.0,528,173.986953735351,176.0,920,177.131271362304,178.0,876,39.3,0.75
13002316_R3496667_SWAN,13002316_R3496667_SWAN_0000.nii.gz,13002316_R3496667_SWAN.nii.gz,4,71,0.468800157308578,0.468800008296966,1.40004098415374,92.112678527832,94,22.9448490142822,62.0,68.5,112.0,125.5,62,135,198.0,7.37610483169555,104.0,14.0995826893763,149.539993286132,149.0,50,177.725799560546,179.5,62,193.45506286621,194.0,178,196.94775390625,198.0,268,197.412704467773,198.0,252,197.032821655273,199.0,396,196.379302978515,199.0,464,195.386032104492,198.0,544,195.01235961914,198.0,728,194.285354614257,197.0,792,32.2999999999999,0.25
13002316_R3496667_SWAN,13002316_R3496667_SWAN_0000.nii.gz,13002316_R3496667_SWAN.nii.gz,5,23,0.468800157308578,0.468800008296966,1.40004098415374,55.652172088623,54,19.8156909942626,31.0,35.5,71.5,85.0,22,90,181.0,24.5888500213623,127.0,5.16494264228155,117.0,120.5,18,154.045455932617,158.0,22,154.155731201171,154.5,122,176.918914794921,180.5,148,182.521743774414,185.5,138,180.785263061523,184.0,312,181.663696289062,186.0,336,182.126068115234,188.0,349,179.049255371093,187.0,609,178.060134887695,187.0,582,35.3,0.25
13528058_R3508046_SWAN,13528058_R3508046_SWAN_0000.nii.gz,13528058_R3508046_SWAN.nii.gz,1,171,0.468800067901611,0.468800038099288,1.00004053115844,79.9064331054687,76,23.8531703948974,51.0,59.0,101.0,119.0,49,133,200.0,32.7746887207031,124.0,3.78340740492438,144.166671752929,148.0,102,172.418029785156,180.0,122,186.908477783203,195.0,448,192.852935791015,202.5,340,191.368423461914,203.0,570,193.353698730468,203.0,622,192.991409301757,204.0,932,196.140823364257,204.0,916,195.889419555664,206.0,1266,199.821487426757,207.0,1210,35.6999999999999,0.25
13528058_R3508046_SWAN,13528058_R3508046_SWAN_0000.nii.gz,13528058_R3508046_SWAN.nii.gz,2,15,0.468800067901611,0.468800038099288,1.00004053115844,28.4666671752929,28,8.95072937011718,14.9,24.5,35.0,41.0,10,41,89.0,9.12698459625244,61.0,6.6834779172353,56.9375,56.5,16,76.0500030517578,75.0,20,79.6168823242187,81.5,154,89.4814834594726,90.0,108,90.2307662963867,90.0,286,91.0398559570312,91.0,276,90.1532592773437,90.0,522,86.9146347045898,89.0,492,87.608528137207,90.0,774,85.0787277221679,90.0,724,21.4,0.75
13528058_R3508046_SWAN,13528058_R3508046_SWAN_0000.nii.gz,13528058_R3508046_SWAN.nii.gz,3,13,0.468800067901611,0.468800038099288,1.00004053115844,77.3076934814453,77,16.8449249267578,49.4,72.0,91.0,97.1999999999999,38,99,210.0,42.7867889404296,133.0,3.10843611529648,130.214279174804,130.0,14,166.888885498046,169.5,18,179.102737426757,183.0,146,196.25926208496,216.0,108,210.593276977539,219.0,268,199.364654541015,210.0,266,198.862823486328,212.0,503,187.221237182617,203.0,452,193.409484863281,212.0,696,185.914474487304,207.0,608,54.2999999999999,0.75
13528058_R3508046_SWAN,13528058_R3508046_SWAN_0000.nii.gz,13528058_R3508046_SWAN.nii.gz,4,63,0.468800067901611,0.468800038099288,1.00004053115844,12.9841270446777,10,11.5627927780151,3.0,5.0,15.0,36.4999999999999,0,56,69.0,60.0085868835449,59.0,0.983192623990592,36.9333343505859,21.0,45,53.7169799804687,26.0,53,60.0,34.0,237,80.9265518188476,62.0,177,79.0283279418945,67.0,353,96.2954025268554,98.0,413,98.0557174682617,98.0,682,114.127975463867,129.0,672,112.365226745605,120.0,972,123.756149291992,143.0,935,26.2,1.75
13528058_R3508046_SWAN,13528058_R3508046_SWAN_0000.nii.gz,13528058_R3508046_SWAN.nii.gz,5,195,0.468800067901611,0.468800038099288,1.00004053115844,70.5743560791015,63,14.4089841842651,60.0,60.0,76.0,102.299999999999,60,115,166.0,15.4507608413696,103.0,6.66633838019264,141.386367797851,143.5,88,162.619995117187,162.5,100,160.438323974609,162.5,454,166.260559082031,168.0,284,160.334411621093,163.0,616,167.312042236328,171.0,548,160.56867980957,166.0,990,165.235809326171,171.0,810,158.995468139648,166.0,1326,162.712341308593,170.0,1102,14.7,0.25
13536815_R3505187_SWAN,13536815_R3505187_SWAN_0000.nii.gz,13536815_R3505187_SWAN.nii.gz,1,41,0.468799203634262,0.468798816204071,0.999963760375976,95.1219482421875,98,14.8212032318115,70.0,83.0,104.0,117.0,64,126,177.0,30.5427417755126,79.0,2.5865392367406,130.619049072265,126.0,42,156.050003051757,153.0,80,170.447113037109,170.5,208,175.433959960937,168.0,212,179.636093139648,183.0,338,179.67463684082,181.5,418,180.392852783203,184.0,616,181.88670349121,192.0,662,182.638092041015,193.0,898,182.866012573242,193.0,918,28.6999999999999,0.75
13536815_R3505187_SWAN,13536815_R3505187_SWAN_0000.nii.gz,13536815_R3505187_SWAN.nii.gz,2,41,0.468799203634262,0.468798816204071,0.999963760375976,117.17073059082,123,16.8926353454589,86.0,113.0,128.0,136.0,72,138,205.0,27.7739753723144,82.0,2.95240414455537,151.119049072265,152.0,42,172.347229003906,175.0,72,190.190216064453,194.0,184,199.722778320312,207.0,202,194.059600830078,206.0,302,196.088943481445,206.0,416,182.408782958984,201.5,592,174.405700683593,200.0,631,173.399749755859,197.0,813,171.57373046875,197.0,807,36.8,0.75
13536815_R3505187_SWAN,13536815_R3505187_SWAN_0000.nii.gz,13536815_R3505187_SWAN.nii.gz,3,105,0.468799203634262,0.468798816204071,0.999963760375976,103.466667175292,99,22.1445770263671,74.0,86.0,120.0,144.8,70,156,216.0,39.1692085266113,117.0,2.98704018797088,142.78125,148.5,64,159.630432128906,169.0,138,184.289474487304,201.0,266,197.142852783203,215.0,294,198.768661499023,218.0,402,204.346008300781,222.0,526,205.440765380859,224.0,726,208.984725952148,226.0,786,207.588638305664,225.0,1038,210.816436767578,227.0,1046,46.2999999999999,0.75
13536815_R3505187_SWAN,13536815_R3505187_SWAN_0000.nii.gz,13536815_R3505187_SWAN.nii.gz,4,71,0.468799203634262,0.468798816204071,0.999963760375976,87.9295806884765,83,17.9610881805419,66.5,73.0,101.5,123.5,65,128,202.0,29.7115173339843,119.0,4.00518084156834,136.403839111328,139.5,52,165.586532592773,173.5,104,176.869750976562,189.0,238,189.287994384765,200.0,250,194.961318969726,203.0,362,201.073013305664,207.0,452,203.479034423828,208.0,668,206.186447143554,208.0,708,205.698959350585,208.0,960,208.287628173828,209.0,970,39.4,0.75
13536815_R3505187_SWAN,13536815_R3505187_SWAN_0000.nii.gz,13536815_R3505187_SWAN.nii.gz,5,67,0.468799203634262,0.468798816204071,0.999963760375976,122.462684631347,118,21.542272567749,88.3,107.5,143.0,156.799999999999,84,162,230.0,17.9199047088623,112.0,6.25003323508803,183.480773925781,186.5,52,212.355773925781,213.0,104,227.581817626953,228.5,220,228.22314453125,230.0,242,228.27586364746,232.0,348,225.712127685546,229.0,462,225.261001586914,230.0,636,222.655807495117,227.0,706,222.572967529296,227.0,932,221.772918701171,226.0,960,29.2,0.25
13735022_R3523734_SWAN,13735022_R3523734_SWAN_0000.nii.gz,13735022_R3523734_SWAN.nii.gz,1,117,0.468799799680709,0.468799948692321,0.99998652935028,31.5470085144042,22,20.2440223693847,14.8,16.0,42.0,76.1999999999999,13,85,137.0,45.0601463317871,115.0,2.55214439725142,116.676467895507,129.0,68,130.153335571289,141.0,150,124.602836608886,146.0,282,120.208335876464,141.5,312,118.577934265136,131.0,417,117.469345092773,134.0,522,117.024604797363,130.0,691,114.984550476074,128.5,712,116.06396484375,132.0,938,116.518142700195,133.0,882,8.50000000000001,0.25
13735022_R3523734_SWAN,13735022_R3523734_SWAN_0000.nii.gz,13735022_R3523734_SWAN.nii.gz,2,15,0.468799799680709,0.468799948692321,0.99998652935028,35.066665649414,24,23.7836532592773,10.2,13.0,56.0,74.1999999999999,6,77,118.0,27.9363689422607,94.0,3.36478946831925,87.8000030517578,86.5,20,111.0,110.0,34,117.101188659667,121.0,168,108.758827209472,114.0,170,113.536888122558,120.0,244,107.666664123535,115.0,330,111.592308044433,120.0,520,111.820281982421,118.5,562,115.42015838623,123.0,764,116.105987548828,124.0,802,18.6999999999999,0.25
13735022_R3523734_SWAN,13735022_R3523734_SWAN_0000.nii.gz,13735022_R3523734_SWAN.nii.gz,3,123,0.468799799680709,0.468799948692321,0.99998652935028,45.1869926452636,43,22.2225818634033,13.0,26.0,62.5,82.0,6,87,154.0,13.2957286834716,111.0,8.34854581065477,96.886360168457,93.5,88,126.556335449218,128.0,142,145.302856445312,145.0,350,152.634140014648,153.0,328,153.354171752929,155.0,480,153.907669067382,157.0,574,152.48794555664,155.0,830,153.02407836914,156.0,872,152.142852783203,155.0,1134,153.581756591796,157.0,1162,39.1,0.75
13735022_R3523734_SWAN,13735022_R3523734_SWAN_0000.nii.gz,13735022_R3523734_SWAN.nii.gz,4,63,0.468799799680709,0.468799948692321,0.99998652935028,103.365081787109,106,15.6826677322387,75.1,92.0,115.0,126.0,70,128,202.0,23.5185890197753,96.0,4.08187752757103,146.919998168945,147.0,50,175.938781738281,177.0,98,191.424102783203,195.0,224,195.198348999023,202.0,242,197.428970336914,203.0,352,196.292037963867,205.0,452,197.772872924804,205.0,656,198.866378784179,204.0,696,199.943618774414,204.0,940,199.710083007812,203.0,952,36.6,0.75
13735022_R3523734_SWAN,13735022_R3523734_SWAN_0000.nii.gz,13735022_R3523734_SWAN.nii.gz,5,173,0.468799799680709,0.468799948692321,0.99998652935028,25.0867042541503,27,12.7251281738281,6.6,13.0,36.0,45.0,4,49,87.0,13.566044807434,60.0,4.42280715209789,56.560001373291,57.0,100,73.1084365844726,74.5,166,82.0783767700195,83.0,370,85.3571395874023,87.0,364,86.379035949707,88.0,496,87.3054656982421,89.0,622,87.8940124511718,91.0,868,87.7544250488281,91.0,904,87.9555587768554,91.0,1170,88.1089553833007,91.0,1184,19.7,0.25
14032263_R3506902_SWAN,14032263_R3506902_SWAN_0000.nii.gz,14032263_R3506902_SWAN.nii.gz,1,35,0.468800008296966,0.468799948692321,1.4000060558319,111.142860412597,110,21.2133960723876,79.7,93.0,132.0,137.3,72,140,210.0,10.8476610183715,100.0,9.21857715046959,153.388885498046,151.5,36,177.125,179.5,48,197.861541748046,199.0,130,207.479995727539,208.0,200,211.536361694335,212.0,220,213.641571044921,214.0,332,214.800476074218,215.0,416,214.444931030273,215.0,454,212.115158081054,214.0,660,210.446029663085,214.0,704,37.7999999999999,0.75
14032263_R3506902_SWAN,14032263_R3506902_SWAN_0000.nii.gz,14032263_R3506902_SWAN.nii.gz,2,25,0.468800008296966,0.468799948692321,1.4000060558319,96.5999984741211,100,20.0858154296875,71.0,73.0,114.0,124.6,70,130,197.0,21.5592823028564,97.0,4.4992221279624,165.033340454101,167.0,30,191.095245361328,190.5,42,196.765625,197.0,128,194.70652770996,197.5,184,190.914138793945,196.0,198,190.35806274414,197.0,310,185.730194091796,193.0,404,182.456420898437,189.0,436,183.26121520996,188.5,624,180.862319946289,184.5,690,19.5999999999999,0.25
14032263_R3506902_SWAN,14032263_R3506902_SWAN_0000.nii.gz,14032263_R3506902_SWAN.nii.gz,3,87,0.468800008296966,0.468799948692321,1.4000060558319,56.3793106079101,55,26.2736454010009,18.3,34.0,75.0,104.7,15,117,166.0,45.3693046569824,111.0,2.44658808062461,119.0357131958,119.0,56,148.95588684082,152.0,68,154.663360595703,168.5,202,159.27586364746,167.0,232,159.78125,168.5,256,152.586761474609,162.0,438,151.418106079101,152.0,464,149.457656860351,150.0,496,149.560501098632,150.0,810,147.366333007812,147.0,808,32.1,0.25
14032263_R3506902_SWAN,14032263_R3506902_SWAN_0000.nii.gz,14032263_R3506902_SWAN.nii.gz,4,103,0.468800008296966,0.468799948692321,1.4000060558319,85.1262130737304,76,26.6442489624023,59.1,64.0,102.0,135.7,54,161,217.0,54.6446990966796,141.0,2.58030517746171,142.725799560546,148.0,62,175.675674438476,189.5,74,176.146545410156,193.5,232,201.5,223.0,250,207.780487060546,225.0,246,197.870300292968,217.0,478,209.547317504882,225.0,486,207.994140625,225.0,512,193.125595092773,214.0,844,203.357055664062,220.0,829,45.7999999999999,0.25
14032263_R3506902_SWAN,14032263_R3506902_SWAN_0000.nii.gz,14032263_R3506902_SWAN.nii.gz,5,11,0.468800008296966,0.468799948692321,1.4000060558319,14.1818180084228,9,14.5027780532836,3.0,4.5,15.0,43.5,2,47,133.0,46.8980102539062,124.0,2.644035414907,63.6666679382324,62.0,12,92.3125,94.5,16,108.609756469726,109.5,82,119.362899780273,122.0,124,118.901641845703,126.0,122,145.622497558593,157.0,249,146.996597290039,148.0,294,140.551284790039,145.0,312,157.191040039062,173.0,513,156.193206787109,172.0,559,39.0,0.75
14633718_R3516246_SWAN,14633718_R3516246_SWAN_0000.nii.gz,14633718_R3516246_SWAN.nii.gz,1,103,0.468801647424697,0.468798875808715,1.00003325939178,40.1747589111328,37,21.7172584533691,11.1,22.0,58.5,80.0,7,102,119.0,28.4341716766357,82.0,2.88385400962388,91.4714279174804,84.0,70,110.633331298828,103.0,90,118.87059020996,114.5,340,127.098640441894,121.0,294,124.06713104248,118.0,432,131.552047729492,122.0,538,129.954895019531,121.0,776,134.721801757812,122.0,798,135.923217773437,122.5,1068,140.11245727539,123.0,1076,24.4999999999999,0.25
14633718_R3516246_SWAN,14633718_R3516246_SWAN_0000.nii.gz,14633718_R3516246_SWAN.nii.gz,2,161,0.468801647424697,0.468798875808715,1.00003325939178,83.0062103271484,78,24.7452850341796,52.0,60.0,103.0,128.0,51,136,215.0,34.2166900634765,137.0,4.00389399868446,159.179992675781,163.5,100,195.108337402343,207.0,120,197.031417846679,210.0,382,208.351272583007,219.0,316,202.585021972656,214.0,494,209.184020996093,217.0,576,209.449081420898,216.0,864,211.987060546875,217.0,850,210.894378662109,216.0,1174,207.65151977539,217.0,1122,33.9,0.25
14633718_R3516246_SWAN,14633718_R3516246_SWAN_0000.nii.gz,14633718_R3516246_SWAN.nii.gz,3,131,0.468801647424697,0.468798875808715,1.00003325939178,90.3816757202148,91,25.3450870513916,52.0,68.0,112.0,129.5,44,140,216.0,34.0493507385253,125.0,3.67114195392183,150.25,153.0,92,180.8125,188.0,112,198.091842651367,210.0,392,201.19871520996,215.0,312,207.16600036621,219.0,506,210.185958862304,220.0,570,210.834106445312,221.0,868,210.741897583007,221.0,864,206.370712280273,219.0,1168,207.178756713867,223.0,1158,41.6,0.75
14633718_R3516246_SWAN,14633718_R3516246_SWAN_0000.nii.gz,14633718_R3516246_SWAN.nii.gz,4,107,0.468801647424697,0.468798875808715,1.00003325939178,25.4392528533935,20,20.3461513519287,2.0,8.0,39.0,65.6999999999999,0,84,99.0,49.6634483337402,79.0,1.59070710251767,77.1794891357421,65.0,78,103.316329956054,83.0,98,114.320808410644,92.0,346,125.244895935058,97.0,294,130.589691162109,102.0,446,135.857147216796,104.0,546,142.298965454101,112.5,776,144.663818359375,117.5,818,150.982376098632,138.5,1078,149.767395019531,130.0,1092,20.9999999999999,0.25
14633718_R3516246_SWAN,14633718_R3516246_SWAN_0000.nii.gz,14633718_R3516246_SWAN.nii.gz,5,239,0.468801647424697,0.468798875808715,1.00003325939178,29.4184093475341,17,23.6400966644287,12.0,12.0,39.5,85.1,12,108,200.0,37.0593643188476,183.0,4.93802317885225,150.764282226562,152.0,140,187.404754638671,191.0,168,188.279479980468,197.0,458,192.397064208984,202.0,408,189.15769958496,201.0,558,189.329269409179,201.0,738,185.813262939453,197.0,980,183.743957519531,198.0,992,184.768936157226,198.0,1320,183.237915039062,198.0,1282,31.1999999999999,0.25
14689924_R3513719_SWAN,14689924_R3513719_SWAN_0000.nii.gz,14689924_R3513719_SWAN.nii.gz,1,67,0.468799918889999,0.468800008296966,1.40005242824554,43.6417922973632,44,21.057632446289,15.0,21.0,58.5,80.3999999999999,15,83,137.0,21.1068439483642,93.0,4.40615376829975,107.833335876464,104.0,48,135.199996948242,133.5,60,139.738372802734,136.5,172,138.613449096679,135.5,238,136.451217651367,138.0,246,135.84422302246,136.0,398,133.370452880859,138.0,440,128.267852783203,133.5,504,129.780654907226,132.0,734,126.408164978027,130.0,784,19.5,0.25
14689924_R3513719_SWAN,14689924_R3513719_SWAN_0000.nii.gz,14689924_R3513719_SWAN.nii.gz,2,123,0.468799918889999,0.468800008296966,1.40005242824554,45.8617897033691,45,23.0655937194824,10.1,28.5,64.5,83.6999999999999,9,96,154.0,20.7759113311767,109.0,5.24646058902034,103.691177368164,104.0,68,130.887496948242,131.5,80,150.409454345703,149.0,254,154.745971679687,154.5,248,154.890838623046,155.5,284,158.676803588867,156.0,526,160.039474487304,157.0,532,160.914688110351,158.0,504,160.871963500976,158.0,906,160.626174926757,158.0,848,33.7999999999999,0.25
14689924_R3513719_SWAN,14689924_R3513719_SWAN_0000.nii.gz,14689924_R3513719_SWAN.nii.gz,3,65,0.468799918889999,0.468800008296966,1.40005242824554,74.9076919555664,77,19.797996520996,38.2,63.0,90.0,100.8,31,108,176.0,15.9213428497314,99.0,6.21806847163459,127.76000213623,129.0,50,156.387100219726,159.0,62,170.063156127929,172.0,190,176.566116333007,181.5,242,176.41453552246,181.0,234,170.424758911132,174.0,412,169.027893066406,172.5,466,167.379516601562,171.0,498,160.984497070312,158.0,774,160.878784179687,160.0,792,34.0999999999999,0.25
14689924_R3513719_SWAN,14689924_R3513719_SWAN_0000.nii.gz,14689924_R3513719_SWAN.nii.gz,4,57,0.468799918889999,0.468800008296966,1.40005242824554,28.5964908599853,29,14.8853635787963,9.0,14.0,42.0,51.0,8,55,91.0,20.2744617462158,62.0,3.05803432791857,63.6086959838867,63.5,46,77.4137954711914,82.0,58,81.8246765136718,89.0,154,84.6974792480468,91.0,238,87.7192993164062,92.0,228,87.7759094238281,93.0,357,91.4330902099609,93.0,411,95.8155746459961,94.0,488,96.6652526855468,93.0,708,102.552986145019,93.0,736,17.9,0.25
14689924_R3513719_SWAN,14689924_R3513719_SWAN_0000.nii.gz,14689924_R3513719_SWAN.nii.gz,5,77,0.468799918889999,0.468800008296966,1.40005242824554,83.9220809936523,89,28.4476127624511,41.0,56.0,109.0,124.2,39,128,205.0,19.2658500671386,116.0,6.02101644078807,147.777770996093,146.5,54,178.121215820312,179.5,66,199.261901855468,201.5,210,204.783462524414,205.0,254,205.111999511718,207.0,250,204.853607177734,205.5,444,203.98387145996,209.5,496,203.21011352539,209.0,514,201.401779174804,207.0,784,201.263412475585,207.0,820,39.4999999999999,0.75
15796860_R3508841_SWAN,15796860_R3508841_SWAN_0000.nii.gz,15796860_R3508841_SWAN.nii.gz,1,293,0.468799799680709,0.468799769878387,0.999994993209838,46.9795227050781,36,27.8197441101074,17.0,20.0,72.0,95.0,16,110,182.0,31.0713500976562,146.0,4.69886244212519,126.0234375,123.0,128,164.65086364746,165.0,232,177.215866088867,181.0,454,176.23696899414,184.0,422,174.346282958984,182.0,618,171.76805114746,180.0,720,169.613815307617,176.0,984,168.3955078125,173.0,1024,166.739227294921,171.0,1346,166.967620849609,172.0,1328,39.7999999999999,0.25
15796860_R3508841_SWAN,15796860_R3508841_SWAN_0000.nii.gz,15796860_R3508841_SWAN.nii.gz,2,75,0.468799799680709,0.468799769878387,0.999994993209838,100.293334960937,97,21.3646278381347,71.0,85.0,121.0,133.3,70,143,211.0,16.9072017669677,114.0,6.742688800386,168.375,167.5,56,202.116073608398,204.5,112,211.57600402832,213.0,250,211.6240234375,214.0,258,207.963912963867,212.0,388,203.983123779296,209.0,474,200.063217163085,206.0,696,197.01219177246,203.5,738,193.864562988281,200.0,982,190.792083740234,198.0,1010,29.5999999999999,0.25
15796860_R3508841_SWAN,15796860_R3508841_SWAN_0000.nii.gz,15796860_R3508841_SWAN.nii.gz,3,117,0.468799799680709,0.468799769878387,0.999994993209838,50.589744567871,47,26.5066204071044,15.8,27.0,75.0,95.1999999999999,14,117,184.0,42.107681274414,137.0,3.25356314699867,128.0,123.0,68,165.697189331054,169.5,142,174.551376342773,188.0,292,176.031646728515,175.0,316,183.452835083007,186.5,424,181.416961669921,184.0,554,186.220520019531,196.0,780,188.513641357421,203.0,806,194.085021972656,209.0,1082,197.046813964843,210.0,1068,34.8999999999999,0.25
15796860_R3508841_SWAN,15796860_R3508841_SWAN_0000.nii.gz,15796860_R3508841_SWAN.nii.gz,4,213,0.468799799680709,0.468799769878387,0.999994993209838,33.8873252868652,24,20.8623142242431,14.0,21.0,41.0,80.0,8,103,150.0,54.197265625,126.0,2.32484053479404,113.3482131958,116.0,112,143.771743774414,169.0,184,146.505325317382,173.5,376,145.125,160.0,392,146.926223754882,155.5,488,142.087020874023,119.0,678,144.125579833984,123.5,860,142.022338867187,115.0,940,144.114624023437,117.0,1204,141.179046630859,113.0,1212,27.3,0.25
15796860_R3508841_SWAN,15796860_R3508841_SWAN_0000.nii.gz,15796860_R3508841_SWAN.nii.gz,5,69,0.468799799680709,0.468799769878387,0.999994993209838,20.4202899932861,10,23.5017147064209,0.0,3.0,39.0,70.6,0,82,148.0,25.1070919036865,138.0,5.49645496696243,117.86538696289,118.5,52,142.066040039062,145.5,106,148.987182617187,147.0,234,147.051177978515,150.0,254,146.258239746093,150.0,364,138.773712158203,145.0,464,137.005889892578,144.0,680,132.741622924804,141.5,716,132.931533813476,143.0,964,129.677917480468,139.0,978,19.2,0.25
15973124_R3489459_SWAN,15973124_R3489459_SWAN_0000.nii.gz,15973124_R3489459_SWAN.nii.gz,1,79,0.429699897766113,0.429699897766113,1.00002002716064,53.8227844238281,58,16.1211853027343,22.0,41.5,67.0,73.1,15,81,144.0,17.6648635864257,86.0,4.86842140496827,92.4038467407226,90.5,52,121.298080444335,119.0,104,137.371688842773,137.0,226,143.300003051757,144.0,280,142.171432495117,146.0,490,139.656509399414,143.5,492,137.271118164062,143.0,734,137.093444824218,143.0,824,136.288497924804,141.0,1130,137.874114990234,142.0,1136,35.7,0.75
15973124_R3489459_SWAN,15973124_R3489459_SWAN_0000.nii.gz,15973124_R3489459_SWAN.nii.gz,2,149,0.429699897766113,0.429699897766113,1.00002002716064,31.72483253479,30,17.8794841766357,10.0,14.0,47.0,60.0,8,71,126.0,17.3573188781738,96.0,5.53080810889038,84.5222244262695,82.5,90,112.244445800781,110.0,180,123.09146118164,123.0,328,125.863403320312,125.5,388,126.721252441406,127.0,574,127.344116210937,128.0,680,126.71255493164,127.0,908,127.606864929199,129.0,1020,127.459815979003,127.0,1294,127.981964111328,129.0,1386,28.3999999999999,0.25
15973124_R3489459_SWAN,15973124_R3489459_SWAN_0000.nii.gz,15973124_R3489459_SWAN.nii.gz,3,323,0.429699897766113,0.429699897766113,1.00002002716064,20.6470584869384,18,15.3880424499511,2.0,7.0,30.0,50.0,0,68,73.0,32.2663383483886,55.0,1.70456279873314,50.2647056579589,48.0,136,63.5762710571289,60.0,236,72.1517868041992,67.0,448,72.1229858398437,69.0,496,80.3292694091796,79.0,738,76.8273544311523,75.0,753,83.8744201660156,81.0,1083,82.0088729858398,80.0,1127,83.9781875610351,84.0,1467,84.2698822021484,83.0,1471,13.9999999999999,0.25
15973124_R3489459_SWAN,15973124_R3489459_SWAN_0000.nii.gz,15973124_R3489459_SWAN.nii.gz,4,173,0.429699897766113,0.429699897766113,1.00002002716064,35.7398834228515,33,18.1042728424072,8.6,21.0,52.0,66.2,6,74,125.0,13.8666801452636,92.0,6.63460893568124,84.8717956542968,84.0,78,110.057144165039,109.0,140,115.304344177246,117.0,368,126.341957092285,126.0,348,126.787231445312,127.5,658,125.435592651367,126.0,590,127.565925598144,128.0,986,125.592048645019,126.0,956,126.27074432373,126.0,1374,124.013885498046,124.0,1296,26.8,0.25
15973124_R3489459_SWAN,15973124_R3489459_SWAN_0000.nii.gz,15973124_R3489459_SWAN.nii.gz,5,19,0.429699897766113,0.429699897766113,1.00002002716064,29.8421058654785,29,12.3725643157958,12.8,19.0,40.0,50.3999999999999,11,54,85.0,35.1029052734375,56.0,1.59530954955957,64.875,66.5,16,81.25,87.5,32,85.1049346923828,84.0,162,79.6394577026367,81.0,147,89.2088241577148,89.5,340,82.2195129394531,83.0,328,92.2764511108398,98.0,586,88.9561538696289,94.0,593,98.0726089477539,111.0,909,97.9284896850586,110.0,881,7.99999999999999,0.25
172664_R3505356_SWAN,172664_R3505356_SWAN_0000.nii.gz,172664_R3505356_SWAN.nii.gz,1,151,0.46880042552948,0.468799620866775,0.99998140335083,79.4966888427734,74,22.2487068176269,54.0,61.0,93.5,129.5,52,141,183.0,43.660846710205,109.0,2.49651594536124,136.45832824707,132.5,96,163.759994506835,163.0,150,173.670654296875,177.0,334,174.776168823242,179.5,344,181.7197265625,196.0,446,174.628295898437,180.0,608,182.191360473632,197.0,810,179.71824645996,190.0,866,182.583251953125,202.0,1111,176.955337524414,197.0,1097,31.0,0.25
172664_R3505356_SWAN,172664_R3505356_SWAN_0000.nii.gz,172664_R3505356_SWAN.nii.gz,2,219,0.46880042552948,0.468799620866775,0.99998140335083,70.9589004516601,69,27.0254936218261,39.0,46.0,91.0,119.1,37,130,204.0,28.6940879821777,135.0,4.70480191194263,140.56362915039,138.0,110,176.289474487304,181.0,190,194.346527099609,201.0,404,197.569152832031,204.5,376,196.130905151367,205.0,550,196.151565551757,204.0,640,194.016815185546,203.0,892,195.137710571289,204.0,944,189.815826416015,202.0,1238,188.778762817382,205.0,1234,43.9,0.25
172664_R3505356_SWAN,172664_R3505356_SWAN_0000.nii.gz,172664_R3505356_SWAN.nii.gz,3,153,0.46880042552948,0.468799620866775,0.99998140335083,99.1960754394531,92,27.9036750793457,64.0,71.0,122.0,146.4,63,155,233.0,21.6830959320068,141.0,6.50276143416712,178.02082824707,173.5,96,217.682434082031,219.0,148,232.269012451171,233.0,342,231.791900634765,234.0,346,230.482604980468,235.0,460,222.939102172851,232.0,624,221.39549255371,232.0,842,218.116622924804,231.0,866,216.592422485351,231.0,1136,213.420318603515,228.0,1142,39.0999999999999,0.25
172664_R3505356_SWAN,172664_R3505356_SWAN_0000.nii.gz,172664_R3505356_SWAN.nii.gz,4,35,0.46880042552948,0.468799620866775,0.99998140335083,56.3714294433593,57,29.4075660705566,18.0,32.0,84.5,98.3,8,103,185.0,39.6924743652343,128.0,3.22479266024574,142.361114501953,141.5,36,167.342849731445,169.0,70,182.526046752929,183.5,192,177.990478515625,186.0,210,168.553329467773,183.0,300,173.919479370117,186.0,385,165.644714355468,186.0,577,167.744369506835,186.0,622,160.564132690429,185.0,842,164.050918579101,184.5,864,29.5999999999999,0.25
172664_R3505356_SWAN,172664_R3505356_SWAN_0000.nii.gz,172664_R3505356_SWAN.nii.gz,5,191,0.46880042552948,0.468799620866775,0.99998140335083,76.0209426879882,67,18.12202835083,62.0,63.0,85.0,113.5,62,133,207.0,43.5055122375488,140.0,3.21798302788786,147.726196289062,149.5,84,178.390472412109,192.0,210,177.812881469726,203.0,326,186.896987915039,210.0,398,192.755187988281,209.0,482,194.700622558593,206.0,648,197.069931030273,206.0,858,196.953567504882,206.0,926,192.703201293945,204.0,1186,191.629470825195,207.0,1201,38.4999999999999,0.25
17537902_R3509186_SWAN,17537902_R3509186_SWAN_0000.nii.gz,17537902_R3509186_SWAN.nii.gz,1,139,0.468799263238906,0.468799412250518,1.20000290870666,45.1510772705078,45,23.236946105957,15.0,23.5,62.0,84.1,13,104,167.0,37.1428565979003,122.0,3.28461543280697,113.206520080566,112.5,92,145.008926391601,147.0,112,156.346939086914,157.0,294,163.636367797851,167.0,330,167.453659057617,168.0,410,170.420959472656,172.5,544,173.105865478515,173.0,614,172.857788085937,171.0,886,174.875793457031,173.0,942,173.466735839843,169.0,1082,34.7,0.25
17537902_R3509186_SWAN,17537902_R3509186_SWAN_0000.nii.gz,17537902_R3509186_SWAN.nii.gz,2,125,0.468799263238906,0.468799412250518,1.20000290870666,46.4480018615722,40,23.1376609802246,17.4,26.0,63.0,89.8,15,106,169.0,43.8786315917968,129.0,2.93992759847407,114.632354736328,117.0,68,143.787506103515,157.0,80,152.822143554687,169.0,298,157.130905151367,173.0,275,155.551895141601,168.0,395,150.908462524414,166.0,437,147.838562011718,164.5,446,147.594268798828,158.0,732,147.267883300781,163.0,657,148.191665649414,163.0,840,36.0,0.25
17537902_R3509186_SWAN,17537902_R3509186_SWAN_0000.nii.gz,17537902_R3509186_SWAN.nii.gz,3,75,0.468799263238906,0.468799412250518,1.20000290870666,65.066665649414,66,26.7762756347656,22.0,38.5,87.5,104.3,20,114,198.0,13.2148532867431,132.0,9.98876015766435,143.02000427246,142.0,50,178.467742919921,181.0,62,195.266357421875,196.0,214,197.982757568359,199.0,232,199.371170043945,199.0,326,198.417068481445,197.0,422,195.883117675781,194.0,462,196.796798706054,193.0,748,193.359741210937,190.0,770,195.003295898437,190.0,912,37.1999999999999,0.25
17537902_R3509186_SWAN,17537902_R3509186_SWAN_0000.nii.gz,17537902_R3509186_SWAN.nii.gz,4,167,0.468799263238906,0.468799412250518,1.20000290870666,14.3772459030151,8,16.737714767456,2.0,3.0,20.0,55.0,1,83,116.0,60.1393089294433,108.0,1.79583041312808,82.8627471923828,76.0,102,108.393440246582,104.0,122,108.705520629882,97.0,326,114.921737670898,111.0,345,116.494453430175,113.0,451,122.412811279296,128.5,562,126.69474029541,134.0,665,128.78108215332,129.0,941,137.298370361328,141.0,982,135.304565429687,136.0,1159,19.6,0.25
17537902_R3509186_SWAN,17537902_R3509186_SWAN_0000.nii.gz,17537902_R3509186_SWAN.nii.gz,5,117,0.468799263238906,0.468799412250518,1.20000290870666,32.1965827941894,29,17.6282806396484,9.0,16.0,45.0,63.3999999999999,8,74,135.0,14.7652320861816,106.0,7.17902701300593,91.4117660522461,90.0,68,119.587501525878,118.5,80,129.781875610351,130.0,298,135.838607788085,136.0,316,138.938095092773,138.0,420,139.001953125,137.0,514,139.463668823242,138.0,578,139.030410766601,137.0,888,139.225875854492,137.0,912,139.348571777343,138.0,1116,29.9,0.25
18067835_R3516569_SWAN,18067835_R3516569_SWAN_0000.nii.gz,18067835_R3516569_SWAN.nii.gz,1,205,0.468799531459808,0.468800216913223,1.00001597404479,84.3560943603515,77,20.437292098999,64.0,66.0,97.0,125.599999999999,64,137,191.0,43.9775733947753,114.0,2.59223033923793,141.537033081054,141.0,108,161.25,165.0,128,175.356170654296,190.0,438,171.099411010742,180.0,342,182.644409179687,200.0,554,175.451919555664,184.0,624,184.961700439453,201.0,914,183.098220825195,197.0,896,191.213027954101,209.0,1244,190.714523315429,206.0,1184,28.3999999999999,0.25
18067835_R3516569_SWAN,18067835_R3516569_SWAN_0000.nii.gz,18067835_R3516569_SWAN.nii.gz,2,15,0.468799531459808,0.468800216913223,1.00001597404479,52.8666648864746,46,21.4036350250244,28.2,35.0,71.5,89.0,24,89,152.0,39.4515419006347,106.0,2.68684048565144,117.75,111.5,16,145.75,153.0,20,142.032470703125,143.0,154,151.935180664062,152.0,108,152.870635986328,153.5,286,152.677536010742,151.0,276,155.754791259765,156.0,522,151.745941162109,157.0,492,159.432815551757,172.0,774,154.493087768554,161.0,724,22.3,0.25
18067835_R3516569_SWAN,18067835_R3516569_SWAN_0000.nii.gz,18067835_R3516569_SWAN.nii.gz,3,153,0.468799531459808,0.468800216913223,1.00001597404479,89.3529434204101,83,29.7489433288574,46.0,62.0,117.0,135.0,41,143,232.0,27.5449104309082,149.0,5.40934777674233,160.933334350585,158.0,90,195.090911865234,196.5,110,220.943298339843,223.0,388,230.336532592773,234.5,312,228.5,234.0,492,221.996505737304,236.0,572,219.176620483398,233.0,804,213.476959228515,231.0,868,213.537170410156,230.0,1130,209.512176513671,230.0,1150,51.1999999999999,0.25
18067835_R3516569_SWAN,18067835_R3516569_SWAN_0000.nii.gz,18067835_R3516569_SWAN.nii.gz,4,87,0.468799531459808,0.468800216913223,1.00001597404479,103.505744934082,103,15.5769290924072,78.3,92.0,117.0,130.4,72,136,181.0,33.4706840515136,78.0,2.33039754669945,133.196426391601,138.0,56,143.926467895507,155.0,68,162.622375488281,171.5,286,164.31982421875,178.0,222,179.026321411132,187.0,418,174.700912475585,185.0,438,177.304046630859,185.0,740,175.416671752929,184.0,684,174.258758544921,181.0,1028,173.005310058593,180.0,942,27.2999999999999,0.75
18067835_R3516569_SWAN,18067835_R3516569_SWAN_0000.nii.gz,18067835_R3516569_SWAN.nii.gz,5,189,0.468799531459808,0.468800216913223,1.00001597404479,46.7301597595214,42,28.5613822937011,14.0,21.0,64.0,101.0,12,118,203.0,32.2192764282226,161.0,4.99700855662205,126.75926208496,130.0,108,167.3203125,178.0,128,188.448196411132,198.0,444,190.701751708984,202.0,342,198.924026489257,206.0,566,190.914474487304,201.0,608,193.875793457031,204.0,942,184.462997436523,196.0,892,183.231781005859,198.0,1290,175.201187133789,194.0,1178,47.1999999999999,0.25
18243704_R3501007_SWAN,18243704_R3501007_SWAN_0000.nii.gz,18243704_R3501007_SWAN.nii.gz,1,63,0.468801409006118,0.468799531459808,0.999993860721588,63.3333320617675,62,20.9580078125,31.0,50.5,74.5,102.0,27,116,169.0,39.7544326782226,107.0,2.69152375701274,114.708335876464,115.5,48,145.95652770996,156.0,92,154.260681152343,169.5,234,154.666671752929,169.5,246,156.349426269531,174.0,352,150.919723510742,162.0,436,152.290420532226,161.5,668,148.474136352539,150.0,696,147.975692749023,152.0,946,140.274658203125,140.0,943,35.0999999999999,0.25
18243704_R3501007_SWAN,18243704_R3501007_SWAN_0000.nii.gz,18243704_R3501007_SWAN.nii.gz,2,45,0.468801409006118,0.468799531459808,0.999993860721588,37.4222221374511,40,16.4336910247802,12.2,20.0,51.0,62.8,10,69,109.0,12.248571395874,69.0,5.63331002203595,76.5454559326171,76.0,44,100.705131530761,100.5,78,108.738533020019,109.0,218,109.291664123535,109.0,216,109.204681396484,109.0,342,113.490562438964,109.0,424,117.047317504882,109.0,634,125.407852172851,109.0,662,127.546257019042,110.0,908,135.01528930664,112.0,916,21.4999999999999,0.25
18243704_R3501007_SWAN,18243704_R3501007_SWAN_0000.nii.gz,18243704_R3501007_SWAN.nii.gz,3,77,0.468801409006118,0.468799531459808,0.999993860721588,103.779220581054,97,23.5458240509033,74.8,83.0,127.0,142.4,73,150,224.0,34.0725059509277,127.0,3.72734544922845,175.671432495117,172.0,70,209.83332824707,214.0,102,217.447372436523,226.0,266,215.920455932617,226.0,264,211.606384277343,225.0,376,204.42658996582,220.0,504,202.777618408203,221.0,688,194.506652832031,216.0,752,193.54638671875,215.0,970,187.134307861328,202.0,1020,34.8,0.25
18243704_R3501007_SWAN,18243704_R3501007_SWAN_0000.nii.gz,18243704_R3501007_SWAN.nii.gz,4,201,0.468801409006118,0.468799531459808,0.999993860721588,42.9800987243652,35,34.4071235656738,3.0,12.0,71.0,105.0,0,115,218.5,35.7942008972168,183.5,5.12652875047891,134.850006103515,135.0,100,176.106735229492,176.0,178,199.182296752929,208.5,384,204.069061279296,221.0,362,206.550750732421,221.5,532,203.679611206054,222.0,618,203.44041442871,219.0,856,203.365509033203,219.0,922,203.31689453125,218.0,1196,204.723495483398,218.0,1226,58.0999999999999,0.25
18243704_R3501007_SWAN,18243704_R3501007_SWAN_0000.nii.gz,18243704_R3501007_SWAN.nii.gz,5,131,0.468801409006118,0.468799531459808,0.999993860721588,39.6870231628418,37,12.685920715332,24.0,29.0,46.5,66.0,23,78,132.0,60.900764465332,95.0,1.5599147372621,65.6111145019531,66.0,72,101.373420715332,93.5,158,112.653465270996,104.0,303,139.668746948242,130.0,320,148.218673706054,148.0,439,147.223587036132,136.5,568,151.465713500976,146.0,773,146.881790161132,135.5,846,151.749542236328,150.5,1098,145.13523864746,141.5,1124,40.4999999999999,0.75
18268471_R3489524_SWAN,18268471_R3489524_SWAN_0000.nii.gz,18268471_R3489524_SWAN.nii.gz,1,139,0.468799918889999,0.468800127506256,1.00000381469726,34.9568328857421,32,26.4286384582519,1.9,9.0,55.5,79.1999999999999,0,85,161.0,15.8698749542236,129.0,8.12860847184355,110.170455932617,112.5,88,143.351852416992,147.5,108,155.693115234375,159.0,378,159.554138183593,163.0,314,156.924240112304,161.0,462,157.532989501953,160.5,576,157.446044921875,160.0,834,158.50959777832,160.0,834,159.804763793945,161.0,1132,159.250457763671,161.0,1110,32.6,0.25
18268471_R3489524_SWAN,18268471_R3489524_SWAN_0000.nii.gz,18268471_R3489524_SWAN.nii.gz,2,171,0.468799918889999,0.468800127506256,1.00000381469726,38.3567237854003,35,24.4309787750244,8.0,17.0,54.0,86.5,8,97,178.0,15.1194639205932,143.0,9.45800729119957,118.895347595214,119.5,86,157.142852783203,163.0,98,168.321075439453,172.0,408,177.170211791992,179.0,282,175.855636596679,177.0,568,180.380783081054,180.5,562,177.627410888671,179.0,934,181.706985473632,182.0,802,178.103469848632,180.0,1266,183.119354248046,183.0,1064,37.4999999999999,0.25
18268471_R3489524_SWAN,18268471_R3489524_SWAN_0000.nii.gz,18268471_R3489524_SWAN.nii.gz,3,71,0.468799918889999,0.468800127506256,1.00000381469726,74.0704193115234,72,14.7632236480712,53.0,63.0,87.5,97.5,49,104,147.0,15.0417385101318,75.0,4.98612576927071,114.769233703613,116.0,52,133.921875,138.0,64,140.147476196289,143.0,278,144.847625732421,147.0,210,146.15672302246,147.0,402,149.118927001953,151.0,412,150.096038818359,150.0,708,150.760482788085,151.0,668,149.074005126953,150.0,1000,147.750534057617,150.0,930,19.5999999999999,0.25
18268471_R3489524_SWAN,18268471_R3489524_SWAN_0000.nii.gz,18268471_R3489524_SWAN.nii.gz,4,119,0.468799918889999,0.468800127506256,1.00000381469726,47.2436981201171,47,23.8098106384277,10.0,30.0,69.0,83.1,9,89,168.0,14.2423009872436,121.0,8.49581820440219,115.638885498046,115.0,72,150.535720825195,151.0,84,162.779571533203,164.0,372,167.0390625,168.0,256,164.419235229492,169.0,520,165.92073059082,170.0,492,164.403076171875,170.0,846,164.34292602539,170.0,764,165.322769165039,171.0,1168,164.81965637207,172.0,1048,34.3999999999999,0.25
18268471_R3489524_SWAN,18268471_R3489524_SWAN_0000.nii.gz,18268471_R3489524_SWAN.nii.gz,5,59,0.468799918889999,0.468800127506256,1.00000381469726,93.7796630859375,93,13.2294845581054,74.0,83.5,102.5,116.199999999999,73,119,167.0,9.17510890960693,74.0,8.06529935819259,134.460006713867,131.0,50,156.225799560546,157.0,62,163.28628540039,166.0,248,163.202026367187,165.0,198,166.326202392578,168.0,374,165.620773315429,167.0,414,167.24478149414,169.0,670,166.318603515625,169.0,656,166.683929443359,168.0,946,163.807266235351,167.0,908,22.1999999999999,0.25
18351829_R3506392_SWAN,18351829_R3506392_SWAN_0000.nii.gz,18351829_R3506392_SWAN.nii.gz,1,77,0.468801856040954,0.468798339366912,1.00004458427429,89.2597427368164,87,23.4390048980712,54.0,71.0,104.0,137.2,51,142,208.0,15.9604806900024,121.0,7.58122529954838,154.25926208496,150.0,54,190.136367797851,187.0,66,203.96939086914,203.0,294,212.163635253906,212.0,220,209.67381286621,209.0,420,207.762786865234,207.0,430,207.176788330078,207.0,724,206.018951416015,206.0,686,205.214569091796,205.0,1030,198.071731567382,199.0,948,40.4,0.25
18351829_R3506392_SWAN,18351829_R3506392_SWAN_0000.nii.gz,18351829_R3506392_SWAN.nii.gz,2,123,0.468801856040954,0.468798339366912,1.00004458427429,62.1951217651367,57,26.2132148742675,28.0,39.5,82.0,111.0,26,119,208.0,25.7502346038818,151.0,5.86402424377278,137.544113159179,142.0,68,174.449996948242,182.0,80,183.617980957031,194.0,356,204.371994018554,207.5,250,206.447158813476,210.0,492,214.594833374023,220.0,464,218.349395751953,223.0,830,218.229949951171,227.0,748,220.938507080078,229.0,1122,218.355178833007,228.0,1022,41.7,0.25
18351829_R3506392_SWAN,18351829_R3506392_SWAN_0000.nii.gz,18351829_R3506392_SWAN.nii.gz,3,141,0.468801856040954,0.468798339366912,1.00004458427429,97.3758850097656,95,22.2406368255615,64.0,78.0,117.0,131.0,60,148,218.0,19.9020557403564,123.0,6.18026607927674,156.714279174804,156.0,70,188.024383544921,187.0,82,201.395156860351,204.0,372,215.314956665039,221.0,254,216.101959228515,219.0,510,217.399169921875,223.0,486,218.202804565429,222.0,858,221.198928833007,225.0,744,221.227966308593,226.0,1180,222.548416137695,227.0,1012,42.4,0.75
18351829_R3506392_SWAN,18351829_R3506392_SWAN_0000.nii.gz,18351829_R3506392_SWAN.nii.gz,4,93,0.468801856040954,0.468798339366912,1.00004458427429,108.387100219726,106,21.6139316558837,77.0,90.0,127.0,141.399999999999,74,152,217.0,23.8550968170166,111.0,4.65309367014684,162.065795898437,159.0,76,187.354171752929,187.0,96,201.484573364257,203.5,324,208.143356323242,214.5,286,217.464782714843,222.0,426,219.265274047851,223.0,524,221.153945922851,225.0,760,218.25634765625,221.0,788,218.828979492187,220.5,1070,217.021774291992,219.0,1056,36.6,0.75
18351829_R3506392_SWAN,18351829_R3506392_SWAN_0000.nii.gz,18351829_R3506392_SWAN.nii.gz,5,217,0.468801856040954,0.468798339366912,1.00004458427429,84.0599060058593,74,24.1523780822753,61.0,63.0,104.0,128.2,59,134,210.0,17.4350872039794,136.0,7.80036247647551,164.444442749023,161.5,108,196.25,197.5,128,207.252197265625,208.0,456,209.917617797851,210.0,352,209.169616699218,209.0,566,209.88523864746,212.0,610,204.981033325195,210.5,896,199.903396606445,213.0,911,195.819152832031,212.0,1222,192.299667358398,211.0,1178,31.1999999999999,0.25
18351829_R3508835_SWAN,18351829_R3508835_SWAN_0000.nii.gz,18351829_R3508835_SWAN.nii.gz,1,203,0.46880030632019,0.468800216913223,1.00000882148742,95.2709350585937,90,22.3686199188232,67.1,77.0,111.0,137.0,64,154,205.0,37.9898147583007,115.0,3.02712715846745,146.399993896484,148.5,90,169.509811401367,167.5,102,180.764190673828,183.0,458,192.475357055664,204.0,284,196.863189697265,208.0,614,200.655471801757,214.0,566,201.685714721679,213.0,980,203.110977172851,217.0,838,201.318664550781,215.0,1318,201.270202636718,217.0,1114,36.3999999999999,0.25
18351829_R3508835_SWAN,18351829_R3508835_SWAN_0000.nii.gz,18351829_R3508835_SWAN.nii.gz,2,115,0.46880030632019,0.468800216913223,1.00000882148742,88.1217422485351,79,25.2580261230468,66.0,68.0,97.0,143.0,65,150,227.0,11.8024806976318,148.0,12.53973666991,192.676467895507,198.5,68,224.0,223.0,80,227.572296142578,227.0,332,225.120834350585,226.0,240,228.493698120117,228.0,476,226.322174072265,228.0,478,228.314361572265,228.0,808,226.70652770996,227.0,736,228.256393432617,229.0,1096,226.640441894531,228.0,1004,17.2999999999999,0.25
18351829_R3508835_SWAN,18351829_R3508835_SWAN_0000.nii.gz,18351829_R3508835_SWAN.nii.gz,3,31,0.46880030632019,0.468800216913223,1.00000882148742,116.322578430175,126,21.5172672271728,81.0,92.0,132.0,140.5,75,148,213.0,44.6069641113281,87.0,1.95036810357389,171.09375,172.5,32,195.25,196.0,44,207.683166503906,213.0,202,198.17935180664,212.0,184,197.865249633789,213.0,282,191.037628173828,213.0,372,190.808074951171,207.0,594,187.868331909179,205.0,600,185.724517822265,198.0,824,182.419464111328,199.0,832,27.0999999999999,0.25
18351829_R3508835_SWAN,18351829_R3508835_SWAN_0000.nii.gz,18351829_R3508835_SWAN.nii.gz,4,331,0.46880030632019,0.468800216913223,1.00000882148742,49.8731117248535,44,28.2213249206542,18.0,24.0,71.0,104.0,17,113,201.0,43.7879829406738,157.0,3.58545859974211,122.599998474121,125.0,140,155.168746948242,166.0,160,181.130279541015,195.0,568,180.11880493164,201.0,404,185.87205505371,203.0,680,176.544540405273,202.0,696,177.427780151367,202.0,1080,175.081481933593,200.0,994,177.963577270507,202.0,1400,176.973678588867,201.0,1292,51.4,0.25
18351829_R3508835_SWAN,18351829_R3508835_SWAN_0000.nii.gz,18351829_R3508835_SWAN.nii.gz,5,131,0.46880030632019,0.468800216913223,1.00000882148742,110.725189208984,102,24.4917984008789,84.0,88.0,132.0,151.5,83,166,240.0,18.0730152130126,138.0,7.63569323510772,191.244186401367,188.0,86,226.122634887695,231.0,106,236.42935180664,241.0,368,237.602645874023,242.0,302,234.427963256835,239.0,472,232.6630859375,238.0,558,228.963058471679,234.0,812,227.24819946289,234.0,834,223.40884399414,232.0,1108,219.81607055664,232.0,1120,34.3999999999999,0.25
20308313_R3506626_SWAN,20308313_R3506626_SWAN_0000.nii.gz,20308313_R3506626_SWAN.nii.gz,1,199,0.468801498413085,0.468800872564315,1.00002193450927,86.4824142456054,80,23.5742931365966,62.0,65.0,107.0,130.299999999999,60,138,206.0,29.5741138458251,126.0,4.26048268620521,158.726409912109,157.0,106,190.571426391601,193.5,126,205.334121704101,210.0,422,198.678573608398,206.0,336,197.83023071289,207.0,536,188.13035583496,198.5,606,185.730850219726,197.0,888,181.002288818359,190.0,872,177.856216430664,181.0,1224,174.473236083984,171.0,1158,32.6999999999999,0.25
20308313_R3506626_SWAN,20308313_R3506626_SWAN_0000.nii.gz,20308313_R3506626_SWAN.nii.gz,2,193,0.468801498413085,0.468800872564315,1.00002193450927,105.310882568359,97,24.2009449005126,76.0,87.0,123.0,152.399999999999,74,161,231.0,53.4200439453125,134.0,2.50842174778402,154.880004882812,165.0,100,179.33332824707,193.0,120,190.642196655273,215.0,436,206.537353515625,233.0,348,200.15298461914,237.0,536,210.563980102539,239.0,594,206.941864013671,240.0,860,209.845809936523,242.0,908,208.288909912109,245.0,1208,210.995788574218,244.0,1188,45.1999999999999,0.25
20308313_R3506626_SWAN,20308313_R3506626_SWAN_0000.nii.gz,20308313_R3506626_SWAN.nii.gz,3,137,0.468801498413085,0.468800872564315,1.00002193450927,104.204376220703,100,22.8096351623535,72.8,85.0,126.0,141.0,69,150,218.0,15.7184963226318,118.0,7.50707940365141,163.547622680664,162.0,84,190.701919555664,193.0,104,210.701416015625,213.0,422,217.601852416992,220.0,324,216.207229614257,220.0,526,216.279113769531,218.0,584,215.462844848632,218.0,888,216.412902832031,217.0,884,214.694915771484,217.0,1180,215.060073852539,216.0,1182,38.7999999999999,0.25
20308313_R3506626_SWAN,20308313_R3506626_SWAN_0000.nii.gz,20308313_R3506626_SWAN.nii.gz,4,53,0.468801498413085,0.468800872564315,1.00002193450927,48.7547187805175,45,20.3996906280517,27.0,29.0,61.0,89.1999999999999,27,94,172.0,31.2295913696289,127.0,4.06665583602572,137.107147216796,135.5,56,159.42105102539,164.0,76,163.370834350585,165.0,240,167.958679199218,172.0,242,164.002960205078,172.0,338,167.397003173828,176.0,466,164.226440429687,176.0,658,162.460342407226,175.0,706,157.90087890625,169.0,918,157.828475952148,164.5,962,22.0999999999999,0.25
20308313_R3506626_SWAN,20308313_R3506626_SWAN_0000.nii.gz,20308313_R3506626_SWAN.nii.gz,5,89,0.468801498413085,0.468800872564315,1.00002193450927,20.4494380950927,15,17.3897876739501,3.0,6.0,30.0,52.5999999999999,3,72,147.0,28.1310558319091,132.0,4.69232298953641,93.3571395874023,96.5,56,129.352935791015,135.0,68,137.440979003906,143.0,288,143.138397216796,147.0,224,147.666671752929,148.0,420,152.027404785156,149.0,438,156.842239379882,152.0,748,165.452941894531,157.0,680,162.915390014648,157.0,1040,170.736114501953,164.0,936,31.8999999999999,0.25
20524515_R3520216_SWAN,20524515_R3520216_SWAN_0000.nii.gz,20524515_R3520216_SWAN.nii.gz,1,169,0.468799829483032,0.468800067901611,0.999993503093719,24.9171600341796,19,15.2639179229736,11.0,14.0,32.0,55.5999999999999,11,89,113.0,41.4566116333007,94.0,2.26743084628973,98.1666641235351,99.5,102,112.267044067382,120.0,176,107.131149291992,119.0,366,104.59944152832,112.0,357,104.204368591308,106.0,504,110.645111083984,117.0,634,112.605484008789,119.0,839,120.577804565429,129.0,874,125.339134216308,136.0,1150,130.969909667968,139.0,1163,7.29999999999998,0.25
20524515_R3520216_SWAN,20524515_R3520216_SWAN_0000.nii.gz,20524515_R3520216_SWAN.nii.gz,2,131,0.468799829483032,0.468800067901611,0.999993503093719,17.8244266510009,14,12.2009143829345,2.0,7.0,27.5,40.0,1,46,100.0,39.3171806335449,86.0,2.18733893463932,54.3787879943847,53.5,66,75.288459777832,70.5,156,93.7226257324218,83.0,274,106.834358215332,91.0,326,121.764709472656,112.5,408,126.684394836425,125.0,564,134.5,144.0,762,135.985214233398,150.5,812,139.816574096679,159.0,1074,139.517654418945,156.0,1076,24.9999999999999,0.75
20524515_R3520216_SWAN,20524515_R3520216_SWAN_0000.nii.gz,20524515_R3520216_SWAN.nii.gz,3,111,0.468799829483032,0.468800067901611,0.999993503093719,58.4054069519043,58,19.8400726318359,29.0,42.5,75.0,91.0,22,96,151.0,27.9669170379638,93.0,3.32535759568194,108.375,107.0,80,130.967208862304,133.5,122,145.391891479492,148.0,296,148.647796630859,153.0,318,141.247482299804,150.0,396,144.237594604492,151.0,564,139.889038085937,147.0,766,142.843597412109,150.0,812,138.317489624023,148.5,1052,142.091583251953,152.0,1070,30.5,0.25
20524515_R3520216_SWAN,20524515_R3520216_SWAN_0000.nii.gz,20524515_R3520216_SWAN.nii.gz,4,81,0.468799829483032,0.468800067901611,0.999993503093719,35.5308647155761,35,20.814338684082,3.0,17.0,55.0,66.0,1,73,143.0,8.29033088684082,108.0,13.0272243019187,99.6666641235351,99.5,54,128.12727355957,129.0,110,141.35398864746,141.0,226,143.704544067382,143.0,264,144.98876953125,144.0,356,143.944213867187,143.0,484,144.048675537109,144.0,678,143.681564331054,144.0,716,144.584030151367,144.0,964,145.063278198242,145.0,964,28.4999999999999,0.25
20524515_R3520216_SWAN,20524515_R3520216_SWAN_0000.nii.gz,20524515_R3520216_SWAN.nii.gz,5,85,0.468799829483032,0.468800067901611,0.999993503093719,41.2470588684082,40,22.6927852630615,6.2,23.0,56.0,81.6,1,99,152.0,44.2552452087402,112.0,2.53077345909452,100.5357131958,100.0,56,128.61863708496,128.0,118,150.156494140625,156.0,262,148.413665771484,155.0,278,147.040603637695,154.0,394,134.791076660156,142.0,493,135.363891601562,145.0,709,132.966262817382,142.0,741,137.24755859375,154.0,1022,136.410873413085,156.0,993,38.5999999999999,0.25
20529737_R3509662_SWAN,20529737_R3509662_SWAN_0000.nii.gz,20529737_R3509662_SWAN.nii.gz,1,49,0.468800246715545,0.468800902366638,1.0000033378601,104.061225891113,110,22.2549324035644,67.4,81.0,120.0,133.2,63,140,211.0,20.0159149169921,101.0,5.04598467863478,154.068176269531,153.0,44,186.142852783203,184.5,56,207.145294189453,203.0,234,215.630004882812,213.0,200,216.268783569335,212.0,346,220.618927001953,217.0,412,218.388031005859,215.0,652,220.272720336914,219.5,638,214.650985717773,215.0,914,215.585968017578,220.0,884,39.7,0.75
20529737_R3509662_SWAN,20529737_R3509662_SWAN_0000.nii.gz,20529737_R3509662_SWAN.nii.gz,2,17,0.468800246715545,0.468800902366638,1.0000033378601,114.176467895507,113,17.2805061340332,90.2,102.0,130.0,136.799999999999,79,144,197.0,41.7710609436035,84.0,2.01096161080062,149.0,149.5,14,161.888885498046,157.5,18,166.024093627929,172.0,166,178.983337402343,193.5,120,181.830978393554,198.5,284,194.57664489746,210.0,274,195.243545532226,212.0,542,204.197158813476,216.0,492,204.398010253906,215.0,804,208.983337402343,218.0,720,29.3,0.75
20529737_R3509662_SWAN,20529737_R3509662_SWAN_0000.nii.gz,20529737_R3509662_SWAN.nii.gz,3,203,0.468800246715545,0.468800902366638,1.0000033378601,78.6748733520507,72,21.8529052734375,54.0,59.0,94.0,119.799999999999,53,132,194.0,25.0290699005126,122.0,4.87433214597802,135.546295166015,139.0,108,163.8125,170.5,128,183.119369506835,190.0,444,190.176300048828,195.0,346,189.179855346679,194.5,556,189.087860107421,195.0,626,190.177169799804,195.0,920,191.026260375976,195.0,914,190.363861083984,195.0,1234,185.240036010742,193.0,1204,37.5,0.25
20529737_R3509662_SWAN,20529737_R3509662_SWAN_0000.nii.gz,20529737_R3509662_SWAN.nii.gz,4,89,0.468800246715545,0.468800902366638,1.0000033378601,48.2808990478515,48,25.3709506988525,11.4,27.0,68.0,92.6,5,103,162.0,28.7949771881103,114.0,3.95902379971571,113.01724243164,107.0,58,142.699996948242,139.0,70,152.818496704101,152.5,292,161.62727355957,163.0,220,164.63720703125,164.0,430,164.78125,163.0,448,158.617645263671,156.0,748,156.023391723632,153.0,684,151.52375793457,151.0,1052,153.008499145507,152.0,942,36.3,0.25
20529737_R3509662_SWAN,20529737_R3509662_SWAN_0000.nii.gz,20529737_R3509662_SWAN.nii.gz,5,303,0.468800246715545,0.468800902366638,1.0000033378601,109.818481445312,108,22.1046886444091,77.1,91.5,128.0,146.0,73,158,213.0,41.000732421875,105.0,2.56092986143778,162.880599975585,165.0,134,187.870132446289,191.0,154,191.677001953125,202.0,548,211.197967529296,216.0,394,192.154190063476,213.0,668,203.396499633789,217.0,686,188.19480895996,215.0,1078,191.285430908203,210.0,988,184.02944946289,208.0,1426,187.400314331054,207.0,1284,32.8,0.25
21559219_R3509938_SWAN,21559219_R3509938_SWAN_0000.nii.gz,21559219_R3509938_SWAN.nii.gz,1,181,0.468800336122512,0.468799412250518,1.00004351139068,77.469612121582,73,25.2189407348632,43.0,56.0,97.0,121.0,39,135,194.0,48.6923179626464,121.0,2.48499157696339,136.423919677734,141.5,92,159.044647216796,167.0,112,171.018600463867,185.0,430,176.59375,200.0,320,172.161819458007,196.0,550,170.457763671875,199.0,592,172.922119140625,195.0,886,169.376113891601,192.5,896,172.843795776367,200.0,1178,169.437606811523,197.0,1202,38.7,0.25
21559219_R3509938_SWAN,21559219_R3509938_SWAN_0000.nii.gz,21559219_R3509938_SWAN.nii.gz,2,21,0.468800336122512,0.468799412250518,1.00004351139068,110.523811340332,109,22.6329250335693,77.0,95.0,128.0,141.0,67,142,212.0,17.0569267272949,103.0,6.03860247785298,174.133331298828,176.5,30,204.714279174804,205.5,42,212.104400634765,212.0,182,209.48794555664,209.0,166,211.968307495117,213.0,284,207.877838134765,213.0,352,211.503616333007,216.0,554,209.28938293457,213.0,584,209.758666992187,211.0,808,204.099029541015,206.0,828,20.7999999999999,0.25
21559219_R3509938_SWAN,21559219_R3509938_SWAN_0000.nii.gz,21559219_R3509938_SWAN.nii.gz,3,71,0.468800336122512,0.468799412250518,1.00004351139068,78.8169021606445,84,24.4530639648437,38.5,61.0,98.0,114.0,33,126,217.0,17.1479358673095,133.0,7.75603553857162,139.142852783203,138.0,56,178.926467895507,179.0,68,206.109481811523,207.0,274,219.5,220.0,218,217.736175537109,219.0,398,217.32080078125,219.0,452,217.138275146484,217.0,716,215.578720092773,216.0,686,214.078308105468,215.0,996,212.414352416992,212.0,934,54.8,0.75
21559219_R3509938_SWAN,21559219_R3509938_SWAN_0000.nii.gz,21559219_R3509938_SWAN.nii.gz,4,107,0.468800336122512,0.468799412250518,1.00004351139068,46.7009353637695,44,23.3939094543457,10.3,28.5,64.0,87.7999999999999,7,97,181.0,31.1864738464355,137.0,4.3929301104895,110.177421569824,111.5,62,146.905410766601,153.5,74,164.231475830078,173.0,324,178.955642700195,186.0,248,173.890625,181.0,448,172.814346313476,182.0,474,161.518798828125,173.0,798,157.180679321289,170.0,714,147.494979858398,159.0,1095,149.937881469726,158.0,966,48.5999999999999,0.75
21559219_R3509938_SWAN,21559219_R3509938_SWAN_0000.nii.gz,21559219_R3509938_SWAN.nii.gz,5,155,0.468800336122512,0.468799412250518,1.00004351139068,49.2903213500976,44,33.270149230957,6.0,17.5,78.0,103.0,0,119,167.0,42.2760543823242,123.0,2.90944842883508,136.072921752929,134.5,96,171.465515136718,173.0,116,187.454971313476,185.0,422,187.132522583007,174.5,332,183.65200805664,163.5,546,175.534423828125,162.0,610,179.358856201171,163.0,914,176.066818237304,162.0,898,179.125610351562,164.0,1218,173.88003540039,161.5,1192,26.3999999999999,0.25
22087980_R3502423_SWAN,22087980_R3502423_SWAN_0000.nii.gz,22087980_R3502423_SWAN.nii.gz,1,97,0.429699897766113,0.429700165987014,0.999968826770782,31.9072170257568,31,19.0534152984619,2.8,14.0,48.0,62.1999999999999,0,72,139.0,17.1776638031005,108.0,6.28723447134329,90.3499984741211,88.5,60,124.150001525878,124.0,160,137.216979980468,138.0,212,140.468566894531,140.0,350,141.145645141601,139.0,460,142.578567504882,140.0,560,140.521224975585,139.0,754,136.962966918945,136.0,918,132.627227783203,135.0,1124,130.352157592773,133.0,1204,33.7,0.25
22087980_R3502423_SWAN,22087980_R3502423_SWAN_0000.nii.gz,22087980_R3502423_SWAN.nii.gz,2,93,0.429699897766113,0.429700165987014,0.999968826770782,36.95698928833,35,15.6452016830444,14.0,28.0,45.0,63.3999999999999,10,80,110.0,27.911973953247,75.0,2.68701884451547,69.1896514892578,69.5,58,94.8719482421875,99.0,164,107.444953918457,109.0,218,110.710060119628,112.0,338,110.560348510742,110.0,464,108.8125,108.0,576,106.518226623535,106.0,768,107.99779510498,106.0,908,111.482521057128,109.0,1144,114.120689392089,113.0,1218,27.4999999999999,0.75
22087980_R3502423_SWAN,22087980_R3502423_SWAN_0000.nii.gz,22087980_R3502423_SWAN.nii.gz,3,101,0.429699897766113,0.429700165987014,0.999968826770782,30.5049495697021,29,15.5446491241455,6.0,19.0,43.0,54.0,4,67,132.0,26.11155128479,103.0,3.94461435387783,77.1500015258789,79.5,60,108.792686462402,112.5,164,120.895454406738,125.0,220,125.556182861328,132.0,356,129.305084228515,136.0,472,128.546234130859,134.0,584,131.338241577148,134.0,748,129.544372558593,132.0,924,133.122360229492,138.5,1136,133.16047668457,136.0,1240,34.0,0.75
22087980_R3502423_SWAN,22087980_R3502423_SWAN_0000.nii.gz,22087980_R3502423_SWAN.nii.gz,4,57,0.429699897766113,0.429700165987014,0.999968826770782,105.298248291015,105,17.605785369873,81.8,89.0,120.0,133.999999999999,81,145,196.0,27.5143890380859,91.0,3.30736037329544,149.729171752929,151.5,48,173.949157714843,179.0,118,185.634414672851,187.0,186,189.205474853515,192.5,292,193.022064208984,196.0,408,195.21824645996,200.0,504,195.793502807617,202.0,678,193.219802856445,202.0,828,194.87596130371,203.0,1040,198.0400390625,204.0,1124,26.1999999999999,0.25
22087980_R3502423_SWAN,22087980_R3502423_SWAN_0000.nii.gz,22087980_R3502423_SWAN.nii.gz,5,329,0.429699897766113,0.429700165987014,0.999968826770782,97.9574432373046,98,26.4043502807617,60.0,72.0,121.0,139.0,55,152,223.0,16.104263305664,125.0,7.7619197865472,162.95588684082,162.0,136,197.551940917968,197.0,308,215.25389099121,215.0,386,223.555358886718,224.0,578,224.468933105468,226.0,676,222.004623413085,224.0,864,220.741348266601,223.0,1040,217.154022216796,221.0,1266,217.455352783203,221.0,1456,216.853698730468,221.0,1620,40.8,0.25
22285684_R3505757_SWAN,22285684_R3505757_SWAN_0000.nii.gz,22285684_R3505757_SWAN.nii.gz,1,9,0.468799918889999,0.468800067901611,1.4000277519226,37.1111106872558,33,12.9395551681518,17.8,32.0,48.0,51.4,9,53,123.0,19.7504863739013,90.0,4.55684980593326,85.5,86.0,12,115.375,115.5,16,111.027023315429,117.0,74,123.205360412597,124.5,112,122.327583312988,124.5,116,119.529914855957,121.5,234,115.697914123535,119.0,288,116.743423461914,120.0,304,119.60391998291,121.0,510,119.718284606933,123.0,536,23.4,0.25
22285684_R3505757_SWAN,22285684_R3505757_SWAN_0000.nii.gz,22285684_R3505757_SWAN.nii.gz,2,23,0.468799918889999,0.468800067901611,1.4000277519226,110.391304016113,112,15.3218774795532,90.1,97.5,121.0,135.7,83,138,197.0,26.2238998413085,85.0,3.24131805392673,152.611114501953,150.5,18,177.454544067382,177.5,22,180.532791137695,181.5,122,192.871627807617,198.0,148,192.173919677734,201.0,138,193.08332824707,199.0,312,194.166671752929,202.5,336,195.085220336914,203.0,352,194.437103271484,201.0,620,193.700653076171,204.0,608,29.2999999999999,0.75
22285684_R3505757_SWAN,22285684_R3505757_SWAN_0000.nii.gz,22285684_R3505757_SWAN.nii.gz,3,95,0.468799918889999,0.468800067901611,1.4000277519226,29.5578956604003,29,14.5158472061157,8.0,18.0,38.5,54.3,7,63,112.0,11.1753339767456,83.0,7.42707109896778,72.283332824707,70.5,60,96.5694427490234,95.0,72,107.517547607421,109.0,228,111.446563720703,113.0,262,111.36799621582,113.0,250,111.426162719726,113.0,474,110.5991897583,111.0,494,109.62213897705,110.0,524,108.932304382324,110.0,842,108.433891296386,109.0,832,28.2999999999999,0.25
22285684_R3505757_SWAN,22285684_R3505757_SWAN_0000.nii.gz,22285684_R3505757_SWAN.nii.gz,4,39,0.468799918889999,0.468800067901611,1.4000277519226,84.7948684692382,85,17.7521095275878,61.0,66.0,98.5,113.3,59,119,184.0,12.4235858917236,99.0,7.9687137725632,141.95832824707,141.5,24,170.75,170.0,28,170.816085815429,176.0,174,184.752807617187,185.0,178,184.556243896484,185.0,160,186.345962524414,188.0,396,186.468917846679,188.0,386,185.712814331054,188.0,390,186.908966064453,188.0,736,185.508956909179,187.0,670,27.3,0.25
22285684_R3505757_SWAN,22285684_R3505757_SWAN_0000.nii.gz,22285684_R3505757_SWAN.nii.gz,5,15,0.468799918889999,0.468800067901611,1.4000277519226,52.066665649414,50,21.6716899871826,24.8,33.5,71.0,83.1999999999999,15,86,150.0,10.7609167098999,100.0,9.29288857965059,107.428573608398,104.5,14,135.888885498046,135.0,18,141.530609130859,141.0,98,150.492538452148,150.0,134,153.70149230957,152.0,134,150.60139465332,151.5,286,153.602478027343,155.0,322,154.306747436523,155.0,326,148.39501953125,151.0,562,150.814376831054,151.0,598,28.4999999999999,0.25
227683_R3509625_SWAN,227683_R3509625_SWAN_0000.nii.gz,227683_R3509625_SWAN.nii.gz,1,145,0.468801140785217,0.468800336122512,0.99999988079071,91.7034454345703,86,20.7221775054931,67.0,75.0,105.0,127.799999999999,66,149,200.0,42.7022094726562,114.0,2.66965108849925,153.875,158.0,80,176.62353515625,180.5,170,180.689102172851,176.5,312,183.964904785156,193.0,342,191.521743774414,201.0,460,199.333877563476,212.0,614,204.602722167968,220.0,808,209.811492919921,226.0,870,214.70115661621,228.0,1131,218.095779418945,229.0,1138,20.1999999999999,0.25
227683_R3509625_SWAN,227683_R3509625_SWAN_0000.nii.gz,227683_R3509625_SWAN.nii.gz,2,169,0.468801140785217,0.468800336122512,0.99999988079071,111.627220153808,112,23.5700531005859,79.0,91.0,131.0,146.799999999999,74,158,221.0,25.5962677001953,109.0,4.25843334960777,169.735290527343,169.5,102,201.902297973632,202.0,174,216.128265380859,219.0,382,216.813186645507,222.0,364,216.391784667968,222.0,536,213.247573852539,222.0,618,211.755050659179,221.0,890,206.772430419921,218.0,936,205.653778076171,217.0,1216,203.66015625,215.0,1230,34.9,0.25
227683_R3509625_SWAN,227683_R3509625_SWAN_0000.nii.gz,227683_R3509625_SWAN.nii.gz,3,85,0.468801140785217,0.468800336122512,0.99999988079071,89.2470550537109,89,21.2148151397705,49.8,72.0,106.0,119.8,40,128,191.0,38.5669517517089,102.0,2.64475140935866,139.370376586914,136.0,54,160.982452392578,161.0,114,173.658126831054,184.0,234,178.281021118164,193.0,274,177.99722290039,194.0,360,176.860656738281,194.0,488,173.555236816406,192.0,688,170.864273071289,190.0,722,171.487808227539,190.0,984,170.739715576171,190.0,972,38.8,0.75
227683_R3509625_SWAN,227683_R3509625_SWAN_0000.nii.gz,227683_R3509625_SWAN.nii.gz,4,167,0.468801140785217,0.468800336122512,0.99999988079071,94.0538940429687,89,28.8621044158935,61.3,68.0,116.5,144.0,60,157,227.0,35.9268798828125,138.0,3.84113511805458,177.83332824707,174.0,96,209.019729614257,217.0,152,217.82485961914,228.0,354,215.33332824707,228.0,336,211.709548950195,225.5,482,212.935592651367,225.0,590,212.592193603515,227.0,846,213.012557983398,224.0,876,211.476989746093,223.0,1130,210.811431884765,222.0,1172,34.5999999999999,0.25
227683_R3509625_SWAN,227683_R3509625_SWAN_0000.nii.gz,227683_R3509625_SWAN.nii.gz,5,169,0.468801140785217,0.468800336122512,0.99999988079071,36.4437866210937,26,26.8411617279052,9.0,13.0,52.0,89.0,9,100,171.5,40.9022712707519,145.5,3.55725966993043,127.0625,129.0,80,163.590423583984,167.0,188,164.67088317871,172.0,316,160.088241577148,170.0,374,158.420593261718,168.0,466,159.746002197265,174.0,626,162.453994750976,176.0,826,169.634613037109,182.0,884,175.582611083984,187.0,1162,183.405715942382,194.0,1156,25.5999999999999,0.25
22946171_R3505521_SWAN,22946171_R3505521_SWAN_0000.nii.gz,22946171_R3505521_SWAN.nii.gz,1,15,0.468799591064453,0.468798488378524,1.00003623962402,63.6666679382324,57,22.8229904174804,37.9,44.0,80.5,99.1999999999999,33,109,181.0,30.4843711853027,124.0,4.06765812049236,125.571426391601,117.5,14,153.444442749023,159.5,18,165.783950805664,173.0,162,175.847457885742,186.0,118,182.928573608398,185.0,280,173.871322631835,178.5,272,176.261367797851,180.0,528,175.653839111328,180.0,494,170.402038574218,173.0,786,172.232788085937,177.0,726,43.7999999999999,0.75
22946171_R3505521_SWAN,22946171_R3505521_SWAN_0000.nii.gz,22946171_R3505521_SWAN.nii.gz,2,203,0.468799591064453,0.468798488378524,1.00003623962402,54.3399009704589,44,30.1968536376953,19.0,28.0,74.5,110.799999999999,17,125,212.0,22.0370712280273,168.0,7.62351758369474,145.238632202148,144.5,88,186.550003051757,188.0,100,195.834075927734,201.0,446,210.139282226562,213.0,280,213.281967163085,216.0,610,211.268249511718,212.0,548,213.48664855957,214.0,974,211.83332824707,213.0,816,214.710693359375,215.0,1310,212.540145874023,212.0,1096,43.6999999999999,0.25
22946171_R3505521_SWAN,22946171_R3505521_SWAN_0000.nii.gz,22946171_R3505521_SWAN.nii.gz,3,133,0.468799591064453,0.468798488378524,1.00003623962402,87.8421020507812,82,21.4909801483154,66.0,70.0,100.0,131.399999999999,65,140,212.0,25.8146591186523,130.0,5.03589837861034,164.45832824707,163.5,72,193.714279174804,196.0,84,203.597824096679,209.0,368,203.384002685546,211.0,250,208.009841918945,214.0,508,203.102005004882,213.0,500,205.298583984375,212.0,844,202.234130859375,212.0,756,206.080780029296,214.0,1176,207.574508666992,215.0,1020,31.0999999999999,0.25
22946171_R3505521_SWAN,22946171_R3505521_SWAN_0000.nii.gz,22946171_R3505521_SWAN.nii.gz,4,91,0.468799591064453,0.468798488378524,1.00003623962402,97.1208801269531,89,24.3129024505615,67.0,75.0,121.5,136.0,66,146,222.0,37.3216133117675,133.0,3.56361872379361,168.83332824707,166.5,72,202.576080322265,208.0,92,216.874206542968,220.0,318,217.269790649414,225.0,278,211.445816040039,222.0,406,204.538604736328,221.0,518,200.860656738281,219.0,732,201.106323242187,217.0,790,201.345809936523,216.0,1015,203.069122314453,217.0,1056,37.5,0.25
22946171_R3505521_SWAN,22946171_R3505521_SWAN_0000.nii.gz,22946171_R3505521_SWAN.nii.gz,5,247,0.468799591064453,0.468798488378524,1.00003623962402,87.1295547485351,75,25.1891498565673,64.0,66.0,108.0,135.7,64,149,235.0,34.7071456909179,160.0,4.61000168163837,178.066665649414,174.5,120,215.292861938476,217.0,140,231.282516479492,233.0,492,229.230773925781,236.0,364,228.737686157226,235.0,629,222.250411987304,235.0,611,219.769058227539,230.0,918,220.917770385742,232.0,827,219.479858398437,231.0,1142,220.949798583984,233.0,1016,40.0999999999999,0.25
24324431_R3513231_SWAN,24324431_R3513231_SWAN_0000.nii.gz,24324431_R3513231_SWAN.nii.gz,1,213,0.468800097703933,0.468799799680709,1.0000809431076,30.2206573486328,25,19.7843570709228,8.0,14.0,42.0,70.3999999999999,0,85,106.0,48.1516304016113,81.0,1.68218603034653,77.2523345947265,79.0,107,100.630249023437,102.0,119,101.987014770507,101.0,385,104.931503295898,108.5,292,101.114646911621,101.0,471,102.157997131347,112.0,500,99.8113708496093,98.0,774,104.020957946777,108.0,668,100.091567993164,99.0,961,100.841209411621,103.0,825,17.5,0.25
24324431_R3513231_SWAN,24324431_R3513231_SWAN_0000.nii.gz,24324431_R3513231_SWAN.nii.gz,2,83,0.468800097703933,0.468799799680709,1.0000809431076,59.6265068054199,61,18.0332431793212,26.2,47.0,75.0,84.7999999999999,18,89,153.0,8.88396453857421,92.0,10.3557369686175,102.777778625488,103.5,54,127.257575988769,129.5,66,142.159576416015,143.0,282,152.899993896484,152.0,220,153.887252807617,153.0,408,155.687210083007,156.0,438,156.130142211914,156.0,730,155.624267578125,156.0,676,155.495132446289,156.0,1026,154.95376586914,155.0,930,31.7999999999999,0.75
24324431_R3513231_SWAN,24324431_R3513231_SWAN_0000.nii.gz,24324431_R3513231_SWAN.nii.gz,3,121,0.468800097703933,0.468799799680709,1.0000809431076,58.2809906005859,55,19.4257297515869,34.0,44.0,68.0,95.0,31,118,163.0,51.7823753356933,108.0,2.08565171643557,103.588233947753,108.0,68,127.162498474121,132.5,80,147.214279174804,153.0,350,151.912139892578,158.0,239,167.140243530273,178.5,492,145.454925537109,160.0,477,163.390213012695,179.0,797,155.101089477539,166.0,643,171.404144287109,186.0,1012,160.543991088867,169.0,807,34.1,0.75
24324431_R3513231_SWAN,24324431_R3513231_SWAN_0000.nii.gz,24324431_R3513231_SWAN.nii.gz,4,201,0.468800097703933,0.468799799680709,1.0000809431076,35.2039794921875,27,26.1751308441162,7.0,14.0,50.0,88.0,4,113,172.0,58.1367835998535,145.0,2.49411802685908,86.0588226318359,90.5,102,114.319671630859,129.0,122,130.744873046875,153.0,439,156.695007324218,178.0,341,137.525039672851,166.0,539,160.631225585937,182.0,602,152.301605224609,177.0,872,163.867202758789,184.0,881,154.706283569335,177.0,1195,160.350845336914,179.0,1180,57.3,0.75
24324431_R3513231_SWAN,24324431_R3513231_SWAN_0000.nii.gz,24324431_R3513231_SWAN.nii.gz,5,225,0.468800097703933,0.468799799680709,1.0000809431076,26.6533336639404,18,23.7352962493896,5.0,8.0,40.0,76.0,4,104,181.0,61.7198371887207,163.0,2.64096613705566,106.685714721679,108.0,140,152.868270874023,154.0,167,161.809112548828,166.0,461,182.267501831054,193.0,400,161.289474487304,173.5,570,182.059738159179,199.0,703,167.13833618164,184.0,947,176.543167114257,200.0,996,166.588928222656,179.0,1265,173.492263793945,192.0,1292,53.4,0.25
24662566_R3520436_SWAN,24662566_R3520436_SWAN_0000.nii.gz,24662566_R3520436_SWAN.nii.gz,1,227,0.468798846006393,0.468800574541091,0.999990224838256,70.3215866088867,68,21.3901786804199,43.0,51.0,87.0,108.0,40,116,198.0,32.4415626525878,130.0,4.00720524446222,118.293106079101,121.0,116,153.521499633789,158.5,186,174.591842651367,183.0,392,185.743774414062,198.0,402,192.845993041992,203.0,500,193.046264648437,204.0,670,197.09666442871,205.0,900,198.525314331054,208.0,948,200.521484375,208.0,1210,200.289566040039,208.0,1226,51.0999999999999,0.75
24662566_R3520436_SWAN,24662566_R3520436_SWAN_0000.nii.gz,24662566_R3520436_SWAN.nii.gz,2,173,0.468798846006393,0.468800574541091,0.999990224838256,49.6820793151855,47,24.7659015655517,19.0,26.0,69.0,92.2,18,111,191.0,32.3552093505859,144.0,4.45059707201036,128.701919555664,127.5,104,163.071426391601,170.0,168,178.674697875976,186.0,332,181.287292480468,191.0,362,178.456329345703,191.0,458,182.742858886718,194.0,630,178.251220703125,193.0,824,177.207962036132,190.0,880,171.80647277832,184.5,1142,172.074645996093,182.0,1152,41.2999999999999,0.25
24662566_R3520436_SWAN,24662566_R3520436_SWAN_0000.nii.gz,24662566_R3520436_SWAN.nii.gz,3,31,0.468798846006393,0.468800574541091,0.999990224838256,53.6129035949707,41,29.7231063842773,15.0,31.0,83.0,97.0,6,104,180.0,36.5737838745117,139.0,3.80053648473788,141.970581054687,134.0,34,174.046875,181.5,64,179.120880126953,189.0,182,176.23762512207,185.0,202,161.847229003906,171.0,288,158.671875,171.0,384,152.702423095703,162.0,578,153.297073364257,165.0,616,158.509460449218,175.0,846,161.593460083007,182.0,856,32.1,0.25
24662566_R3520436_SWAN,24662566_R3520436_SWAN_0000.nii.gz,24662566_R3520436_SWAN.nii.gz,4,89,0.468798846006393,0.468800574541091,0.999990224838256,60.5842704772949,55,19.2912673950195,40.0,45.0,69.0,106.0,39,116,150.0,66.2157821655273,95.0,1.43470328210451,109.2857131958,97.5,56,135.691665649414,124.0,120,147.699157714843,134.5,236,152.590576171875,146.0,276,150.361419677734,150.5,368,154.040817260742,162.5,490,158.02586364746,187.0,696,162.023223876953,190.5,732,162.493927001953,193.0,988,165.788467407226,197.5,988,31.2,0.75
24662566_R3520436_SWAN,24662566_R3520436_SWAN_0000.nii.gz,24662566_R3520436_SWAN.nii.gz,5,195,0.468798846006393,0.468800574541091,0.999990224838256,25.7538452148437,17,19.9761638641357,10.0,11.0,32.5,71.2999999999999,10,91,158.0,34.7163276672363,141.0,4.06148949138619,122.1607131958,119.0,112,147.639175415039,157.0,194,148.298034667968,159.0,406,144.752502441406,156.5,400,150.700729370117,162.0,548,148.524353027343,156.0,698,157.01626586914,165.0,922,156.059951782226,163.0,984,159.50471496582,166.0,1274,158.154083251953,165.0,1272,22.8999999999999,0.25
251470_R3498347_SWAN,251470_R3498347_SWAN_0000.nii.gz,251470_R3498347_SWAN.nii.gz,1,61,0.468800008296966,0.468800157308578,1.00001907348632,41.2786903381347,37,20.8760032653808,9.0,24.0,63.0,73.0,4,79,144.0,22.035717010498,107.0,4.85575304624869,102.620002746582,106.5,50,133.82258605957,134.0,62,136.104171752929,139.0,288,143.263641357421,145.5,220,135.769805908203,142.0,404,142.135940551757,147.0,434,137.592803955078,145.0,722,141.162353515625,146.0,696,138.522903442382,143.0,1004,140.733825683593,146.0,958,24.3999999999999,0.25
251470_R3498347_SWAN,251470_R3498347_SWAN_0000.nii.gz,251470_R3498347_SWAN.nii.gz,2,67,0.468800008296966,0.468800157308578,1.00001907348632,104.895523071289,105,22.5707073211669,66.3,87.0,122.0,139.399999999999,59,149,221.0,32.6992645263671,116.0,3.54748039994792,157.83332824707,159.0,54,195.257568359375,196.5,66,210.119400024414,215.0,268,222.803924560546,224.0,204,211.542083740234,222.0,404,216.806076049804,226.0,428,203.081893920898,221.0,696,196.472183227539,215.0,665,197.956115722656,216.0,957,196.767013549804,214.0,867,42.6999999999999,0.75
251470_R3498347_SWAN,251470_R3498347_SWAN_0000.nii.gz,251470_R3498347_SWAN.nii.gz,3,29,0.468800008296966,0.468800157308578,1.00001907348632,47.2413787841796,46,12.2436618804931,31.4,37.0,54.0,67.8,29,75,140.0,32.1421012878418,94.0,2.92451321580387,76.4333343505859,74.0,30,94.7619018554687,90.0,42,117.660552978515,113.0,218,130.79670715332,129.0,182,142.234375,150.0,320,145.168472290039,155.5,368,153.479232788085,164.0,578,156.919357299804,167.0,620,160.591018676757,169.0,846,162.168197631835,169.0,874,37.6,1.25
251470_R3498347_SWAN,251470_R3498347_SWAN_0000.nii.gz,251470_R3498347_SWAN.nii.gz,4,107,0.468800008296966,0.468800157308578,1.00001907348632,77.1401901245117,70,17.9466762542724,60.0,61.0,90.5,108.399999999999,60,133,216.0,43.4727363586425,146.0,3.35842673429906,147.692306518554,147.0,78,174.20408630371,177.0,98,192.061721801757,198.5,324,200.124145507812,208.5,290,208.622634887695,220.0,424,209.575927734375,221.5,540,216.22395324707,229.0,768,219.909896850585,235.0,788,224.100753784179,238.0,1062,225.543563842773,238.5,1056,41.2,0.25
251470_R3498347_SWAN,251470_R3498347_SWAN_0000.nii.gz,251470_R3498347_SWAN.nii.gz,5,185,0.468800008296966,0.468800157308578,1.00001907348632,35.9513511657714,28,26.3199195861816,6.0,16.0,52.0,89.1999999999999,3,106,167.0,47.1769828796386,139.0,2.94635204533165,94.6057662963867,99.5,104,129.362899780273,138.0,124,139.3125,154.0,416,150.418960571289,163.0,327,152.59765625,168.0,512,158.771896362304,173.0,605,161.299102783203,176.0,886,165.65867614746,179.0,876,168.666381835937,181.0,1199,171.107727050781,182.0,1151,41.3,0.25
26427553_R3519223_SWAN,26427553_R3519223_SWAN_0000.nii.gz,26427553_R3519223_SWAN.nii.gz,1,35,0.4688001871109,0.468800038099288,1.40002226829528,89.3714294433593,87,16.5755176544189,65.7,73.0,103.0,112.0,63,118,182.0,18.7117519378662,95.0,5.07702326941136,142.727279663085,145.0,22,168.11538696289,172.0,26,170.864196777343,171.0,162,182.919540405273,184.0,174,182.993667602539,184.0,158,184.005233764648,184.0,382,185.171951293945,187.0,378,182.568069458007,185.0,382,180.467422485351,184.0,706,178.788055419921,183.0,670,23.1999999999999,0.25
26427553_R3519223_SWAN,26427553_R3519223_SWAN_0000.nii.gz,26427553_R3519223_SWAN.nii.gz,2,89,0.4688001871109,0.468800038099288,1.40002226829528,88.1460647583007,85,19.8429508209228,59.4,73.0,105.0,120.399999999999,55,125,206.0,31.0402526855468,121.0,3.8981641427275,145.142852783203,148.5,56,176.397064208984,184.0,68,182.213638305664,187.0,220,197.327865600585,205.5,244,201.58332824707,208.5,228,199.035720825195,209.0,448,202.920166015625,209.0,476,203.960311889648,210.0,504,202.754272460937,208.0,818,203.678924560546,209.0,816,34.7999999999999,0.25
26427553_R3519223_SWAN,26427553_R3519223_SWAN_0000.nii.gz,26427553_R3519223_SWAN.nii.gz,3,69,0.4688001871109,0.468800038099288,1.40002226829528,100.594200134277,100,23.0288524627685,70.0,76.0,121.0,136.0,69,154,182.0,33.762638092041,82.0,2.42872016625176,153.679992675781,153.0,50,173.5,173.5,62,185.107955932617,191.0,176,181.75,174.5,240,179.25,176.0,240,184.716415405273,187.5,402,183.851348876953,190.0,444,184.732284545898,193.5,508,189.19839477539,199.0,746,189.584182739257,201.0,784,16.3999999999999,0.25
26427553_R3519223_SWAN,26427553_R3519223_SWAN_0000.nii.gz,26427553_R3519223_SWAN.nii.gz,4,89,0.4688001871109,0.468800038099288,1.40002226829528,91.3033676147461,88,21.7257709503173,61.0,75.0,109.0,125.0,60,135,201.0,14.3170480728149,113.0,7.89268845262615,159.232147216796,159.5,56,190.352935791015,190.5,68,200.826919555664,200.0,208,202.856582641601,202.0,258,200.673385620117,201.0,248,196.569503784179,200.0,446,193.309616088867,200.0,478,188.905883789062,198.0,510,184.115188598632,196.0,816,182.454879760742,195.0,820,27.4,0.25
26427553_R3519223_SWAN,26427553_R3519223_SWAN_0000.nii.gz,26427553_R3519223_SWAN.nii.gz,5,177,0.4688001871109,0.468800038099288,1.40002226829528,68.6497192382812,68,24.4702377319335,27.0,50.0,89.0,107.0,22,118,186.0,14.0888090133667,118.0,8.37544180548178,126.634147644042,125.5,82,154.478729248046,154.5,94,175.074081420898,174.0,324,185.53823852539,186.0,340,188.42105102539,189.0,304,189.664978027343,189.0,594,188.800003051757,188.0,590,187.008163452148,186.0,612,187.9443359375,188.5,1006,188.348510742187,189.0,944,40.1999999999999,0.75
26553027_R3512310_SWAN,26553027_R3512310_SWAN_0000.nii.gz,26553027_R3512310_SWAN.nii.gz,1,23,0.429701507091522,0.429701417684555,1.0000295639038,40.7826080322265,48,19.3726768493652,14.2,22.5,56.5,68.5,7,72,118.0,38.4263343811035,70.0,1.82166738325222,84.5833358764648,85.0,24,98.09375,98.5,64,108.858024597167,120.0,162,112.671958923339,120.0,189,110.951454162597,117.0,309,109.90697479248,115.0,430,112.19480895996,119.0,539,111.793296813964,113.5,716,113.015731811523,117.0,890,112.91650390625,114.0,1030,25.3,0.25
26553027_R3512310_SWAN,26553027_R3512310_SWAN_0000.nii.gz,26553027_R3512310_SWAN.nii.gz,2,43,0.429701507091522,0.429701417684555,1.0000295639038,71.3023223876953,73,27.3729915618896,31.0,45.5,98.5,109.399999999999,28,116,185.0,28.9661560058593,112.0,3.86658139855851,138.738098144531,133.0,42,176.193176269531,177.0,88,184.967590332031,187.0,216,186.34553527832,186.0,246,183.175354003906,183.0,422,186.736618041992,185.0,486,182.52684020996,182.0,708,185.905853271484,183.0,786,184.800003051757,182.0,1040,184.992752075195,182.0,1104,33.7999999999999,0.25
26553027_R3512310_SWAN,26553027_R3512310_SWAN_0000.nii.gz,26553027_R3512310_SWAN.nii.gz,3,41,0.429701507091522,0.429701417684555,1.0000295639038,82.9024353027343,81,12.9347419738769,65.0,74.0,91.0,108.0,64,112,155.0,20.4844188690185,74.0,3.61250179822872,127.166664123535,125.0,42,148.300003051757,149.0,80,154.306823730468,154.5,176,156.939514160156,159.0,248,153.672592163085,153.0,394,153.373275756835,155.0,434,148.687301635742,151.0,646,148.443420410156,150.5,760,147.58999633789,149.0,1000,150.420547485351,152.0,1032,21.4999999999999,0.25
26553027_R3512310_SWAN,26553027_R3512310_SWAN_0000.nii.gz,26553027_R3512310_SWAN.nii.gz,4,411,0.429701507091522,0.429701417684555,1.0000295639038,37.1094894409179,26,22.3301963806152,19.0,22.0,45.0,87.5,16,107,163.0,17.6417274475097,137.0,7.7656794329026,133.977783203125,135.0,180,163.152435302734,162.0,328,163.89241027832,162.5,474,164.886672973632,164.0,600,164.797790527343,163.0,816,164.417404174804,163.0,908,165.836608886718,165.0,1224,163.844329833984,164.0,1304,164.484481811523,163.0,1676,164.563400268554,164.0,1672,17.4999999999999,0.25
26553027_R3512310_SWAN,26553027_R3512310_SWAN_0000.nii.gz,26553027_R3512310_SWAN.nii.gz,5,19,0.429701507091522,0.429701417684555,1.0000295639038,109.315788269042,111,13.5454492568969,93.6,96.0,118.5,127.799999999999,81,135,189.0,18.7305660247802,78.0,4.16431622497724,143.875,139.5,16,165.59375,165.5,32,174.432098388671,172.0,162,186.447372436523,186.0,152,191.611434936523,192.0,350,191.444763183593,193.5,344,198.340072631835,198.0,594,197.662338256835,200.0,616,201.308532714843,202.0,914,200.099563598632,198.0,904,29.2,0.75
27816424_R3510553_SWAN,27816424_R3510553_SWAN_0000.nii.gz,27816424_R3510553_SWAN.nii.gz,1,159,0.312500149011611,0.312500029802322,0.800005614757537,30.0251579284667,28,14.2104358673095,8.9,19.0,40.0,53.0999999999999,3,69,129.0,28.9818248748779,101.0,3.48494273345599,60.144229888916,61.0,104,90.7377014160156,90.0,366,118.34375,118.0,416,126.382202148437,128.5,798,130.554702758789,131.0,1042,132.00227355957,132.0,1316,132.847381591796,131.0,1638,133.50535583496,133.0,1868,136.674896240234,135.0,2350,141.153839111328,140.0,2054,46.0999999999999,0.75
27816424_R3510553_SWAN,27816424_R3510553_SWAN_0000.nii.gz,27816424_R3510553_SWAN.nii.gz,2,47,0.312500149011611,0.312500029802322,0.800005614757537,54.8723411560058,53,26.4628314971923,19.0,34.5,77.0,96.8999999999999,13,112,165.0,27.2691497802734,112.0,4.10720542820227,107.265625,104.0,64,145.363250732421,141.0,234,158.83332824707,162.5,330,163.289718627929,168.0,642,160.142852783203,164.0,812,161.397216796875,166.0,1148,158.531066894531,162.0,1416,159.188385009765,160.0,1704,150.05191040039,151.0,2042,141.892623901367,143.0,1872,42.6999999999999,0.75
27816424_R3510553_SWAN,27816424_R3510553_SWAN_0000.nii.gz,27816424_R3510553_SWAN.nii.gz,3,323,0.312500149011611,0.312500029802322,0.800005614757537,57.2848281860351,56,22.0738830566406,25.0,39.0,75.0,93.8999999999999,20,124,138.0,42.2912063598632,82.0,1.93893735974915,92.34375,94.0,192,115.310073852539,116.0,516,121.642860412597,126.0,630,129.221893310546,135.0,996,133.173309326171,141.0,1281,135.948593139648,143.0,1634,131.65771484375,141.0,1972,136.419952392578,146.0,2236,135.702026367187,144.0,2574,138.801788330078,146.0,2341,26.6,0.75
27816424_R3510553_SWAN,27816424_R3510553_SWAN_0000.nii.gz,27816424_R3510553_SWAN.nii.gz,4,473,0.312500149011611,0.312500029802322,0.800005614757537,36.179702758789,27,20.5640201568603,19.0,20.0,47.0,80.3999999999999,17,108,160.0,20.5537528991699,133.0,6.47083774201505,124.175003051757,123.0,240,155.260665893554,156.0,656,158.159149169921,159.0,710,160.366561889648,161.0,1244,161.132751464843,161.0,1484,160.975189208984,160.0,1854,157.911376953125,160.0,2234,161.479598999023,162.0,2450,157.898529052734,165.0,3006,156.367492675781,166.0,2664,23.4,0.25
27816424_R3510553_SWAN,27816424_R3510553_SWAN_0000.nii.gz,27816424_R3510553_SWAN.nii.gz,5,91,0.312500149011611,0.312500029802322,0.800005614757537,64.2966995239257,64,18.2103061676025,35.5,49.0,77.5,93.5,22,106,159.0,21.5374603271484,95.0,4.41091932646536,103.629997253417,101.0,100,132.869567871093,129.0,276,150.894729614257,147.0,418,156.801803588867,155.0,666,162.46304321289,162.0,920,164.166137695312,163.0,1276,163.555038452148,164.0,1490,162.289840698242,162.0,1870,159.946640014648,161.0,2080,160.306320190429,160.0,1900,36.0,0.75
29170651_R3508378_SWAN,29170651_R3508378_SWAN_0000.nii.gz,29170651_R3508378_SWAN.nii.gz,1,237,0.429698795080184,0.429698973894119,0.800003468990325,34.0210952758789,31,20.2337493896484,6.0,16.0,51.0,69.1999999999999,2,83,140.0,35.789321899414,109.0,3.04560115182804,78.4406814575195,78.5,118,106.231483459472,109.0,324,128.16567993164,133.0,338,135.561157226562,141.0,654,137.849502563476,142.0,711,136.1025390625,141.0,907,138.725555419921,141.0,1217,144.128875732421,143.0,1226,145.792404174804,145.0,1686,146.721984863281,145.0,1892,42.3,0.75
29170651_R3508378_SWAN,29170651_R3508378_SWAN_0000.nii.gz,29170651_R3508378_SWAN.nii.gz,2,375,0.429698795080184,0.429698973894119,0.800003468990325,38.6720008850097,35,21.2692356109619,11.0,20.0,55.5,75.0,9,87,146.0,18.3214149475097,111.0,6.05848403728703,92.8529434204101,92.0,170,121.603607177734,123.0,444,139.973220825195,140.0,448,146.113967895507,147.0,816,147.813934326171,149.0,876,146.795578002929,147.0,1130,146.97509765625,148.0,1446,148.112716674804,148.0,1526,147.30793762207,147.5,1916,147.458068847656,146.0,2170,36.4,0.25
29170651_R3508378_SWAN,29170651_R3508378_SWAN_0000.nii.gz,29170651_R3508378_SWAN.nii.gz,3,145,0.429698795080184,0.429698973894119,0.800003468990325,54.0620689392089,55,19.4522304534912,23.2,38.0,68.0,85.0,11,97,148.0,22.2554836273193,93.0,4.17874540752911,90.6444473266601,90.0,90,118.882110595703,118.0,246,135.039001464843,134.0,282,147.432479858398,146.0,548,152.461791992187,152.0,602,152.348983764648,151.0,788,152.344329833984,152.0,1092,151.062713623046,152.0,1164,147.724792480468,148.0,1468,144.762619018554,147.0,1744,36.7999999999999,0.75
29170651_R3508378_SWAN,29170651_R3508378_SWAN_0000.nii.gz,29170651_R3508378_SWAN.nii.gz,4,139,0.429698795080184,0.429698973894119,0.800003468990325,63.3165473937988,58,23.010175704956,33.9,45.0,79.5,107.199999999999,32,122,185.0,29.0166854858398,127.0,4.37679210680268,133.368423461914,136.0,76,161.988967895507,169.0,272,171.274200439453,185.0,248,175.974487304687,185.0,588,176.539993286132,185.0,650,176.967788696289,184.0,776,178.617950439453,183.0,1136,177.236038208007,182.0,1110,177.897186279296,181.0,1566,177.176956176757,179.0,1814,32.6,0.25
29170651_R3508378_SWAN,29170651_R3508378_SWAN_0000.nii.gz,29170651_R3508378_SWAN.nii.gz,5,393,0.429698795080184,0.429698973894119,0.800003468990325,23.7557258605957,11,27.7717227935791,0.0,2.0,41.0,83.0,0,113,186.0,32.580020904541,175.0,5.37139004645661,134.83999633789,132.0,150,176.539718627929,173.0,428,187.027099609375,183.0,406,192.360977172851,188.0,820,189.892517089843,185.0,856,189.562133789062,186.0,1014,183.63117980957,181.0,1437,184.581298828125,182.0,1347,184.501846313476,182.0,1903,186.678619384765,182.0,2175,35.6,0.25
29616713_R3502285_SWAN,29616713_R3502285_SWAN_0000.nii.gz,29616713_R3502285_SWAN.nii.gz,1,55,0.468799978494644,0.468800067901611,1.00002515316009,52.3818168640136,52,13.7397775650024,28.4,44.5,63.5,73.7999999999999,20,79,145.0,39.585765838623,93.0,2.34932931142794,84.9791641235351,86.0,48,107.416664123535,109.0,60,125.74380493164,123.0,242,144.96939086914,144.0,196,148.755432128906,151.0,368,153.557220458984,160.5,402,151.596099853515,160.0,666,148.13003540039,152.5,646,152.04360961914,154.0,940,150.614440917968,155.0,900,37.5999999999999,0.75
29616713_R3502285_SWAN,29616713_R3502285_SWAN_0000.nii.gz,29616713_R3502285_SWAN.nii.gz,2,99,0.468799978494644,0.468800067901611,1.00002515316009,42.4646453857421,41,25.5830249786376,6.8,19.5,67.0,81.1,2,94,177.0,20.3167972564697,136.0,6.69396845788239,111.743591308593,110.5,78,148.908157348632,148.0,98,164.983764648437,170.5,308,171.881301879882,177.0,278,172.301986694335,179.0,404,173.31086730957,178.0,534,172.456573486328,178.0,760,171.020355224609,175.0,786,170.670516967773,174.0,1038,169.817398071289,173.0,1046,44.3999999999999,0.25
29616713_R3502285_SWAN,29616713_R3502285_SWAN_0000.nii.gz,29616713_R3502285_SWAN.nii.gz,3,35,0.468799978494644,0.468800067901611,1.00002515316009,34.6571426391601,38,14.8880453109741,9.0,22.0,47.5,53.0,5,54,105.0,22.7042293548584,67.0,2.95099203557256,78.4166641235351,79.5,36,98.4166641235351,97.5,48,107.23737335205,103.0,198,111.010871887207,104.5,184,110.966445922851,106.0,298,113.939476013183,106.0,380,115.661613464355,111.0,594,117.531455993652,114.5,604,117.135391235351,114.0,842,118.927032470703,116.0,836,16.0999999999999,0.25
29616713_R3502285_SWAN,29616713_R3502285_SWAN_0000.nii.gz,29616713_R3502285_SWAN.nii.gz,4,179,0.468799978494644,0.468800067901611,1.00002515316009,54.4469261169433,51,23.0076789855957,22.9,35.0,68.5,98.1,18,119,155.0,53.7273826599121,104.0,1.93569823898378,108.11538696289,107.5,104,130.903228759765,126.0,124,141.212814331054,140.0,390,144.453704833984,152.0,324,150.283782958984,165.0,518,145.201690673828,161.0,590,150.191268920898,166.5,894,150.774002075195,165.0,854,154.403656005859,170.0,1204,156.752639770507,174.5,1136,29.4999999999999,0.25
29616713_R3502285_SWAN,29616713_R3502285_SWAN_0000.nii.gz,29616713_R3502285_SWAN.nii.gz,5,141,0.468799978494644,0.468800067901611,1.00002515316009,18.3546104431152,12,15.2609157562255,5.0,6.0,30.0,50.0,4,67,112.0,33.7687644958496,100.0,2.96131651521602,84.8513488769531,90.0,74,103.511627197265,109.0,86,105.459800720214,114.5,398,108.109024047851,114.0,266,100.707130432128,109.0,519,103.722106933593,112.0,475,96.5738143920898,108.0,779,101.538581848144,110.5,648,91.0406341552734,106.0,1009,99.5433197021484,111.0,808,15.4999999999999,0.25
29733868_R3507094_SWAN,29733868_R3507094_SWAN_0000.nii.gz,29733868_R3507094_SWAN.nii.gz,1,53,0.46879842877388,0.468798041343688,0.999920010566711,62.1698112487793,67,21.9336338043212,28.2,43.0,77.0,92.9999999999999,20,114,187.0,46.14107131958,120.0,2.60071984824239,128.0,128.0,44,154.909088134765,158.5,88,168.92381286621,178.0,210,168.100433349609,187.0,229,170.667755126953,186.0,307,174.092346191406,192.0,379,174.749526977539,191.0,535,180.304016113281,196.0,523,183.149215698242,197.0,697,184.031631469726,198.0,664,39.3,0.25
29733868_R3507094_SWAN,29733868_R3507094_SWAN_0000.nii.gz,29733868_R3507094_SWAN.nii.gz,2,221,0.46879842877388,0.468798041343688,0.999920010566711,84.5701370239257,75,27.8329010009765,53.0,60.0,108.0,135.0,52,144,227.0,30.6733493804931,152.0,4.95544187608885,165.818176269531,166.0,132,204.076919555664,206.0,182,219.389953613281,225.0,418,220.477828979492,226.0,406,224.071426391601,229.0,518,219.89697265625,227.0,728,221.148147583007,230.0,918,217.908538818359,227.0,984,218.446853637695,227.0,1242,214.806732177734,225.0,1278,39.7999999999999,0.25
29733868_R3507094_SWAN,29733868_R3507094_SWAN_0000.nii.gz,29733868_R3507094_SWAN.nii.gz,3,145,0.46879842877388,0.468798041343688,0.999920010566711,102.503448486328,100,27.9951038360595,65.0,78.0,123.0,149.0,61,157,242.0,10.2110786437988,142.0,13.9064642388428,183.92105102539,183.5,76,209.028411865234,214.0,176,235.942306518554,237.0,312,241.072677612304,242.0,344,242.950210571289,243.5,462,241.903015136718,242.0,598,243.220001220703,244.0,800,243.37791442871,243.0,860,242.786727905273,243.0,1130,241.559539794921,242.0,1142,39.7,0.25
29733868_R3507094_SWAN,29733868_R3507094_SWAN_0000.nii.gz,29733868_R3507094_SWAN.nii.gz,4,51,0.46879842877388,0.468798041343688,0.999920010566711,56.9607849121093,45,28.8096942901611,25.0,37.5,75.5,114.5,22,125,183.5,61.3361549377441,138.5,2.25804829371154,113.722221374511,113.0,54,139.551284790039,164.5,78,158.547409057617,183.5,232,158.931457519531,184.0,248,163.391967773437,187.5,324,160.714889526367,182.0,470,159.63426208496,177.0,648,158.968704223632,184.0,703,156.425857543945,175.0,897,154.3125,166.5,944,46.4,0.75
29733868_R3507094_SWAN,29733868_R3507094_SWAN_0000.nii.gz,29733868_R3507094_SWAN.nii.gz,5,209,0.46879842877388,0.468798041343688,0.999920010566711,91.9377975463867,81,26.498550415039,67.0,71.0,107.0,147.2,64,156,232.0,44.0297698974609,151.0,3.42949782276077,159.36538696289,161.0,104,191.049026489257,202.0,204,207.691177368164,230.0,408,210.86685180664,231.0,368,210.684020996093,233.0,576,214.034271240234,232.0,642,214.232025146484,233.0,918,215.747406005859,232.5,966,216.029037475585,233.0,1240,215.614486694335,232.0,1284,47.5999999999999,0.25
300787_R3523193_SWAN,300787_R3523193_SWAN_0000.nii.gz,300787_R3523193_SWAN.nii.gz,1,55,0.468799948692321,0.468800127506256,1.00000309944152,85.4363632202148,86,14.1328296661376,64.0,73.0,91.5,110.6,61,115,173.0,9.20194816589355,87.0,9.45451967687234,134.100006103515,133.0,50,161.338714599609,161.5,62,167.135589599609,169.0,236,171.228729248046,172.0,188,174.290328979492,175.5,372,172.917907714843,173.5,402,174.775604248046,176.0,664,173.564468383789,173.0,636,174.385681152343,175.0,936,172.863845825195,173.5,896,24.8999999999999,0.25
300787_R3523193_SWAN,300787_R3523193_SWAN_0000.nii.gz,300787_R3523193_SWAN.nii.gz,2,271,0.468799948692321,0.468800127506256,1.00000309944152,68.2472305297851,67,24.3692722320556,36.0,46.0,92.0,107.0,32,113,180.0,10.6742124557495,113.0,10.5862610912465,126.811477661132,126.0,122,151.732391357421,151.0,142,170.98484802246,173.0,528,180.287231445312,181.0,376,181.625762939453,183.0,660,180.984664916992,182.0,652,179.824951171875,181.0,994,177.906997680664,178.0,1000,177.517349243164,178.0,1326,176.098175048828,177.0,1314,37.3999999999999,0.25
300787_R3523193_SWAN,300787_R3523193_SWAN_0000.nii.gz,300787_R3523193_SWAN.nii.gz,3,67,0.468799948692321,0.468800127506256,1.00000309944152,30.3134326934814,22,21.5096015930175,5.0,13.5,52.5,68.3999999999999,4,74,139.0,8.12401676177978,117.0,14.4017428115655,104.384613037109,104.5,52,135.546875,136.5,64,135.674240112304,137.0,264,139.702972412109,139.0,202,140.017944335937,140.0,390,140.495239257812,141.0,420,140.982513427734,141.0,686,137.47590637207,139.0,664,135.031509399414,141.0,984,128.77342224121,137.0,918,20.7999999999999,0.25
300787_R3523193_SWAN,300787_R3523193_SWAN_0000.nii.gz,300787_R3523193_SWAN.nii.gz,4,177,0.468799948692321,0.468800127506256,1.00000309944152,40.1920890808105,36,24.4890689849853,10.6,19.0,64.0,83.0,8,88,161.0,12.4379062652587,125.0,10.0499229801358,104.360000610351,102.0,100,135.774993896484,134.0,120,156.297927856445,156.0,386,162.765243530273,163.0,328,160.741180419921,162.0,510,159.523025512695,162.0,608,158.911422729492,160.5,858,159.159194946289,160.0,848,160.005920410156,160.0,1182,158.935714721679,160.0,1120,41.0,0.25
300787_R3523193_SWAN,300787_R3523193_SWAN_0000.nii.gz,300787_R3523193_SWAN.nii.gz,5,167,0.468799948692321,0.468800127506256,1.00000309944152,46.8742523193359,47,23.4717788696289,10.0,29.0,64.0,85.0,8,98,170.0,24.8851470947265,123.0,4.94270737206391,112.511627197265,110.0,86,141.836730957031,144.0,98,157.740997314453,159.0,444,163.989868164062,170.0,296,167.383956909179,172.0,586,176.503540039062,178.0,564,176.555908203125,180.0,966,182.5,185.0,832,181.935684204101,185.0,1306,186.917266845703,190.0,1112,38.9999999999999,0.25
30157767_R3515793_SWAN,30157767_R3515793_SWAN_0000.nii.gz,30157767_R3515793_SWAN.nii.gz,1,119,0.468799918889999,0.468799859285354,1.39997553825378,41.6974792480468,39,25.8048763275146,3.0,19.5,66.0,83.1,0,89,159.0,14.0107336044311,120.0,8.56486201136875,115.234375,115.5,64,148.197372436523,150.5,76,155.011901855468,154.5,252,163.151077270507,162.0,278,163.870223999023,165.0,262,157.446853637695,158.0,508,159.064254760742,159.0,498,160.549453735351,159.5,546,158.93618774414,156.0,862,161.125869750976,158.0,866,28.7,0.25
30157767_R3515793_SWAN,30157767_R3515793_SWAN_0000.nii.gz,30157767_R3515793_SWAN.nii.gz,2,19,0.468799918889999,0.468799859285354,1.39997553825378,67.6315765380859,77,30.4790019989013,28.5,40.5,97.0,106.499999999999,15,111,189.0,17.8475360870361,112.0,6.27537602130711,130.11538696289,120.0,26,164.842102050781,169.5,38,183.92105102539,189.0,114,187.553573608398,192.0,168,188.59375,190.5,192,185.778518676757,187.0,298,183.0390625,185.0,384,180.240478515625,182.0,420,177.707077026367,180.5,594,171.634613037109,177.0,676,47.0999999999999,0.75
30157767_R3515793_SWAN,30157767_R3515793_SWAN_0000.nii.gz,30157767_R3515793_SWAN.nii.gz,3,21,0.468799918889999,0.468799859285354,1.39997553825378,88.1904754638671,89,19.0903091430664,68.0,68.0,99.0,127.0,56,132,202.0,17.0415287017822,113.0,6.63086052768155,143.277770996093,138.0,18,178.272720336914,178.0,22,185.432205200195,186.5,118,199.204223632812,202.5,142,202.739135742187,206.0,138,202.861297607421,204.5,310,205.414199829101,209.0,338,207.160812377929,212.0,342,204.037216186523,207.0,618,206.035110473632,211.0,598,40.4,0.75
30157767_R3515793_SWAN,30157767_R3515793_SWAN_0000.nii.gz,30157767_R3515793_SWAN.nii.gz,4,55,0.468799918889999,0.468799859285354,1.39997553825378,112.290908813476,115,27.3885669708251,73.0,87.0,139.0,148.899999999999,69,152,220.5,55.8767013549804,105.5,1.88808568583471,162.863632202148,167.5,44,187.017852783203,194.5,56,210.103897094726,227.0,154,209.840515136718,226.5,232,201.61863708496,211.0,236,200.297302246093,219.0,370,192.334899902343,203.5,424,185.335311889648,201.5,504,190.153396606445,204.0,678,184.240783691406,199.0,760,41.9,0.75
30157767_R3515793_SWAN,30157767_R3515793_SWAN_0000.nii.gz,30157767_R3515793_SWAN.nii.gz,5,35,0.468799918889999,0.468799859285354,1.39997553825378,85.7142868041992,90,20.7151718139648,51.7,68.5,98.0,112.099999999999,46,122,198.0,8.89312744140625,108.0,12.1442091898013,143.75,142.5,36,179.104171752929,178.5,48,196.963775634765,196.0,138,199.346939086914,198.0,196,198.58251953125,198.0,206,198.055877685546,199.0,340,195.475128173828,197.0,402,194.70361328125,196.0,442,193.989486694335,196.0,666,191.969451904296,193.0,720,36.8,0.75
31050446_R3508188_SWAN,31050446_R3508188_SWAN_0000.nii.gz,31050446_R3508188_SWAN.nii.gz,1,57,0.468798518180847,0.468800455331802,1.00002539157867,71.4210510253906,73,23.7973518371582,29.4,61.0,91.0,102.199999999999,21,108,210.0,33.131778717041,137.0,4.13500286748973,133.1875,137.0,48,169.0,171.0,60,194.65151977539,200.5,264,198.33494567871,210.5,206,205.734375,214.0,384,201.815536499023,213.0,412,205.431488037109,214.0,686,200.688446044921,211.0,658,200.498962402343,210.0,968,195.563995361328,207.0,922,50.0,0.75
31050446_R3508188_SWAN,31050446_R3508188_SWAN_0000.nii.gz,31050446_R3508188_SWAN.nii.gz,2,255,0.468798518180847,0.468800455331802,1.00002539157867,96.1333312988281,95,18.3580360412597,73.0,79.0,111.0,128.0,72,137,198.0,14.657597541809,103.0,7.02707245892135,147.467208862304,145.0,122,174.492950439453,176.0,142,189.268600463867,190.0,484,197.930114746093,198.0,372,199.845001220703,200.0,600,200.638885498046,201.0,648,201.041152954101,201.0,972,201.008499145507,200.0,942,199.71646118164,200.0,1312,199.009765625,200.0,1228,34.5999999999999,0.75
31050446_R3508188_SWAN,31050446_R3508188_SWAN_0000.nii.gz,31050446_R3508188_SWAN.nii.gz,3,101,0.468798518180847,0.468800455331802,1.00002539157867,56.5643577575683,48,23.583604812622,34.0,37.0,72.0,103.0,31,127,207.0,39.5990371704101,159.0,4.01524914143141,170.516662597656,169.0,60,207.694442749023,212.0,72,204.564102172851,209.0,312,205.604354858398,217.5,230,196.698196411132,204.5,444,190.928894042968,199.0,450,184.93846130371,181.0,780,181.406341552734,174.0,694,180.00927734375,172.5,1078,180.141220092773,175.0,956,28.5,0.25
31050446_R3508188_SWAN,31050446_R3508188_SWAN_0000.nii.gz,31050446_R3508188_SWAN.nii.gz,4,89,0.468798518180847,0.468800455331802,1.00002539157867,107.921348571777,106,26.2011337280273,67.0,87.0,130.0,147.6,65,159,228.0,16.6855678558349,122.0,7.31170800143529,183.344833374023,184.5,58,217.357147216796,219.5,70,227.246673583984,228.0,300,230.350875854492,230.0,228,225.887329101562,224.0,426,225.446670532226,228.0,450,219.353729248046,222.0,752,213.407669067382,221.0,704,206.734924316406,215.0,1045,201.379592895507,215.0,951,28.9999999999999,0.25
31050446_R3508188_SWAN,31050446_R3508188_SWAN_0000.nii.gz,31050446_R3508188_SWAN.nii.gz,5,59,0.468798518180847,0.468800455331802,1.00002539157867,103.593223571777,103,20.0787601470947,69.0,90.5,119.5,135.699999999999,62,144,213.0,16.6393527984619,110.0,6.61083404699298,155.854171752929,154.5,48,188.516662597656,188.5,60,202.862197875976,205.0,254,214.504898071289,216.0,204,211.313827514648,213.0,376,213.455444335937,217.0,404,208.274200439453,213.0,682,208.323623657226,212.0,652,206.520782470703,211.0,962,207.517654418945,211.0,906,40.1999999999999,0.75
32641848_R3521096_SWAN,32641848_R3521096_SWAN_0000.nii.gz,32641848_R3521096_SWAN.nii.gz,1,53,0.468799978494644,0.468800008296966,1.40007734298706,24.3962268829345,25,14.0314197540283,4.0,13.0,35.0,46.4,3,52,110.0,35.4406585693359,85.0,2.39837529637623,60.9782600402832,58.0,46,82.3793106079101,81.0,58,104.083335876464,102.0,168,108.180953979492,109.0,210,105.297294616699,100.0,222,117.579490661621,119.0,390,114.166664123535,115.0,432,111.106986999511,115.5,458,115.278686523437,122.0,732,113.643234252929,119.0,754,34.8,0.75
32641848_R3521096_SWAN,32641848_R3521096_SWAN_0000.nii.gz,32641848_R3521096_SWAN.nii.gz,2,127,0.468799978494644,0.468800008296966,1.40007734298706,48.1811027526855,49,26.1526165008544,14.0,21.5,68.5,86.0999999999999,13,109,166.0,45.1786613464355,117.0,2.58971816590203,120.714286804199,118.0,70,147.439025878906,153.0,82,160.561340332031,173.0,269,154.508193969726,171.0,305,144.841720581054,164.0,278,142.469467163085,159.0,475,134.039672851562,150.0,479,129.706130981445,140.0,473,130.966247558593,140.0,711,127.787483215332,144.0,687,35.8,0.25
32641848_R3521096_SWAN,32641848_R3521096_SWAN_0000.nii.gz,32641848_R3521096_SWAN.nii.gz,3,97,0.468799978494644,0.468800008296966,1.40007734298706,17.6597938537597,15,9.98234176635742,5.0,10.0,26.0,36.0,3,41,62.0,27.9145755767822,47.0,1.68370820723106,48.1833343505859,48.0,60,63.1666679382324,61.0,72,59.1991539001464,60.0,236,65.8830642700195,64.0,248,68.7051315307617,68.0,234,65.0914916992187,59.0,470,66.0121917724609,61.0,492,67.6785736083984,62.5,504,66.6772308349609,59.0,852,68.6707611083984,61.0,814,9.39999999999999,0.25
32641848_R3521096_SWAN,32641848_R3521096_SWAN_0000.nii.gz,32641848_R3521096_SWAN.nii.gz,4,31,0.468799978494644,0.468800008296966,1.40007734298706,104.387100219726,108,21.3204078674316,73.0,86.5,125.0,132.0,66,133,197.0,12.015962600708,89.0,7.40681399880155,151.733337402343,151.0,30,172.190475463867,172.0,42,189.413040161132,189.0,138,196.66162109375,196.0,198,197.447113037109,197.0,208,198.319015502929,200.0,326,198.29524230957,200.0,420,198.196029663085,200.0,454,200.468048095703,204.0,626,201.51365661621,204.0,732,30.3999999999999,0.75
32641848_R3521096_SWAN,32641848_R3521096_SWAN_0000.nii.gz,32641848_R3521096_SWAN.nii.gz,5,55,0.468799978494644,0.468800008296966,1.40007734298706,103.072731018066,99,26.5815067291259,64.7,82.5,122.5,149.6,61,152,247.0,23.8874626159667,148.0,6.19571874917657,174.77082824707,175.5,48,216.466659545898,227.0,60,228.81394958496,242.0,172,235.721694946289,250.0,212,239.495529174804,254.0,224,238.266494750976,246.5,394,239.550231933593,249.0,438,239.50650024414,248.0,462,238.753356933593,249.0,746,236.994689941406,247.5,754,47.6999999999999,0.25
33798357_R3516607_SWAN,33798357_R3516607_SWAN_0000.nii.gz,33798357_R3516607_SWAN.nii.gz,1,115,0.468800127506256,0.468799918889999,0.999982595443725,24.3391304016113,23,16.713903427124,3.0,8.0,40.5,51.3,2,58,96.0,27.1841316223144,73.0,2.68539017593914,72.231704711914,72.5,82,92.4772720336914,95.0,132,100.173080444335,104.0,312,98.3026351928711,101.0,304,92.4004592895507,95.0,437,88.4787216186523,90.5,564,84.4759445190429,87.0,769,84.2553939819336,87.0,834,84.8880538940429,89.0,1063,85.2324295043945,90.5,1110,18.9,0.25
33798357_R3516607_SWAN,33798357_R3516607_SWAN_0000.nii.gz,33798357_R3516607_SWAN.nii.gz,2,151,0.468800127506256,0.468799918889999,0.999982595443725,46.5894050598144,47,22.2002544403076,15.5,27.0,66.0,81.0,12,101,155.0,14.9109096527099,108.0,7.24301887111036,102.30850982666,101.0,94,132.47297668457,131.0,148,150.593399047851,149.0,364,157.142013549804,156.0,338,159.039093017578,158.0,486,156.27815246582,155.5,604,155.982437133789,156.0,854,155.147720336914,154.0,880,158.83332824707,158.0,1146,159.767517089843,159.0,1170,36.5999999999999,0.25
33798357_R3516607_SWAN,33798357_R3516607_SWAN_0000.nii.gz,33798357_R3516607_SWAN.nii.gz,3,123,0.468800127506256,0.468799918889999,0.999982595443725,58.2439041137695,57,21.5833950042724,26.0,38.0,78.0,90.8999999999999,20,98,164.0,14.6631851196289,107.0,7.29718673855956,110.537498474121,109.0,80,136.884613037109,136.0,130,157.462493896484,155.0,320,166.243423461914,163.0,304,168.955154418945,167.0,446,169.398895263671,168.0,544,168.720748901367,169.0,752,168.714981079101,169.0,828,167.610580444335,168.0,1058,168.380828857421,168.0,1116,36.1999999999999,0.75
33798357_R3516607_SWAN,33798357_R3516607_SWAN_0000.nii.gz,33798357_R3516607_SWAN.nii.gz,4,53,0.468800127506256,0.468799918889999,0.999982595443725,60.2452812194824,61,17.0591716766357,30.0,52.0,70.0,86.4,16,88,161.5,16.8329467773437,100.5,5.97043413309353,105.113639831542,103.0,44,126.329544067382,126.0,88,146.735290527343,150.0,204,157.802627563476,160.0,228,159.425918579101,163.0,324,162.05923461914,166.0,422,161.75,166.0,620,161.315551757812,167.0,656,162.979080200195,168.0,908,161.720260620117,168.0,908,38.9999999999999,0.75
33798357_R3516607_SWAN,33798357_R3516607_SWAN_0000.nii.gz,33798357_R3516607_SWAN.nii.gz,5,43,0.468800127506256,0.468799918889999,0.999982595443725,40.279067993164,42,12.0721197128295,19.0,34.5,48.0,58.3999999999999,12,67,120.0,11.1268882751464,78.0,7.01004612171978,73.6750030517578,72.5,40,97.7432403564453,98.0,74,113.182289123535,114.0,192,118.257011413574,120.5,214,120.585525512695,121.0,304,120.797103881835,122.0,414,123.488174438476,123.0,592,123.989028930664,124.0,638,125.639907836914,125.0,872,123.7847366333,125.0,878,32.0,0.75
34545222_R3519062_SWAN,34545222_R3519062_SWAN_0000.nii.gz,34545222_R3519062_SWAN.nii.gz,1,53,0.468799918889999,0.468800008296966,0.999984085559845,32.188678741455,34,16.9572792053222,3.6,19.0,45.0,55.0,1,61,121.0,27.9264373779296,87.0,3.11532755942425,82.4545440673828,80.5,44,110.453491210937,103.0,86,123.027519226074,117.0,218,127.154869079589,122.0,226,127.517753601074,124.5,338,128.315063476562,123.5,438,128.416397094726,126.0,634,127.909912109375,128.0,666,128.4150390625,133.5,918,127.062088012695,135.0,918,27.7,0.25
34545222_R3519062_SWAN,34545222_R3519062_SWAN_0000.nii.gz,34545222_R3519062_SWAN.nii.gz,2,43,0.468799918889999,0.468800008296966,0.999984085559845,48.279067993164,48,15.3173036575317,25.0,40.0,57.5,77.0,22,82,139.0,20.5741157531738,91.0,4.42303334401927,96.4545440673828,95.0,44,128.554046630859,128.0,74,138.38020324707,141.0,192,135.05940246582,139.0,202,133.889617919921,139.0,308,128.659622192382,138.0,426,130.440795898437,139.0,608,129.447036743164,137.5,642,132.874404907226,139.0,844,132.453521728515,139.0,882,28.9999999999999,0.25
34545222_R3519062_SWAN,34545222_R3519062_SWAN_0000.nii.gz,34545222_R3519062_SWAN.nii.gz,3,175,0.468799918889999,0.468800008296966,0.999984085559845,24.5200004577636,22,15.9498643875122,6.0,11.0,35.0,53.2999999999999,4,76,86.0,28.6374492645263,64.0,2.23483591044813,59.144229888916,53.5,104,76.9036178588867,72.5,166,84.5874328613281,76.0,366,87.0489120483398,83.0,368,89.8612213134765,90.5,490,91.4765625,93.0,640,94.8596725463867,96.0,848,98.3483505249023,101.0,910,100.913269042968,102.0,1176,104.280776977539,107.0,1186,18.4,0.75
34545222_R3519062_SWAN,34545222_R3519062_SWAN_0000.nii.gz,34545222_R3519062_SWAN.nii.gz,4,45,0.468799918889999,0.468800008296966,0.999984085559845,31.8666667938232,33,17.1756935119628,7.2,13.0,46.0,58.8,5,62,108.0,32.0384292602539,75.0,2.34093873300596,75.7857131958007,76.5,42,98.3536605834961,99.5,82,104.84545135498,108.0,220,103.919639587402,108.0,224,101.068572998046,109.0,350,101.636795043945,107.0,424,98.7689895629882,107.0,645,101.265022277832,107.0,649,103.518005371093,114.0,861,105.622688293457,115.0,864,20.6,0.25
34545222_R3519062_SWAN,34545222_R3519062_SWAN_0000.nii.gz,34545222_R3519062_SWAN.nii.gz,5,85,0.468799918889999,0.468800008296966,0.999984085559845,112.647056579589,113,21.0006771087646,76.2,96.0,130.0,146.0,71,156,221.0,35.2014961242675,108.0,3.06805141516544,162.553573608398,164.0,56,194.642852783203,200.5,112,206.465515136718,216.5,232,214.996261596679,224.5,268,212.100006103515,224.0,360,213.220886230468,221.0,498,207.058303833007,219.5,686,200.945983886718,216.0,722,195.903900146484,217.0,947,198.250854492187,218.0,885,39.4999999999999,0.75
34677094_R3515308_SWAN,34677094_R3515308_SWAN_0000.nii.gz,34677094_R3515308_SWAN.nii.gz,1,179,0.468800127506256,0.468797922134399,0.99998128414154,84.7765350341796,77,25.3201904296875,60.0,62.5,103.0,131.0,60,144,227.0,10.3680582046508,150.0,14.4675113737993,176.52000427246,176.0,100,213.284088134765,215.0,176,224.735900878906,226.0,390,227.231384277343,228.0,376,226.767303466796,227.0,520,227.283081054687,227.0,650,226.004364013671,226.0,918,226.277893066406,228.0,914,226.420837402343,227.5,1238,227.651168823242,229.0,1204,33.3999999999999,0.25
34677094_R3515308_SWAN,34677094_R3515308_SWAN_0000.nii.gz,34677094_R3515308_SWAN.nii.gz,2,149,0.468800127506256,0.468797922134399,0.99998128414154,82.5033569335937,76,21.7569332122802,55.0,63.0,100.0,122.0,54,130,207.0,17.5076293945312,131.0,7.48245219543656,154.319442749023,152.5,72,184.16860961914,184.0,172,205.482513427734,206.0,286,209.968200683593,209.0,346,208.495346069335,206.5,430,206.786193847656,208.0,594,205.336730957031,208.0,784,204.115478515625,208.0,840,202.533447265625,205.0,1106,200.530685424804,203.0,1108,38.2999999999999,0.25
34677094_R3515308_SWAN,34677094_R3515308_SWAN_0000.nii.gz,34677094_R3515308_SWAN.nii.gz,3,297,0.468800127506256,0.468797922134399,0.99998128414154,72.3535385131836,72,31.8505496978759,29.0,43.0,98.0,125.0,25,131,224.0,13.7202644348144,152.0,11.078503677692,156.469696044921,154.0,132,189.78205871582,190.0,234,217.550460815429,218.0,436,224.973800659179,225.0,458,225.014495849609,225.0,552,225.107421875,225.0,754,224.03807067871,224.0,972,223.595245361328,224.0,1050,223.548019409179,224.0,1312,221.619583129882,222.0,1338,48.2,0.25
34677094_R3515308_SWAN,34677094_R3515308_SWAN_0000.nii.gz,34677094_R3515308_SWAN.nii.gz,4,233,0.468800127506256,0.468797922134399,0.99998128414154,96.3390579223632,95,22.7441654205322,64.0,77.0,113.0,134.399999999999,61,151,215.0,14.1060857772827,120.0,8.50696656001165,156.361709594726,156.5,94,180.395156860351,181.0,248,205.643676757812,206.0,348,213.734237670898,215.0,444,214.414398193359,216.0,514,215.629211425781,218.0,712,214.298446655273,215.0,898,212.4736328125,215.0,986,210.142974853515,214.0,1252,206.872238159179,211.0,1268,40.0999999999999,0.25
34677094_R3515308_SWAN,34677094_R3515308_SWAN_0000.nii.gz,34677094_R3515308_SWAN.nii.gz,5,265,0.468800127506256,0.468797922134399,0.99998128414154,101.513206481933,103,22.8453521728515,71.0,79.0,120.0,139.799999999999,69,151,214.0,12.1008491516113,111.0,9.1729099841906,160.991928100585,160.0,124,190.353210449218,191.5,218,207.320281982421,208.0,434,212.794387817382,213.0,428,215.369262695312,215.5,566,215.625350952148,216.0,718,213.707046508789,216.0,966,211.394424438476,214.0,1004,209.623443603515,212.5,1288,204.229995727539,209.5,1300,35.0999999999999,0.25
34716769_R3516815_SWAN,34716769_R3516815_SWAN_0000.nii.gz,34716769_R3516815_SWAN.nii.gz,1,165,0.468799829483032,0.468799889087677,1.40000188350677,19.8242416381835,15,18.27366065979,0.200000000000001,5.0,30.0,56.0,0,81,142.0,38.7310752868652,127.0,3.27902076199441,79.4871826171875,85.0,78,111.077774047851,126.0,90,128.816055297851,138.0,299,132.64111328125,144.0,287,135.232467651367,145.0,271,137.52098083496,142.5,572,136.142059326171,145.0,542,138.417556762695,148.0,558,135.455673217773,140.0,970,137.970031738281,144.0,901,37.8,0.25
34716769_R3516815_SWAN,34716769_R3516815_SWAN_0000.nii.gz,34716769_R3516815_SWAN.nii.gz,2,85,0.468799829483032,0.468799889087677,1.40000188350677,62.8470573425293,71,26.2716617584228,18.4,38.0,85.0,95.0,12,99,180.0,12.2830152511596,109.0,8.87404255153953,114.5,112.0,56,141.823532104492,142.0,68,168.404037475585,169.0,198,179.260711669921,180.0,280,181.797790527343,183.0,272,181.452270507812,182.0,440,182.016067504882,182.0,498,182.593276977539,183.0,536,182.602493286132,183.0,800,184.240142822265,184.0,812,46.2,0.75
34716769_R3516815_SWAN,34716769_R3516815_SWAN_0000.nii.gz,34716769_R3516815_SWAN.nii.gz,3,93,0.468799829483032,0.468799889087677,1.40000188350677,19.9892463684082,17,11.2789592742919,7.0,9.0,27.0,40.3999999999999,6,52,87.0,27.4736251831054,70.0,2.54789819448528,55.1333351135253,56.0,60,71.2222213745117,77.5,72,77.5229339599609,84.0,218,76.1832046508789,84.0,262,75.2348175048828,85.0,247,82.0995483398437,94.0,442,80.9767913818359,91.0,474,83.7542037963867,94.0,476,89.2476043701171,97.0,731,87.5463333129882,97.0,723,18.1,0.25
34716769_R3516815_SWAN,34716769_R3516815_SWAN_0000.nii.gz,34716769_R3516815_SWAN.nii.gz,4,95,0.468799829483032,0.468799889087677,1.40000188350677,46.8842086791992,50,21.1510162353515,15.0,27.5,66.5,78.1999999999999,12,89,131.0,32.9033050537109,81.0,2.46175877674831,78.9166641235351,80.5,60,92.75,95.5,72,115.039825439453,119.0,226,118.426177978515,128.0,298,119.432624816894,132.5,282,125.187225341796,138.0,454,125.104393005371,137.0,546,125.420959472656,136.0,563,126.271942138671,139.0,809,128.445373535156,140.0,842,33.1999999999999,0.75
34716769_R3516815_SWAN,34716769_R3516815_SWAN_0000.nii.gz,34716769_R3516815_SWAN.nii.gz,5,119,0.468799829483032,0.468799889087677,1.40000188350677,58.705883026123,56,17.9492073059082,30.9,47.0,72.0,89.1,27,103,146.0,26.3320255279541,90.0,3.41789126341442,95.2857131958007,97.0,70,114.743904113769,115.0,82,132.366668701171,134.0,270,140.404754638671,145.0,294,143.956832885742,147.5,278,148.826995849609,153.5,526,149.755432128906,156.0,552,148.902877807617,153.0,556,150.79328918457,156.0,924,151.289230346679,157.0,892,32.5999999999999,0.75
34748457_R3515565_SWAN,34748457_R3515565_SWAN_0000.nii.gz,34748457_R3515565_SWAN.nii.gz,1,35,0.468799918889999,0.4688001871109,1.40002107620239,57.5142860412597,55,23.2051372528076,23.7,38.5,81.5,87.0,14,93,158.0,21.9768943786621,103.0,4.68674045683202,101.625,96.0,32,121.409088134765,120.0,44,142.113632202148,142.5,132,153.226409912109,157.0,212,155.111602783203,161.0,224,156.371170043945,161.0,326,155.751144409179,163.0,438,157.19612121582,162.0,464,158.452972412109,162.0,638,156.293197631835,161.0,706,41.1,0.75
34748457_R3515565_SWAN,34748457_R3515565_SWAN_0000.nii.gz,34748457_R3515565_SWAN.nii.gz,2,83,0.468799918889999,0.4688001871109,1.40002107620239,65.1325302124023,63,25.0502014160156,28.2,44.0,85.0,104.899999999999,25,113,199.0,13.3818588256835,136.0,10.1630126106977,142.555557250976,142.0,54,178.575759887695,179.0,66,187.636795043945,192.0,212,199.172271728515,200.0,238,202.20832824707,202.0,240,201.695449829101,201.0,440,203.645568847656,203.0,474,204.79637145996,204.0,496,204.134658813476,205.0,802,205.697036743164,206.0,812,37.3999999999999,0.25
34748457_R3515565_SWAN,34748457_R3515565_SWAN_0000.nii.gz,34748457_R3515565_SWAN.nii.gz,3,123,0.468799918889999,0.4688001871109,1.40002107620239,56.7073173522949,58,19.1526737213134,25.0,44.0,69.0,88.0,22,97,152.0,18.3668384552001,94.0,5.11791946280149,98.6764678955078,96.0,68,122.487503051757,124.0,80,141.620971679687,142.0,248,150.860137939453,152.0,286,155.511199951171,157.5,268,154.047805786132,154.0,502,157.114791870117,159.0,514,159.280212402343,162.0,546,156.365051269531,158.0,904,158.778930664062,161.0,864,37.1999999999999,0.75
34748457_R3515565_SWAN,34748457_R3515565_SWAN_0000.nii.gz,34748457_R3515565_SWAN.nii.gz,4,201,0.468799918889999,0.4688001871109,1.40002107620239,11.2636814117431,4,15.2052335739135,0.0,1.0,17.0,46.0,0,62,116.0,14.0062856674194,112.0,7.99640980195967,82.8095245361328,81.5,84,109.90625,111.0,96,116.063636779785,118.0,330,113.939758300781,116.0,332,111.723686218261,114.0,304,112.703582763671,115.0,614,111.967857360839,117.0,560,113.434715270996,118.0,628,113.157424926757,118.0,1010,114.848327636718,119.0,956,22.0999999999999,0.25
34748457_R3515565_SWAN,34748457_R3515565_SWAN_0000.nii.gz,34748457_R3515565_SWAN.nii.gz,5,83,0.468799918889999,0.4688001871109,1.40002107620239,101.409637451171,106,20.9307746887207,70.0,80.5,119.5,131.899999999999,69,137,197.0,15.6031122207641,91.0,5.83216980769387,154.037033081054,157.0,54,179.742431640625,181.0,66,192.50520324707,195.0,192,196.165435791015,199.0,272,193.904586791992,198.0,262,193.823944091796,197.0,426,194.521270751953,196.0,470,194.901123046875,195.0,536,195.926025390625,196.0,784,194.99136352539,195.0,810,27.9999999999999,0.25
34934130_R3493031_SWAN,34934130_R3493031_SWAN_0000.nii.gz,34934130_R3493031_SWAN.nii.gz,1,67,0.468802422285079,0.468801379203796,1.00001585483551,94.0895538330078,97,19.1465129852294,65.0,76.5,111.0,122.0,61,130,206.5,13.9243040084838,109.5,7.86394780904547,151.693542480468,149.5,62,184.048782348632,184.5,82,198.75,199.0,268,207.5390625,208.5,256,205.329666137695,207.0,364,207.695739746093,209.0,470,206.066467285156,206.0,692,205.677780151367,207.0,720,205.459869384765,207.0,972,203.846160888671,206.0,988,38.2999999999999,0.75
34934130_R3493031_SWAN,34934130_R3493031_SWAN_0000.nii.gz,34934130_R3493031_SWAN.nii.gz,2,85,0.468802422285079,0.468801379203796,1.00001585483551,89.2588272094726,86,20.5558948516845,63.0,74.0,100.0,133.399999999999,57,146,162.5,41.2148246765136,76.5,1.85612824027354,120.9107131958,116.0,56,139.897064208984,136.0,68,147.659866333007,145.0,294,156.987182617187,157.5,234,159.290863037109,163.0,416,165.064727783203,173.0,448,169.543472290039,181.0,736,175.10888671875,186.0,698,176.570190429687,188.0,1040,181.934326171875,192.0,944,26.7,0.75
34934130_R3493031_SWAN,34934130_R3493031_SWAN_0000.nii.gz,34934130_R3493031_SWAN.nii.gz,3,185,0.468802422285079,0.468801379203796,1.00001585483551,93.2918930053711,92,20.433443069458,64.0,75.0,108.0,127.0,62,140,197.0,18.6423149108886,105.0,5.6323477262296,151.222229003906,150.5,108,179.1328125,177.5,128,188.458541870117,190.5,410,195.815155029296,198.0,330,197.98518371582,201.0,540,196.283554077148,197.0,596,198.448806762695,200.0,918,198.895645141601,200.5,872,201.660720825195,203.0,1232,203.131484985351,204.0,1156,31.0999999999999,0.25
34934130_R3493031_SWAN,34934130_R3493031_SWAN_0000.nii.gz,34934130_R3493031_SWAN.nii.gz,4,17,0.468802422285079,0.468801379203796,1.00001585483551,103.058822631835,107,15.4480934143066,81.4,88.0,115.0,120.0,63,120,194.0,17.3094062805175,87.0,5.02616892746471,139.642852783203,138.0,28,169.300003051757,169.5,40,187.487182617187,187.0,156,193.217102050781,195.0,152,193.900756835937,195.0,262,193.607147216796,199.0,336,192.788757324218,199.0,516,188.312942504882,197.5,556,185.221786499023,197.0,762,179.94822692871,194.0,792,37.7,0.75
34934130_R3493031_SWAN,34934130_R3493031_SWAN_0000.nii.gz,34934130_R3493031_SWAN.nii.gz,5,59,0.468802422285079,0.468801379203796,1.00001585483551,106.440681457519,104,20.9262390136718,70.9,93.5,121.5,137.1,63,144,210.0,23.4946308135986,106.0,4.51166910606007,159.673919677734,154.0,46,189.0,187.0,58,205.476928710937,207.0,260,212.652374267578,214.0,210,209.026885986328,212.0,372,199.194030761718,209.0,402,193.859085083007,206.0,660,189.558975219726,204.0,585,190.261627197265,201.0,860,191.122955322265,201.0,732,39.9999999999999,0.75
34934130_R3518882_SWAN,34934130_R3518882_SWAN_0000.nii.gz,34934130_R3518882_SWAN.nii.gz,1,245,0.468799084424972,0.46879768371582,0.999993622303009,90.2204055786132,79,25.0491828918457,66.0,69.0,106.0,139.799999999999,65,155,229.0,29.9796409606933,150.0,5.00339547750644,178.0,181.0,100,204.633865356445,213.0,254,220.891311645507,228.0,368,222.82080078125,230.0,452,219.375946044921,229.0,532,216.558517456054,228.0,752,209.335510253906,221.5,918,206.083175659179,218.0,1022,202.966979980468,214.0,1272,201.515380859375,213.0,1300,32.4,0.25
34934130_R3518882_SWAN,34934130_R3518882_SWAN_0000.nii.gz,34934130_R3518882_SWAN.nii.gz,2,131,0.468799084424972,0.46879768371582,0.999993622303009,90.1679382324218,88,26.1052341461181,47.0,71.0,112.0,130.0,41,142,221.0,20.5927982330322,133.0,6.45856859737784,156.882354736328,156.5,68,195.644729614257,195.0,152,217.042861938476,217.0,280,223.14582824707,223.0,336,221.703887939453,224.0,412,217.553634643554,221.0,578,214.647064208984,220.0,782,213.024810791015,222.0,806,209.185226440429,221.5,1096,210.716445922851,221.0,1058,44.3,0.25
34934130_R3518882_SWAN,34934130_R3518882_SWAN_0000.nii.gz,34934130_R3518882_SWAN.nii.gz,3,357,0.468799084424972,0.46879768371582,0.999993622303009,56.3305320739746,54,30.6055126190185,14.0,27.0,82.0,109.199999999999,10,117,204.0,28.8551483154296,150.0,5.19837910241447,131.159729003906,130.5,144,163.648147583007,166.0,270,188.993927001953,192.0,494,202.907119750976,207.0,506,204.036865234375,208.0,624,204.177856445312,207.0,804,197.475006103515,202.0,1040,190.693756103515,198.0,1120,187.435089111328,196.0,1402,181.74087524414,192.0,1424,51.0999999999999,0.25
34934130_R3518882_SWAN,34934130_R3518882_SWAN_0000.nii.gz,34934130_R3518882_SWAN.nii.gz,4,65,0.468799084424972,0.46879768371582,0.999993622303009,90.8307723999023,91,23.0988311767578,53.0,75.0,107.0,128.6,49,133,210.0,11.3903827667236,119.0,10.4474101035174,154.160003662109,155.5,50,194.02082824707,195.5,96,206.214904785156,206.0,228,210.132232666015,210.0,242,209.991424560546,210.0,350,209.835556030273,211.5,450,210.316116333007,212.0,658,210.297103881835,213.0,690,209.193862915039,212.0,944,206.9375,211.0,944,34.8,0.25
34934130_R3518882_SWAN,34934130_R3518882_SWAN_0000.nii.gz,34934130_R3518882_SWAN.nii.gz,5,97,0.468799084424972,0.46879768371582,0.999993622303009,39.1340217590332,36,28.8621425628662,1.0,14.0,66.0,87.5999999999999,0,101,170.0,38.1018981933593,134.0,3.516885151495,121.46875,126.0,64,155.923080444335,159.0,130,154.977783203125,166.0,270,158.278167724609,170.5,284,155.507354736328,172.0,408,160.626922607421,173.0,520,157.832641601562,172.0,717,162.364105224609,176.0,780,158.677444458007,172.0,1020,160.52294921875,173.0,1046,28.0999999999999,0.25
350438_R3513234_SWAN,350438_R3513234_SWAN_0000.nii.gz,350438_R3513234_SWAN.nii.gz,1,17,0.468800127506256,0.468799889087677,0.999883949756622,54.235294342041,59,17.6386241912841,30.4,39.0,70.0,75.6,16,78,154.0,9.83234310150146,95.0,9.66198992643908,99.2857131958007,98.5,14,112.403846740722,111.0,52,138.962127685546,140.0,132,152.201293945312,152.0,154,156.31199645996,156.0,250,156.94480895996,157.0,308,156.895675659179,157.0,508,155.153991699218,156.0,526,154.897399902343,156.0,770,153.62466430664,155.0,754,37.8999999999999,0.75
350438_R3513234_SWAN,350438_R3513234_SWAN_0000.nii.gz,350438_R3513234_SWAN.nii.gz,2,157,0.468800127506256,0.468799889087677,0.999883949756622,13.5859870910644,6,16.9205894470214,1.0,2.0,18.0,52.3999999999999,0,72,129.0,32.8351364135742,123.0,3.74598717820922,74.2631607055664,76.5,76,103.906593322753,109.5,182,108.806663513183,126.0,300,115.948860168457,129.5,352,115.414794921875,130.5,446,114.647354125976,130.0,604,108.64720916748,129.0,788,106.207809448242,126.0,871,102.333938598632,123.0,1108,102.889183044433,121.0,1146,35.0999999999999,0.25
350438_R3513234_SWAN,350438_R3513234_SWAN_0000.nii.gz,350438_R3513234_SWAN.nii.gz,3,45,0.468800127506256,0.468799889087677,0.999883949756622,2.42222213745117,1,3.50548100471496,0.0,0.0,4.0,8.79999999999999,0,16,47.0,31.3072547912597,46.0,1.46930800246472,16.8857135772705,15.0,35,26.3246746063232,21.0,77,41.5440406799316,39.0,193,51.5687217712402,47.0,211,54.2924537658691,47.0,318,59.6545028686523,56.0,411,56.8280982971191,54.0,605,58.5585441589355,59.0,632,57.6515159606933,57.0,858,59.3170738220214,61.0,861,22.8,1.25
350438_R3513234_SWAN,350438_R3513234_SWAN_0000.nii.gz,350438_R3513234_SWAN.nii.gz,4,185,0.468800127506256,0.468799889087677,0.999883949756622,48.5243225097656,37,19.6562538146972,30.0,33.0,64.0,89.9999999999999,29,106,167.0,13.1526594161987,130.0,9.88393266230955,130.156860351562,130.0,102,160.365859985351,163.0,164,165.036834716796,166.0,380,165.267959594726,166.0,362,167.0625,168.5,496,167.474517822265,168.0,628,168.391448974609,168.5,866,167.996673583984,167.0,902,167.75552368164,168.0,1178,166.40151977539,168.0,1188,22.1999999999999,0.25
350438_R3513234_SWAN,350438_R3513234_SWAN_0000.nii.gz,350438_R3513234_SWAN.nii.gz,5,49,0.468800127506256,0.468799889087677,0.999883949756622,4.7755103111267,4,3.88752722740173,0.0,2.0,7.0,13.5999999999999,0,15,48.0,37.0149307250976,44.0,1.18870950554464,14.2941179275512,10.5,34,28.6326522827148,21.0,49,28.7166671752929,25.5,120,39.3902435302734,32.5,164,55.7695045471191,54.5,282,65.5172424316406,64.0,377,81.1800689697265,83.5,572,84.6736984252929,86.0,616,92.0644760131836,98.0,853,91.8390426635742,98.5,876,14.1,1.75
35113039_R3519684_SWAN,35113039_R3519684_SWAN_0000.nii.gz,35113039_R3519684_SWAN.nii.gz,1,151,0.468800127506256,0.468800127506256,1.00001764297485,90.7947006225586,85,20.226634979248,65.5,73.5,106.5,128.5,64,137,197.0,21.5122451782226,112.0,5.20633709183364,148.951217651367,148.0,82,172.931365966796,175.0,102,187.081146240234,190.0,382,195.651321411132,198.5,304,195.25991821289,199.0,504,193.563156127929,200.0,570,191.31265258789,201.0,822,191.037216186523,200.0,860,191.124099731445,198.0,1104,191.81982421875,198.0,1160,33.3,0.25
35113039_R3519684_SWAN,35113039_R3519684_SWAN_0000.nii.gz,35113039_R3519684_SWAN.nii.gz,2,167,0.468800127506256,0.468800127506256,1.00001764297485,26.6826343536376,26,12.6268844604492,7.3,16.0,38.0,46.0,5,52,88.0,25.6612663269042,62.0,2.41609276838363,59.6578941345214,59.0,76,74.4318161010742,73.0,88,84.1523818969726,83.0,420,94.9250030517578,89.0,280,99.60791015625,89.0,556,106.023345947265,92.0,514,109.458877563476,94.0,924,113.429847717285,94.0,784,116.582275390625,105.0,1264,118.464080810546,105.5,1058,19.9999999999999,0.25
35113039_R3519684_SWAN,35113039_R3519684_SWAN_0000.nii.gz,35113039_R3519684_SWAN.nii.gz,3,113,0.468800127506256,0.468800127506256,1.00001764297485,94.3805313110351,87,22.1288738250732,67.6,75.0,112.0,132.599999999999,66,153,199.0,39.5364036560058,112.0,2.83283226705387,162.887100219726,161.0,62,186.891891479492,193.5,74,184.365493774414,195.0,342,191.743896484375,204.5,246,187.794494628906,202.0,472,189.201721191406,199.0,466,188.907318115234,197.0,820,185.504165649414,196.0,720,188.243362426757,200.0,1130,177.074188232421,193.0,984,26.3999999999999,0.25
35113039_R3519684_SWAN,35113039_R3519684_SWAN_0000.nii.gz,35113039_R3519684_SWAN.nii.gz,4,31,0.468800127506256,0.468800127506256,1.00001764297485,39.1290321350097,45,19.4202117919921,8.0,17.0,55.0,62.5,2,63,123.0,10.4155387878417,78.0,7.4888108612346,86.0625,89.5,32,106.590911865234,108.0,44,117.866333007812,118.0,202,121.782608032226,122.0,184,123.460990905761,124.0,282,125.75,127.0,372,126.553871154785,128.0,594,125.953330993652,130.5,600,125.39273071289,131.0,825,124.564163208007,130.0,826,21.4999999999999,0.25
35113039_R3519684_SWAN,35113039_R3519684_SWAN_0000.nii.gz,35113039_R3519684_SWAN.nii.gz,5,201,0.468800127506256,0.468800127506256,1.00001764297485,84.0348281860351,75,21.3355979919433,60.0,63.0,106.0,120.0,60,126,189.0,6.80622482299804,114.0,16.7493732523787,151.240737915039,148.0,108,177.03125,178.0,128,187.649993896484,188.0,460,189.330505371093,190.0,354,188.012069702148,188.0,580,188.19009399414,189.0,626,186.602722167968,187.0,954,185.926528930664,187.0,912,184.9296875,186.0,1280,184.770767211914,186.0,1204,27.2,0.25
35965403_R3509847_SWAN,35965403_R3509847_SWAN_0000.nii.gz,35965403_R3509847_SWAN.nii.gz,1,101,0.468799978494644,0.468799799680709,1.00000309944152,43.8910903930664,43,21.7154865264892,5.0,30.0,61.0,75.0,2,80,148.0,11.828254699707,105.0,8.87704929135493,98.9354858398437,98.0,62,127.364868164062,128.5,74,144.161392211914,144.0,316,149.033050537109,149.0,242,149.671875,150.0,448,147.631469726562,149.0,464,148.960159301757,149.0,778,148.476196289062,148.5,714,149.22509765625,151.0,1084,147.210739135742,149.0,968,33.7,0.25
35965403_R3509847_SWAN,35965403_R3509847_SWAN_0000.nii.gz,35965403_R3509847_SWAN.nii.gz,2,99,0.468799978494644,0.468799799680709,1.00000309944152,41.1717185974121,38,18.0510158538818,15.8,25.0,58.0,70.0,12,72,133.0,10.9085350036621,95.0,8.70877711517701,94.3499984741211,94.0,60,119.027778625488,119.0,72,123.29874420166,127.0,318,135.256408691406,134.0,234,133.904022216796,133.0,448,137.136566162109,136.0,454,135.223220825195,136.0,784,133.784317016601,135.0,714,133.81851196289,136.0,1080,131.962051391601,136.0,975,25.5999999999999,0.25
35965403_R3509847_SWAN,35965403_R3509847_SWAN_0000.nii.gz,35965403_R3509847_SWAN.nii.gz,3,237,0.468799978494644,0.468799799680709,1.00000309944152,24.23628616333,20,21.0391216278076,1.0,5.0,40.0,62.1999999999999,1,74,126.0,22.5558776855468,106.0,4.69944027351778,93.8474578857421,92.0,118,122.231887817382,119.5,138,129.59471130371,124.0,454,134.40168762207,127.0,356,131.058303833007,126.0,566,135.350158691406,129.0,654,133.611923217773,129.0,956,136.180618286132,131.0,908,135.95686340332,132.0,1298,137.548217773437,136.0,1182,21.8999999999999,0.25
35965403_R3509847_SWAN,35965403_R3509847_SWAN_0000.nii.gz,35965403_R3509847_SWAN.nii.gz,4,47,0.468799978494644,0.468799799680709,1.00000309944152,34.5744667053222,35,10.1242179870605,19.3,25.5,42.5,48.6999999999999,13,52,77.0,22.8629570007324,42.0,1.83703271622539,63.5909080505371,66.0,44,77.2678604125976,78.0,56,76.3648681640625,78.0,222,74.9000015258789,79.0,190,71.634780883789,76.0,345,67.1556701660156,75.0,379,66.4429931640625,77.0,614,62.8266677856445,74.0,600,63.1539344787597,73.0,890,57.9318466186523,69.0,851,7.79999999999999,0.25
35965403_R3509847_SWAN,35965403_R3509847_SWAN_0000.nii.gz,35965403_R3509847_SWAN.nii.gz,5,43,0.468799978494644,0.468799799680709,1.00000309944152,72.8604660034179,78,24.6383914947509,30.4,54.0,92.5,106.699999999999,23,110,186.5,19.0506935119628,108.5,5.69533072021065,135.357147216796,134.0,42,169.611114501953,170.0,54,183.970840454101,185.0,240,186.78125,188.5,192,185.628494262695,187.0,358,185.659896850585,187.0,394,182.46875,182.0,640,185.084869384765,184.0,648,183.913375854492,184.0,912,190.776428222656,190.0,908,35.7,0.25
36193158_R3519198_SWAN,36193158_R3519198_SWAN_0000.nii.gz,36193158_R3519198_SWAN.nii.gz,1,33,0.468800097703933,0.468801110982894,1.00000464916229,85.6969680786132,91,28.8973979949951,36.6,56.0,112.0,120.0,23,121,208.0,35.6279182434082,117.0,3.2839415202612,151.638885498046,150.5,36,182.916671752929,180.5,48,197.515304565429,199.0,196,198.511108398437,203.5,180,201.922821044921,212.0,298,200.43650817871,210.0,378,202.82876586914,212.0,584,203.458740234375,212.0,606,203.756561279296,212.0,838,205.412887573242,214.0,838,35.5,0.25
36193158_R3519198_SWAN,36193158_R3519198_SWAN_0000.nii.gz,36193158_R3519198_SWAN.nii.gz,2,93,0.468800097703933,0.468801110982894,1.00000464916229,92.6774215698242,92,23.4860572814941,63.6,71.0,113.0,125.399999999999,62,153,240.0,11.9735193252563,148.0,12.3606097739213,180.266662597656,179.5,60,222.83332824707,222.5,72,230.929046630859,236.0,296,239.899993896484,240.0,220,241.577102661132,242.0,428,240.23159790039,241.0,462,237.882431030273,239.0,740,232.924285888671,237.0,700,232.832687377929,238.0,1040,229.514709472656,236.0,952,39.0,0.25
36193158_R3519198_SWAN,36193158_R3519198_SWAN_0000.nii.gz,36193158_R3519198_SWAN.nii.gz,3,143,0.468800097703933,0.468801110982894,1.00000464916229,72.8601379394531,68,22.446081161499,44.1,53.0,90.5,112.8,43,129,203.0,18.9155826568603,135.0,7.13697285719284,142.783782958984,144.0,74,178.488372802734,180.5,86,191.002624511718,193.0,380,196.649993896484,201.0,260,202.656494140625,206.0,524,201.381042480468,205.0,496,206.243087768554,208.0,868,202.302871704101,205.0,766,205.139495849609,208.0,1190,201.847198486328,205.0,1034,36.6999999999999,0.25
36193158_R3519198_SWAN,36193158_R3519198_SWAN_0000.nii.gz,36193158_R3519198_SWAN.nii.gz,4,299,0.468800097703933,0.468801110982894,1.00000464916229,77.3612060546875,65,28.3543624877929,49.0,51.0,100.5,131.099999999999,49,147,239.0,14.4470386505126,174.0,12.0439907588829,181.5546875,182.0,128,223.135131835937,224.0,148,235.011276245117,238.0,532,239.301025390625,240.0,392,233.634490966796,239.0,632,237.130050659179,239.0,692,233.157745361328,237.0,1046,232.645355224609,236.0,970,231.647903442382,236.0,1386,230.584518432617,235.0,1266,37.6,0.25
36193158_R3519198_SWAN,36193158_R3519198_SWAN_0000.nii.gz,36193158_R3519198_SWAN.nii.gz,5,51,0.468800097703933,0.468801110982894,1.00000464916229,78.2352905273437,78,15.3528289794921,53.5,71.0,88.5,103.5,45,107,179.0,43.179328918457,101.0,2.33908220738529,110.681816101074,112.0,44,134.982147216796,138.0,56,161.231704711914,163.0,246,169.095001220703,179.5,200,172.527938842773,186.0,358,167.823669433593,184.5,414,163.331787109375,182.5,648,164.695053100585,183.0,646,158.103454589843,181.0,928,160.59797668457,180.0,888,45.4999999999999,0.75
36232323_R3529660_SWAN,36232323_R3529660_SWAN_0000.nii.gz,36232323_R3529660_SWAN.nii.gz,1,205,0.468799859285354,0.4688001871109,1.39998412132263,35.7268295288085,29,21.2752799987792,11.0,16.0,54.0,71.0,11,82,145.0,27.1479396820068,116.0,4.27288410681429,102.037734985351,102.0,106,134.730163574218,139.0,126,143.903976440429,148.0,302,143.63948059082,149.0,380,139.813888549804,145.0,360,129.750915527343,138.0,550,125.973182678222,137.0,634,123.958686828613,132.0,702,119.097938537597,126.0,970,120.553680419921,126.0,1006,29.9999999999999,0.25
36232323_R3529660_SWAN,36232323_R3529660_SWAN_0000.nii.gz,36232323_R3529660_SWAN.nii.gz,2,31,0.468799859285354,0.4688001871109,1.39998412132263,28.9354839324951,24,17.6725311279296,8.5,14.0,39.5,62.0,7,68,111.0,22.3638000488281,87.0,3.89021542895429,60.5,59.0,28,77.4499969482421,77.5,40,90.4769210815429,95.0,130,102.930000305175,108.0,200,107.745452880859,114.5,220,110.898086547851,115.0,314,112.4575881958,117.0,448,112.620536804199,117.0,448,114.466239929199,120.0,622,115.720932006835,121.0,688,32.9,0.75
36232323_R3529660_SWAN,36232323_R3529660_SWAN_0000.nii.gz,36232323_R3529660_SWAN.nii.gz,3,173,0.468799859285354,0.4688001871109,1.39998412132263,34.560691833496,26,28.1505680084228,1.59999999999999,8.0,60.0,81.4,0,93,178.0,13.4950914382934,152.0,11.2633545830365,115.367347717285,115.0,98,153.084747314453,156.0,118,170.216217041015,173.0,296,176.066299438476,179.0,362,176.603927612304,179.0,356,176.658081054687,178.5,544,176.715866088867,179.0,630,176.381576538085,178.0,684,173.987533569335,176.0,962,173.956085205078,176.0,1002,41.8,0.25
36232323_R3529660_SWAN,36232323_R3529660_SWAN_0000.nii.gz,36232323_R3529660_SWAN.nii.gz,4,157,0.468799859285354,0.4688001871109,1.39998412132263,10.828025817871,8,8.77981090545654,1.0,3.0,17.0,27.0,1,41,64.0,40.1168136596679,56.0,1.39592342689719,43.5526313781738,41.5,76,62.0454559326171,56.5,88,70.7352905273437,62.0,306,78.4099349975586,64.0,322,83.5965499877929,64.0,290,89.0437088012695,67.0,572,92.217544555664,68.0,570,93.6839447021484,67.0,598,98.2136840820312,69.0,950,101.093681335449,74.0,918,14.6,0.25
36232323_R3529660_SWAN,36232323_R3529660_SWAN_0000.nii.gz,36232323_R3529660_SWAN.nii.gz,5,37,0.468799859285354,0.4688001871109,1.39998412132263,92.0,87,21.4564304351806,69.0,73.0,104.0,135.999999999999,68,142,235.0,33.5314788818359,148.0,4.41376297542819,173.636367797851,172.5,22,212.538467407226,219.5,26,207.783126831054,209.0,166,226.477783203125,234.5,180,223.66455078125,240.0,158,230.651046752929,242.0,384,228.904251098632,249.0,376,223.306121826171,248.0,392,230.841659545898,255.0,701,228.385940551757,252.0,640,35.0999999999999,0.25
36237472_R3521533_SWAN,36237472_R3521533_SWAN_0000.nii.gz,36237472_R3521533_SWAN.nii.gz,1,299,0.468800038099288,0.468799918889999,1.00001788139343,45.7458190917968,36,21.5287532806396,25.0,26.0,61.0,87.0,25,102,167.0,10.8529243469238,131.0,12.0704794221781,125.835823059082,125.0,134,155.116882324218,157.0,154,163.15232849121,164.0,558,167.454772949218,168.0,398,166.941177368164,168.0,680,168.871154785156,170.0,714,167.17771911621,168.0,1086,167.310623168945,168.0,998,165.542724609375,166.0,1428,165.683074951171,167.5,1300,27.1999999999999,0.25
36237472_R3521533_SWAN,36237472_R3521533_SWAN_0000.nii.gz,36237472_R3521533_SWAN.nii.gz,2,79,0.468800038099288,0.468799918889999,1.00001788139343,40.5443038940429,37,20.9029083251953,15.0,23.0,55.5,81.1,14,88,154.0,16.1411666870117,117.0,7.24854666758048,116.222221374511,119.0,54,149.863632202148,149.0,66,156.047943115234,156.5,292,155.770645141601,155.0,218,151.485290527343,152.0,408,147.872726440429,152.0,440,143.981994628906,149.0,722,144.822677612304,149.0,688,142.368835449218,145.0,1014,143.323471069335,144.0,946,23.0999999999999,0.25
36237472_R3521533_SWAN,36237472_R3521533_SWAN_0000.nii.gz,36237472_R3521533_SWAN.nii.gz,3,265,0.468800038099288,0.468799918889999,1.00001788139343,59.2641525268554,48,20.8458404541015,42.0,44.0,68.0,102.0,40,127,182.0,24.0208740234375,134.0,5.57848144364998,148.104843139648,148.5,124,165.965270996093,169.0,144,174.834045410156,177.0,464,174.636611938476,177.0,366,183.918334960937,183.5,600,184.968948364257,186.0,644,189.20262145996,190.0,992,188.358245849609,189.0,910,189.785186767578,190.0,1336,186.14094543457,187.0,1192,18.6999999999999,0.25
36237472_R3521533_SWAN,36237472_R3521533_SWAN_0000.nii.gz,36237472_R3521533_SWAN.nii.gz,4,103,0.468800038099288,0.468799918889999,1.00001788139343,27.5533981323242,24,13.6351413726806,10.1,17.0,35.0,55.6999999999999,9,63,109.0,38.859146118164,85.0,2.18738723031971,66.8636398315429,63.5,66,85.0,86.5,78,100.051139831542,104.0,352,102.520324707031,110.5,246,109.038619995117,110.0,492,108.92552947998,110.5,470,112.575942993164,119.0,823,113.404861450195,114.0,741,115.129859924316,120.0,1132,113.939155578613,115.0,1019,31.7,0.75
36237472_R3521533_SWAN,36237472_R3521533_SWAN_0000.nii.gz,36237472_R3521533_SWAN.nii.gz,5,191,0.468800038099288,0.468799918889999,1.00001788139343,41.0628280639648,40,22.6874103546142,9.5,20.0,60.0,76.0,6,88,148.0,18.4339199066162,108.0,5.85876474168889,99.6071395874023,101.0,112,129.878784179687,131.5,132,143.123321533203,144.0,446,148.073532104492,149.0,340,147.237854003906,150.0,576,145.754013061523,148.0,622,139.979934692382,146.0,947,139.779510498046,144.0,898,136.344467163085,145.0,1228,133.244857788085,142.0,1168,31.2999999999999,0.25
469042_R3509421_SWAN,469042_R3509421_SWAN_0000.nii.gz,469042_R3509421_SWAN.nii.gz,1,67,0.429699897766113,0.429700136184692,0.99993896484375,72.5970153808593,72,19.0334033966064,40.9,59.0,87.5,101.1,31,118,174.0,16.1158752441406,102.0,6.32916291884829,115.699996948242,113.5,50,149.154922485351,148.5,142,168.005004882812,168.0,200,174.297378540039,174.0,306,174.930877685546,176.0,434,172.630996704101,174.0,542,171.993133544921,174.0,728,169.164672851562,171.0,838,167.724868774414,170.0,1094,165.814620971679,169.0,1176,40.1999999999999,0.75
469042_R3509421_SWAN,469042_R3509421_SWAN_0000.nii.gz,469042_R3509421_SWAN.nii.gz,2,55,0.429699897766113,0.429700136184692,0.99993896484375,30.3272724151611,29,12.8276042938232,11.0,19.0,40.5,49.8999999999999,9,58,112.0,16.3509101867675,83.0,5.07617001450904,78.9347839355468,80.0,46,99.1031723022461,99.0,126,110.889533996582,110.0,172,113.606895446777,113.0,290,111.747573852539,111.0,412,111.265998840332,112.0,500,109.170089721679,111.0,682,106.624389648437,110.0,820,108.498558044433,111.0,1041,109.699279785156,114.0,1114,22.0,0.25
469042_R3509421_SWAN,469042_R3509421_SWAN_0000.nii.gz,469042_R3509421_SWAN.nii.gz,3,151,0.429699897766113,0.429700136184692,0.99993896484375,18.9867553710937,7,20.5026206970214,0.0,2.0,32.0,61.0,0,69,157.0,18.0480804443359,150.0,8.31113316801925,111.013160705566,110.5,76,139.321105957031,146.0,218,152.45832824707,154.0,240,156.518783569335,157.0,426,156.369140625,157.0,512,157.036254882812,158.0,662,158.376815795898,159.0,828,158.520462036132,159.0,1026,157.974502563476,159.0,1216,157.994644165039,158.0,1306,29.5,0.25
469042_R3509421_SWAN,469042_R3509421_SWAN_0000.nii.gz,469042_R3509421_SWAN.nii.gz,4,97,0.429699897766113,0.429700136184692,0.99993896484375,42.1340217590332,44,15.0501766204833,14.8,31.0,54.0,62.1999999999999,9,76,129.0,19.6908817291259,85.0,4.31671883307649,76.2586212158203,74.5,58,101.03125,99.0,160,120.445945739746,120.0,222,128.284484863281,129.0,348,130.663833618164,131.0,470,130.821792602539,132.0,578,130.336456298828,134.0,746,130.195388793945,134.0,911,129.950485229492,135.0,1131,134.026748657226,137.0,1234,36.9,0.75
469042_R3509421_SWAN,469042_R3509421_SWAN_0000.nii.gz,469042_R3509421_SWAN.nii.gz,5,71,0.429699897766113,0.429700136184692,0.99993896484375,84.2816925048828,81,19.774206161499,51.5,72.0,102.5,112.5,45,125,185.0,13.3219919204711,104.0,7.80664037486682,136.25,135.0,52,167.527404785156,166.0,146,181.288040161132,181.0,184,184.130722045898,184.0,306,185.870285034179,186.5,424,186.636535644531,187.0,542,187.884292602539,187.0,700,190.375289916992,190.0,842,191.100006103515,191.0,1080,191.622146606445,191.0,1138,32.4,0.25
473221_R3507286_SWAN,473221_R3507286_SWAN_0000.nii.gz,473221_R3507286_SWAN.nii.gz,1,163,0.468800127506256,0.468799859285354,1.39999794960021,29.0797538757324,22,20.4435405731201,7.0,11.5,45.5,67.0,6,80,134.0,24.5202369689941,112.0,4.56765569360622,84.1145858764648,86.5,96,108.02586364746,114.0,116,121.023490905761,129.5,298,124.994384765625,133.0,356,124.676795959472,133.0,362,128.582138061523,137.0,560,128.855102539062,136.0,628,127.6919631958,136.0,672,128.135879516601,137.0,942,126.584648132324,136.0,1016,31.0,0.25
473221_R3507286_SWAN,473221_R3507286_SWAN_0000.nii.gz,473221_R3507286_SWAN.nii.gz,2,97,0.468800127506256,0.468799859285354,1.39999794960021,13.4123706817626,13,6.93527173995971,2.0,8.0,19.0,23.1999999999999,1,29,52.0,13.8554172515869,39.0,2.81478350971589,32.4333343505859,32.0,60,43.3611106872558,42.5,72,49.3260879516601,49.0,230,52.800724029541,52.0,276,56.1317825317382,52.5,258,57.2056274414062,53.0,462,61.4941177368164,55.0,510,65.6282043457031,56.0,546,69.6960754394531,58.0,816,73.4652252197265,61.0,834,13.3,0.75
473221_R3507286_SWAN,473221_R3507286_SWAN_0000.nii.gz,473221_R3507286_SWAN.nii.gz,3,109,0.468800127506256,0.468799859285354,1.39999794960021,34.2293586730957,33,21.3023815155029,6.0,15.0,52.0,71.1999999999999,5,75,151.0,21.7849216461181,118.0,5.41659051691041,96.515625,100.0,64,126.276313781738,130.0,76,139.380737304687,144.0,218,145.090270996093,151.0,288,147.173919677734,151.0,276,148.895751953125,154.0,470,151.656509399414,154.0,492,152.479019165039,154.5,572,151.751815795898,154.5,826,153.865936279296,155.0,828,33.4,0.25
473221_R3507286_SWAN,473221_R3507286_SWAN_0000.nii.gz,473221_R3507286_SWAN.nii.gz,4,29,0.468800127506256,0.468799859285354,1.39999794960021,46.1034469604492,47,23.1506977081298,16.0,20.0,69.0,78.6,13,80,171.0,46.2435684204101,124.0,2.68145396723474,116.59375,114.0,32,155.863632202148,153.5,44,174.70832824707,170.0,120,171.005432128906,170.5,184,164.663360595703,171.0,202,164.623413085937,172.0,316,161.613159179687,171.0,380,163.899063110351,172.5,426,165.385848999023,180.0,622,162.375717163085,175.0,692,37.2,0.25
473221_R3507286_SWAN,473221_R3507286_SWAN_0000.nii.gz,473221_R3507286_SWAN.nii.gz,5,103,0.468800127506256,0.468799859285354,1.39999794960021,68.7961196899414,68,23.2246761322021,33.0,51.5,88.0,104.799999999999,32,114,176.0,12.7296295166015,108.0,8.4841432234261,132.416671752929,130.0,60,163.0,162.0,72,174.205352783203,175.0,224,176.972869873046,178.0,258,177.071426391601,178.0,252,173.079055786132,173.0,468,172.683334350585,175.0,480,172.747177124023,175.0,530,170.039764404296,170.5,830,173.201187133789,173.0,840,31.4,0.25
505251_R3527768_SWAN,505251_R3527768_SWAN_0000.nii.gz,505251_R3527768_SWAN.nii.gz,1,463,0.429699927568435,0.429700016975402,1.00000011920928,41.2030220031738,31,20.4596691131591,23.0,24.0,58.0,82.0,22,94,152.0,15.1476993560791,121.0,7.98801172083205,111.988235473632,111.5,170,142.059020996093,143.5,288,151.288925170898,152.0,668,153.160003662109,153.0,600,150.651947021484,151.0,974,150.898773193359,152.0,978,147.410095214843,149.0,1368,146.00422668457,149.0,1422,143.164810180664,147.0,1796,141.744918823242,147.0,1772,26.5999999999999,0.25
505251_R3527768_SWAN,505251_R3527768_SWAN_0000.nii.gz,505251_R3527768_SWAN.nii.gz,2,155,0.429699927568435,0.429700016975402,1.00000011920928,35.7032241821289,29,15.0286483764648,22.0,24.0,44.0,67.0,22,84,138.0,12.3793516159057,109.0,8.80498457285517,107.378379821777,106.5,74,133.375,133.0,136,136.396453857421,137.0,338,136.332321166992,137.0,328,136.58332824707,138.0,636,137.138595581054,138.0,570,137.549896240234,138.0,942,137.706268310546,138.0,926,138.984466552734,139.0,1352,137.165084838867,138.0,1260,19.1,0.25
505251_R3527768_SWAN,505251_R3527768_SWAN_0000.nii.gz,505251_R3527768_SWAN.nii.gz,3,113,0.429699927568435,0.429700016975402,1.00000011920928,31.7610626220703,31,15.1349534988403,8.0,19.0,43.0,57.3999999999999,6,60,117.0,13.5836715698242,86.0,6.33113069304817,73.136360168457,72.0,66,102.416664123535,102.0,120,109.099311828613,111.0,292,116.588653564453,118.0,282,115.525093078613,117.0,558,118.612167358398,120.0,526,115.181510925292,117.0,898,117.286560058593,120.0,848,114.4487991333,115.0,1250,114.668365478515,116.0,1176,29.4,0.75
505251_R3527768_SWAN,505251_R3527768_SWAN_0000.nii.gz,505251_R3527768_SWAN.nii.gz,4,77,0.429699927568435,0.429700016975402,1.00000011920928,40.7662353515625,37,21.7845973968505,12.0,23.0,55.0,74.6,7,125,138.0,34.8426628112793,101.0,2.8987451546701,86.8970565795898,80.5,68,122.315788269042,111.0,152,134.02586364746,128.0,232,145.616561889648,140.0,326,142.843490600585,140.0,492,141.67820739746,138.0,578,139.789596557617,138.0,808,135.937637329101,137.0,898,137.66162109375,138.0,1188,135.700485229492,137.0,1232,39.1,0.75
505251_R3527768_SWAN,505251_R3527768_SWAN_0000.nii.gz,505251_R3527768_SWAN.nii.gz,5,125,0.429699927568435,0.429700016975402,1.00000011920928,86.120002746582,85,15.0128479003906,65.0,74.0,99.0,110.399999999999,61,126,162.0,16.3382511138916,77.0,4.71286672381542,128.691177368164,126.0,68,152.016128540039,152.0,124,150.824081420898,153.0,324,162.825942993164,163.0,316,163.498275756835,164.0,580,164.63427734375,163.0,566,165.514343261718,165.0,906,163.298019409179,163.0,906,161.557037353515,161.0,1280,161.026748657226,161.0,1234,22.4,0.25
596444_R3520152_SWAN,596444_R3520152_SWAN_0000.nii.gz,596444_R3520152_SWAN.nii.gz,1,39,0.507801532745361,0.507798492908477,1.00000894069671,104.025642395019,105,27.9931201934814,69.0,77.5,127.5,147.1,68,148,222.0,24.3337383270263,117.0,4.80813915345072,,,0,184.25,183.5,56,212.485977172851,218.0,214,216.384216308593,221.0,190,215.949401855468,223.0,336,214.456985473632,225.0,372,214.63671875,225.0,512,214.397796630859,226.0,636,215.839050292968,228.0,758,217.31851196289,228.0,832,37.5,0.75
596444_R3520152_SWAN,596444_R3520152_SWAN_0000.nii.gz,596444_R3520152_SWAN.nii.gz,2,91,0.507801532745361,0.507798492908477,1.00000894069671,103.164833068847,99,23.0003662109375,70.0,86.0,124.0,142.0,69,147,223.0,15.7094955444335,124.0,7.89331520221458,,,0,181.795455932617,183.5,88,221.10984802246,221.0,264,223.682235717773,225.0,214,222.819641113281,224.0,438,217.74462890625,221.0,372,214.312103271484,219.0,628,210.380004882812,217.0,650,210.232818603515,218.0,902,209.067718505859,219.0,886,41.5,0.75
596444_R3520152_SWAN,596444_R3520152_SWAN_0000.nii.gz,596444_R3520152_SWAN.nii.gz,3,201,0.507801532745361,0.507798492908477,1.00000894069671,73.9850769042968,67,28.2505626678466,42.0,48.0,98.0,121.0,41,143,236.0,21.0161190032959,169.0,8.04144666165509,,,0,178.25,176.0,152,225.55076599121,229.0,394,234.932250976562,241.0,310,232.881896972656,239.0,508,228.955032348632,235.0,556,225.434661865234,232.0,704,219.39109802246,228.5,854,217.614868164062,228.0,1036,211.712493896484,226.0,1040,65.0,0.75
596444_R3520152_SWAN,596444_R3520152_SWAN_0000.nii.gz,596444_R3520152_SWAN.nii.gz,4,139,0.507801532745361,0.507798492908477,1.00000894069671,93.3884887695312,85,22.5932140350341,71.9,74.0,107.0,140.2,71,149,223.5,17.2350482940673,138.5,8.03595079264583,,,0,196.817306518554,199.0,104,223.526473999023,225.0,340,220.896820068359,225.0,252,220.231369018554,223.0,510,217.371490478515,222.0,428,218.004241943359,222.0,706,214.498611450195,221.0,720,216.850784301757,222.0,1012,213.448867797851,218.0,978,26.0,0.75
596444_R3520152_SWAN,596444_R3520152_SWAN_0000.nii.gz,596444_R3520152_SWAN.nii.gz,5,117,0.507801532745361,0.507798492908477,1.00000894069671,106.119659423828,106,18.8254089355468,78.8,90.0,120.0,139.2,76,154,182.5,41.4436378479003,76.5,1.84588042875863,,,0,157.03125,152.0,96,176.931823730468,180.5,308,168.899124145507,173.0,228,177.508438110351,185.0,474,180.36181640625,188.0,398,173.855224609375,189.0,670,179.489608764648,192.0,674,172.64794921875,193.0,926,178.974075317382,195.0,926,21.0,0.75
692181_R3522984_SWAN,692181_R3522984_SWAN_0000.nii.gz,692181_R3522984_SWAN.nii.gz,1,275,0.312500119209289,0.312500119209289,0.799988567829132,59.1309089660644,50,25.7298774719238,35.0,37.0,75.5,110.9,35,140,186.0,33.4767951965332,136.0,4.06251551863255,150.163040161132,151.0,184,180.739837646484,186.5,492,189.932250976562,194.0,620,188.95816040039,191.0,1004,183.004745483398,184.0,1264,181.90461730957,182.5,1646,176.79214477539,181.0,1934,177.02978515625,181.0,2316,176.94546508789,179.0,2677,175.175155639648,176.0,2495,25.4999999999999,0.25
692181_R3522984_SWAN,692181_R3522984_SWAN_0000.nii.gz,692181_R3522984_SWAN.nii.gz,2,131,0.312500119209289,0.312500119209289,0.799988567829132,46.8244285583496,45,16.5932388305664,22.5,32.5,58.0,77.0,18,86,152.0,28.4583435058593,107.0,3.75988152571035,95.6299972534179,94.0,100,120.349998474121,121.0,340,143.341262817382,143.5,378,150.104064941406,151.0,788,156.481521606445,155.0,974,158.661956787109,156.5,1272,159.072204589843,160.0,1648,163.040863037109,161.0,1860,161.313430786132,161.0,2077,160.850677490234,160.0,1922,38.7,0.75
692181_R3522984_SWAN,692181_R3522984_SWAN_0000.nii.gz,692181_R3522984_SWAN.nii.gz,3,239,0.312500119209289,0.312500119209289,0.799988567829132,61.0878677368164,52,19.8381690979003,43.0,45.0,75.0,102.199999999999,42,118,186.0,12.9625930786132,134.0,10.3374378249274,148.360290527343,151.0,136,181.119918823242,183.0,492,186.633605957031,187.0,494,186.452377319335,186.0,1008,185.497573852539,186.0,1236,186.755752563476,187.0,1478,186.515716552734,186.0,1972,186.268249511718,186.0,2192,187.500396728515,188.0,2484,188.304336547851,189.0,2402,21.8,0.25
692181_R3522984_SWAN,692181_R3522984_SWAN_0000.nii.gz,692181_R3522984_SWAN.nii.gz,4,127,0.312500119209289,0.312500119209289,0.799988567829132,71.4094467163086,73,24.2442798614501,27.3,55.0,90.5,106.0,17,132,184.0,21.0771598815917,111.0,5.26636418870382,125.75,124.0,100,164.217254638671,166.0,336,177.240188598632,179.5,408,183.934783935546,186.0,782,182.260116577148,184.0,988,181.753112792968,183.0,1284,181.305313110351,184.0,1654,180.670532226562,184.0,1894,181.059600830078,184.0,2181,180.686767578125,184.0,2040,39.9,0.75
692181_R3522984_SWAN,692181_R3522984_SWAN_0000.nii.gz,692181_R3522984_SWAN.nii.gz,5,251,0.312500119209289,0.312500119209289,0.799988567829132,31.4501991271972,27,26.7340545654296,2.0,6.0,54.5,79.5,1,101,175.0,28.9906883239746,148.0,5.10508748002397,129.579544067382,132.0,176,172.894271850585,174.0,454,179.81948852539,180.0,554,174.89582824707,176.5,960,170.858993530273,174.0,1156,173.388076782226,175.0,1559,174.317504882812,175.0,1896,176.615310668945,177.0,2168,173.581192016601,176.0,2328,171.401214599609,173.0,2146,27.8999999999999,0.25
736580_R3522561_SWAN,736580_R3522561_SWAN_0000.nii.gz,736580_R3522561_SWAN.nii.gz,1,153,0.468799918889999,0.468800008296966,0.9999920129776,92.712417602539,88,21.0342636108398,64.0,75.0,109.0,129.4,61,149,194.0,33.6624641418457,106.0,3.14890792169405,147.297302246093,148.0,74,157.517044067382,164.5,176,183.322921752929,187.0,288,183.125717163085,191.0,350,190.043380737304,197.5,438,188.53367614746,198.0,594,195.832489013671,201.0,788,195.679580688476,200.0,852,194.358184814453,198.0,1100,190.217086791992,194.0,1124,30.3,0.25
736580_R3522561_SWAN,736580_R3522561_SWAN_0000.nii.gz,736580_R3522561_SWAN.nii.gz,2,151,0.468799918889999,0.468800008296966,0.9999920129776,30.238410949707,26,18.6194763183593,8.0,14.0,43.0,67.5,5,78,119.0,30.6876239776611,93.0,3.03053765477896,70.7954559326171,72.0,88,89.0608139038086,87.5,148,104.674285888671,109.5,350,111.031059265136,119.0,322,112.283332824707,120.0,480,114.443298339843,122.0,582,115.25560760498,120.0,802,117.814216613769,122.0,872,117.438171386718,121.0,1116,118.597412109375,123.0,1160,32.5999999999999,0.75
736580_R3522561_SWAN,736580_R3522561_SWAN_0000.nii.gz,736580_R3522561_SWAN.nii.gz,3,129,0.468799918889999,0.468800008296966,0.9999920129776,67.248062133789,69,22.8361301422119,31.4,48.0,86.0,101.6,22,107,187.0,22.8911056518554,118.0,5.15484056535448,125.711112976074,124.0,90,155.260559082031,155.0,142,175.038711547851,179.0,310,184.924240112304,188.0,330,186.221466064453,190.0,438,185.9013671875,190.0,588,185.554153442382,189.0,794,185.463180541992,190.0,842,185.71076965332,191.0,1096,185.828262329101,192.0,1118,43.1999999999999,0.75
736580_R3522561_SWAN,736580_R3522561_SWAN_0000.nii.gz,736580_R3522561_SWAN.nii.gz,4,87,0.468799918889999,0.468800008296966,0.9999920129776,44.3563232421875,46,14.4603929519653,17.3,33.5,55.5,63.0,11,71,112.0,14.1152477264404,66.0,4.67579466397674,75.8793106079101,75.5,58,93.9827575683593,94.0,116,106.811401367187,106.0,228,111.14444732666,112.5,270,113.819671630859,114.0,366,113.438491821289,113.0,504,113.4663772583,113.0,684,113.574378967285,113.0,726,113.383438110351,112.5,978,113.296905517578,112.0,970,24.5999999999999,0.75
736580_R3522561_SWAN,736580_R3522561_SWAN_0000.nii.gz,736580_R3522561_SWAN.nii.gz,5,41,0.468799918889999,0.468800008296966,0.9999920129776,38.3414649963378,38,21.5967578887939,8.0,18.0,58.0,70.0,3,79,163.0,38.1596298217773,125.0,3.27571311838731,78.1750030517578,78.5,40,111.875,112.0,80,138.195449829101,148.5,220,148.467590332031,163.5,216,153.632186889648,167.0,348,151.504837036132,166.0,414,153.906936645507,166.0,634,153.177612304687,163.0,670,154.26528930664,161.0,916,154.746200561523,163.0,922,58.2999999999999,0.75
771501_R3514822_SWAN,771501_R3514822_SWAN_0000.nii.gz,771501_R3514822_SWAN.nii.gz,1,99,0.468799978494644,0.468800097703933,1.00005459785461,38.232322692871,37,18.9074459075927,8.9,20.0,54.0,67.1999999999999,5,74,123.0,30.0377388000488,86.0,2.86306504535754,90.6166687011718,90.5,60,112.805557250976,115.0,72,116.990325927734,122.0,310,119.310348510742,128.0,232,118.364250183105,124.0,442,110.905174255371,120.5,464,108.32901763916,116.0,772,104.48143005371,112.5,700,99.3280639648437,101.0,1076,100.966529846191,106.0,956,23.9,0.25
771501_R3514822_SWAN,771501_R3514822_SWAN_0000.nii.gz,771501_R3514822_SWAN.nii.gz,2,57,0.468799978494644,0.468800097703933,1.00005459785461,10.9122810363769,10,9.49474620819091,0.0,2.0,17.0,29.7999999999999,0,38,36.5,26.1948852539062,26.5,1.01164787488611,29.5869560241699,26.0,46,37.1724128723144,33.5,58,43.6444435119628,36.0,270,43.8194427490234,36.0,216,45.6209678649902,37.0,372,44.530517578125,36.0,426,46.7532844543457,39.0,685,45.6027603149414,40.0,652,46.7640800476074,39.0,941,45.6475868225097,39.0,891,6.5,0.25
771501_R3514822_SWAN,771501_R3514822_SWAN_0000.nii.gz,771501_R3514822_SWAN.nii.gz,3,229,0.468799978494644,0.468800097703933,1.00005459785461,23.2314414978027,18,11.1775531768798,14.0,15.0,28.0,47.0,12,60,89.0,14.3653163909912,71.0,4.94245988515265,72.7604141235351,73.0,96,89.2777786254882,87.5,108,91.871597290039,90.0,514,93.1459655761718,90.0,322,90.9520950317382,89.0,668,92.25,89.0,592,89.3206329345703,87.0,1076,88.1889419555664,86.0,868,85.3818206787109,84.0,1430,79.7867736816406,79.0,1149,10.6999999999999,0.25
771501_R3514822_SWAN,771501_R3514822_SWAN_0000.nii.gz,771501_R3514822_SWAN.nii.gz,4,201,0.468799978494644,0.468800097703933,1.00005459785461,13.7661695480346,8,14.0337209701538,0.0,3.0,21.0,44.0,0,56,76.0,35.5357666015625,68.0,1.91356502203641,35.1075286865234,33.0,93,44.6428565979003,45.0,112,66.3067016601562,69.0,388,62.6095237731933,60.0,315,75.2007980346679,85.0,503,69.6074752807617,75.0,535,75.3603515625,83.0,802,71.7229995727539,82.0,787,75.6029663085937,85.0,1146,74.345474243164,83.0,1071,20.9999999999999,0.75
771501_R3514822_SWAN,771501_R3514822_SWAN_0000.nii.gz,771501_R3514822_SWAN.nii.gz,5,89,0.468799978494644,0.468800097703933,1.00005459785461,20.7752799987792,17,17.380573272705,0.0,6.0,30.0,53.5999999999999,0,64,81.0,50.0191535949707,64.0,1.27950985572924,49.1020393371582,54.0,49,66.7288131713867,70.0,59,72.038459777832,81.0,286,76.6785736083984,86.0,196,76.5118713378906,85.0,379,75.8056335449218,75.0,355,75.4899291992187,75.0,596,75.8818359375,72.0,567,77.6079406738281,76.0,806,88.2156600952148,85.0,677,21.4,0.25
832500_R3503009_SWAN,832500_R3503009_SWAN_0000.nii.gz,832500_R3503009_SWAN.nii.gz,1,305,0.468800723552703,0.46880230307579,1.00001037120819,98.5442657470703,94,28.6485576629638,62.0,70.0,124.0,144.8,60,155,234.0,15.1608295440673,140.0,9.23432320065782,175.343276977539,174.0,134,209.038955688476,210.0,154,229.636032104492,232.0,544,233.153060913085,235.0,392,234.76887512207,237.0,662,229.646530151367,232.0,662,228.461318969726,229.0,1060,224.756652832031,225.0,978,225.131210327148,227.0,1410,222.039367675781,225.0,1270,40.9999999999999,0.25
832500_R3503009_SWAN,832500_R3503009_SWAN_0000.nii.gz,832500_R3503009_SWAN.nii.gz,2,457,0.468800723552703,0.46880230307579,1.00001037120819,87.4726486206054,81,21.5972633361816,58.0,71.0,102.0,129.0,46,148,178.0,60.629955291748,97.0,1.5998692318548,124.643615722656,138.0,188,136.819442749023,158.5,216,147.304779052734,171.0,607,153.267517089843,176.0,471,164.410873413085,183.5,662,162.105926513671,183.0,708,169.567794799804,189.0,944,171.926010131835,192.0,892,176.783248901367,195.0,1218,181.255142211914,199.0,1070,25.2999999999999,0.25
832500_R3503009_SWAN,832500_R3503009_SWAN_0000.nii.gz,832500_R3503009_SWAN.nii.gz,3,201,0.468800723552703,0.46880230307579,1.00001037120819,78.592041015625,77,29.9786434173584,39.0,53.0,109.0,127.0,33,136,232.0,14.8048334121704,155.0,10.4695538061631,153.86734008789,154.0,98,188.644073486328,192.5,118,215.679046630859,219.0,458,231.985458374023,232.0,344,232.031921386718,233.0,564,234.968444824218,236.0,602,233.928085327148,234.0,890,236.156799316406,236.5,912,235.284774780273,236.0,1208,236.010650634765,238.0,1220,52.1,0.75
832500_R3503009_SWAN,832500_R3503009_SWAN_0000.nii.gz,832500_R3503009_SWAN.nii.gz,4,127,0.468800723552703,0.46880230307579,1.00001037120819,79.8110198974609,69,27.914306640625,52.0,56.0,101.5,132.7,52,144,210.0,37.5002479553222,141.0,3.75997513851074,184.699996948242,184.0,70,205.134140014648,211.0,82,207.606735229492,215.0,356,194.950378417968,210.0,262,200.01626586914,214.0,492,187.294113159179,197.0,510,182.240570068359,191.0,848,170.190536499023,176.0,719,175.430282592773,179.0,1083,173.395904541015,173.0,879,16.3999999999999,0.25
832500_R3503009_SWAN,832500_R3503009_SWAN_0000.nii.gz,832500_R3503009_SWAN.nii.gz,5,79,0.468800723552703,0.46880230307579,1.00001037120819,114.265823364257,111,16.7700061798095,87.0,101.0,130.5,138.0,85,140,217.0,31.4740676879882,106.0,3.36785194245654,167.884613037109,166.5,52,196.171875,200.0,64,204.887222290039,216.0,266,208.178573608398,220.0,224,204.751281738281,218.0,390,202.809097290039,214.0,440,200.910369873046,210.0,714,194.0,206.0,664,195.718688964843,210.0,1006,187.900436401367,200.5,904,35.3,0.25
859226_R3519396_SWAN,859226_R3519396_SWAN_0000.nii.gz,859226_R3519396_SWAN.nii.gz,1,21,0.468800008296966,0.468799829483032,1.0,103.238098144531,97,26.2350273132324,73.0,79.0,128.0,145.0,70,156,217.0,20.1446208953857,120.0,5.95692520713987,184.9375,189.0,16,204.709671020507,204.0,62,223.297302246093,222.0,148,221.68391418457,217.0,174,219.974258422851,217.5,272,217.634735107421,214.0,334,210.697082519531,210.0,548,205.709671020507,208.0,558,195.162628173828,203.0,824,186.235443115234,199.0,790,20.3999999999999,0.25
859226_R3519396_SWAN,859226_R3519396_SWAN_0000.nii.gz,859226_R3519396_SWAN.nii.gz,2,247,0.468800008296966,0.468799829483032,1.0,57.6882591247558,53,28.8194847106933,21.0,31.5,81.0,106.699999999999,18,121,201.0,36.9090499877929,148.0,4.00985666249736,128.850875854492,133.0,114,161.81428527832,165.5,210,186.058959960937,192.0,424,192.641418457031,201.0,396,195.22395324707,202.0,576,192.220062255859,205.0,668,193.050598144531,204.0,929,189.167022705078,205.0,952,187.697570800781,205.0,1273,184.54263305664,205.0,1255,46.0999999999999,0.25
859226_R3519396_SWAN,859226_R3519396_SWAN_0000.nii.gz,859226_R3519396_SWAN.nii.gz,3,27,0.468800008296966,0.468799829483032,1.0,85.2962951660156,81,16.9614276885986,65.3,74.0,91.0,117.5,61,127,176.0,31.1502494812011,95.0,3.04973480412513,111.125,106.5,32,131.326919555664,134.0,52,150.48924255371,161.0,186,164.876342773437,172.0,186,173.949645996093,176.0,278,178.825271606445,185.0,372,183.104614257812,189.0,564,185.668319702148,192.0,606,188.285720825195,192.0,812,190.238662719726,194.0,838,44.7,0.75
859226_R3519396_SWAN,859226_R3519396_SWAN_0000.nii.gz,859226_R3519396_SWAN.nii.gz,4,79,0.468800008296966,0.468799829483032,1.0,65.5189895629882,61,24.663230895996,33.0,46.5,87.5,107.1,30,120,212.0,61.2426834106445,151.0,2.4656006495913,143.807693481445,148.0,52,181.707550048828,192.5,106,187.973220825195,205.0,224,191.567672729492,206.0,266,190.078033447265,209.5,346,196.538131713867,220.0,459,201.658416748046,224.0,606,209.576919555664,234.0,598,207.6591796875,235.0,801,214.274932861328,240.0,742,37.2999999999999,0.25
859226_R3519396_SWAN,859226_R3519396_SWAN_0000.nii.gz,859226_R3519396_SWAN.nii.gz,5,221,0.468800008296966,0.468799829483032,1.0,40.0271492004394,32,29.7505340576171,0.0,20.0,56.0,96.0,0,119,180.0,68.4816360473632,148.0,2.16116332118058,109.647727966308,118.0,88,139.0,163.0,166,148.269882202148,177.0,352,143.661071777343,169.0,357,151.256759643554,181.0,518,157.904525756835,183.0,618,161.168029785156,186.0,857,162.911697387695,184.0,906,161.8994140625,183.0,1183,162.192504882812,183.0,1200,33.4,0.25
881378_R3511767_SWAN,881378_R3511767_SWAN_0000.nii.gz,881378_R3511767_SWAN.nii.gz,1,105,0.468799889087677,0.468799948692321,1.40000593662261,19.0952377319335,13,15.8976030349731,5.0,7.0,28.0,53.1999999999999,4,79,117.0,46.6041145324707,104.0,2.23156262152646,76.8499984741211,78.5,60,101.5,95.5,72,110.635963439941,111.0,228,113.454200744628,112.5,262,112.753845214843,104.0,260,117.418746948242,126.0,480,115.600410461425,126.0,488,114.957565307617,126.0,542,119.79483795166,125.0,814,119.201187133789,132.0,840,23.4999999999999,0.25
881378_R3511767_SWAN,881378_R3511767_SWAN_0000.nii.gz,881378_R3511767_SWAN.nii.gz,2,43,0.468799889087677,0.468799948692321,1.40000593662261,50.9302330017089,54,13.1208963394165,27.0,44.5,59.0,67.0,18,75,124.0,14.3422775268554,70.0,4.88067532293439,83.3333358764648,82.5,42,106.870368957519,107.5,54,119.339744567871,120.0,156,126.118553161621,125.0,194,126.626258850097,127.0,198,122.790054321289,124.0,362,120.430618286132,123.0,418,117.410316467285,121.0,446,119.923515319824,122.0,706,118.898628234863,121.5,730,28.0,0.75
881378_R3511767_SWAN,881378_R3511767_SWAN_0000.nii.gz,881378_R3511767_SWAN.nii.gz,3,41,0.468799889087677,0.468799948692321,1.40000593662261,77.0975646972656,78,21.0791816711425,47.0,61.0,93.0,107.0,45,118,188.0,15.6469011306762,110.0,7.03014603858788,132.571426391601,132.5,42,168.33332824707,169.5,54,181.986663818359,184.0,150,184.791259765625,188.0,206,184.726409912109,189.0,212,183.497161865234,189.0,352,182.992858886718,190.0,420,182.850433349609,190.0,468,180.167160034179,187.0,682,179.357543945312,188.0,716,36.1999999999999,0.75
881378_R3511767_SWAN,881378_R3511767_SWAN_0000.nii.gz,881378_R3511767_SWAN.nii.gz,4,41,0.468799889087677,0.468799948692321,1.40000593662261,100.34146118164,93,26.108226776123,68.0,79.0,121.0,145.0,66,148,255.0,15.0041751861572,162.0,10.7969947024785,190.33332824707,189.0,24,234.071426391601,233.5,28,232.054946899414,247.0,182,250.989471435546,254.0,190,253.339279174804,255.0,168,254.379806518554,255.0,416,251.595474243164,255.0,398,245.200500488281,255.0,399,246.626205444335,255.0,725,244.938934326171,255.0,655,41.6999999999999,0.25
881378_R3511767_SWAN,881378_R3511767_SWAN_0000.nii.gz,881378_R3511767_SWAN.nii.gz,5,41,0.468799889087677,0.468799948692321,1.40000593662261,38.9024391174316,26,25.7225379943847,15.0,20.0,56.0,89.0,11,106,153.0,69.4121475219726,127.0,1.82965092615521,102.199996948242,102.0,30,131.571426391601,128.5,42,136.701293945312,150.0,154,149.841125488281,159.5,214,132.685714721679,143.0,210,134.896194458007,152.0,289,134.218002319335,144.0,422,130.997512817382,136.0,401,138.133071899414,143.0,511,136.422805786132,141.0,570,38.7999999999999,0.25
926960_R3511608_SWAN,926960_R3511608_SWAN_0000.nii.gz,926960_R3511608_SWAN.nii.gz,1,59,0.468800246715545,0.4688001871109,1.40002965927124,32.7966117858886,33,12.6729125976562,15.0,21.5,43.0,51.1999999999999,14,61,94.0,29.9660263061523,61.0,2.0356386054255,65.6136398315429,65.5,44,81.5,84.0,56,84.5662612915039,94.0,166,87.0087738037109,94.0,228,89.6147537231445,97.0,244,78.7871780395507,91.0,390,82.4470596313476,96.0,425,85.6453628540039,99.0,485,80.4328155517578,94.5,640,85.8795547485351,100.0,714,19.1,0.25
926960_R3511608_SWAN,926960_R3511608_SWAN_0000.nii.gz,926960_R3511608_SWAN.nii.gz,2,87,0.468800246715545,0.4688001871109,1.40002965927124,82.2298812866211,85,19.7348518371582,47.0,68.0,100.0,109.0,43,112,175.0,16.1196231842041,90.0,5.58325706324156,127.214286804199,127.0,56,149.235290527343,149.5,68,166.831771850585,169.0,214,170.848480224609,174.0,264,171.115081787109,176.0,252,172.40950012207,177.0,442,168.877014160156,174.0,496,165.437255859375,172.0,526,162.11538696289,168.0,806,155.541763305664,163.0,814,32.0999999999999,0.75
926960_R3511608_SWAN,926960_R3511608_SWAN_0000.nii.gz,926960_R3511608_SWAN.nii.gz,3,19,0.468800246715545,0.4688001871109,1.40002965927124,111.052635192871,116,17.2091598510742,89.8,92.5,127.0,132.2,79,134,213.0,14.6936235427856,97.0,6.60150300690299,168.625,167.5,16,199.149993896484,199.5,20,205.481811523437,207.0,110,214.256942749023,214.0,144,217.588241577148,215.5,136,215.734893798828,213.0,298,217.265243530273,217.5,328,217.095932006835,215.0,344,214.532196044921,215.0,590,212.067428588867,212.0,608,29.3999999999999,0.25
926960_R3511608_SWAN,926960_R3511608_SWAN_0000.nii.gz,926960_R3511608_SWAN.nii.gz,4,69,0.468800246715545,0.4688001871109,1.40002965927124,23.4927539825439,8,28.0184326171875,1.0,2.0,43.0,79.9999999999999,1,106,165.0,73.894287109375,157.0,2.12465680557436,95.4166641235351,86.5,48,121.25,111.0,60,140.941177368164,145.0,187,150.646423339843,162.0,280,150.007751464843,169.0,258,164.862503051757,177.5,400,161.027893066406,167.0,502,156.05615234375,155.5,552,164.468612670898,173.0,717,165.96629333496,178.0,801,52.1,0.25
926960_R3511608_SWAN,926960_R3511608_SWAN_0000.nii.gz,926960_R3511608_SWAN.nii.gz,5,109,0.468800246715545,0.4688001871109,1.40002965927124,70.3486251831054,71,26.4534835815429,31.0,49.0,89.0,113.6,29,126,212.0,25.6752777099609,141.0,5.49166406660902,144.387100219726,147.0,62,184.202697753906,184.0,74,198.038131713867,206.0,236,209.347015380859,213.0,268,211.414733886718,214.0,258,207.491668701171,211.0,480,211.865859985351,216.0,492,212.807830810546,217.0,536,212.330184936523,217.0,848,210.996475219726,217.0,850,44.0,0.25
94441_R3517721_SWAN,94441_R3517721_SWAN_0000.nii.gz,94441_R3517721_SWAN.nii.gz,1,163,0.468800157308578,0.468799799680709,1.39999258518219,39.5276069641113,32,24.9483661651611,9.2,17.0,65.0,81.9,8,92,176.0,20.06001663208,144.0,7.17845865440183,121.355262756347,124.0,76,156.840911865234,158.0,88,157.405227661132,164.0,306,173.857635498046,177.0,288,176.064743041992,179.0,278,174.564239501953,181.0,576,176.672729492187,182.0,550,176.935012817382,181.5,554,175.815460205078,179.0,970,176.086853027343,177.0,898,33.0,0.25
94441_R3517721_SWAN,94441_R3517721_SWAN_0000.nii.gz,94441_R3517721_SWAN.nii.gz,2,41,0.468800157308578,0.468799799680709,1.39999258518219,106.634147644042,106,18.9643516540527,80.0,90.0,125.0,137.0,75,138,197.0,12.563889503479,91.0,7.24297996848839,145.852935791015,144.0,34,163.326080322265,162.0,46,181.975006103515,183.5,160,194.404541015625,195.0,220,198.008544921875,199.0,234,200.534942626953,201.0,372,199.923248291015,202.0,456,199.809616088867,201.0,478,201.247741699218,201.0,666,200.430053710937,203.0,772,34.9,0.75
94441_R3517721_SWAN,94441_R3517721_SWAN_0000.nii.gz,94441_R3517721_SWAN.nii.gz,3,23,0.468800157308578,0.468799799680709,1.39999258518219,29.3913040161132,31,8.61111164093017,18.0,21.5,34.5,41.0,13,45,75.0,26.2940158843994,44.0,1.67338455234241,51.5555572509765,52.0,18,62.5,63.0,22,65.3032760620117,64.0,122,77.4324340820312,73.0,148,88.9565200805664,76.0,138,88.6570510864257,78.0,312,97.8869018554687,81.0,336,103.286933898925,82.0,352,97.3951644897461,82.0,620,103.200660705566,84.0,608,12.8,0.75
94441_R3517721_SWAN,94441_R3517721_SWAN_0000.nii.gz,94441_R3517721_SWAN.nii.gz,4,19,0.468800157308578,0.468799799680709,1.39999258518219,54.8947372436523,51,23.4001674652099,27.5,37.0,69.0,95.8999999999999,23,104,157.0,35.5171508789062,106.0,2.98447362406407,114.0625,107.0,16,145.550003051757,135.0,20,152.956146240234,144.0,114,163.533340454101,158.5,150,168.298614501953,164.5,144,167.050628662109,161.0,316,170.114028930664,167.0,342,171.725433349609,176.0,346,175.418334960937,183.0,600,177.977920532226,187.0,634,32.6999999999999,0.25
94441_R3517721_SWAN,94441_R3517721_SWAN_0000.nii.gz,94441_R3517721_SWAN.nii.gz,5,143,0.468800157308578,0.468799799680709,1.39999258518219,74.881118774414,68,14.2468194961547,62.0,63.0,84.5,102.0,62,112,197.0,21.101219177246,129.0,6.11339083853048,149.485290527343,153.0,68,175.787506103515,178.0,80,188.748123168945,192.0,266,190.574996948242,194.0,280,190.726028442382,192.5,292,198.026412963867,204.0,530,197.025390625,202.0,512,196.414855957031,199.0,552,200.538467407226,206.0,910,201.845977783203,205.0,896,27.3999999999999,0.25
967030_R3516711_SWAN,967030_R3516711_SWAN_0000.nii.gz,967030_R3516711_SWAN.nii.gz,1,99,0.468800008296966,0.468800276517868,1.00002920627594,101.474746704101,99,19.4652462005615,71.0,87.0,116.0,135.1,70,146,200.0,25.8874206542968,101.0,3.90150881962184,150.3125,151.0,64,177.723678588867,183.0,76,192.397583007812,197.0,332,198.841262817382,202.0,252,194.086288452148,201.0,452,195.473022460937,201.0,482,193.779602050781,202.0,794,194.718154907226,201.0,738,192.10090637207,200.0,1100,190.795364379882,198.0,992,33.3999999999999,0.25
967030_R3516711_SWAN,967030_R3516711_SWAN_0000.nii.gz,967030_R3516711_SWAN.nii.gz,2,39,0.468800008296966,0.468800276517868,1.00002920627594,94.7948684692382,100,16.5671596527099,64.0,91.0,105.5,113.4,52,117,178.0,22.9203796386718,78.0,3.40308499377542,132.375,132.0,40,156.038467407226,154.0,52,170.716491699218,169.0,194,175.15217590332,174.0,184,178.936309814453,180.0,314,183.376281738281,190.0,388,190.181823730468,196.0,594,197.215454101562,202.5,608,201.143356323242,210.0,858,206.68928527832,215.0,840,28.1999999999999,0.75
967030_R3516711_SWAN,967030_R3516711_SWAN_0000.nii.gz,967030_R3516711_SWAN.nii.gz,3,15,0.468800008296966,0.468800276517868,1.00002920627594,85.0,83,20.5101604461669,63.8,71.0,92.0,126.899999999999,61,136,220.0,29.5548915863037,137.0,4.63544248165973,154.785720825195,148.0,14,196.222229003906,206.0,18,203.623458862304,207.0,162,219.957626342773,226.0,118,213.328567504882,216.0,280,222.117645263671,227.5,272,214.863632202148,218.0,528,217.753036499023,222.0,494,210.704833984375,219.0,786,212.753448486328,219.0,726,46.9999999999999,0.75
967030_R3516711_SWAN,967030_R3516711_SWAN_0000.nii.gz,967030_R3516711_SWAN.nii.gz,4,37,0.468800008296966,0.468800276517868,1.00002920627594,45.2702713012695,51,15.526174545288,18.0,41.0,55.0,65.3999999999999,8,72,143.0,27.2996406555175,92.0,3.37000772870633,79.2222213745117,79.0,36,103.041664123535,101.0,48,131.004806518554,127.0,208,145.218078613281,141.0,188,155.648025512695,148.0,304,153.481674194335,147.0,382,153.519134521484,150.0,601,149.106903076171,149.0,580,151.941482543945,149.0,786,151.537292480468,147.0,724,42.3999999999999,0.75
967030_R3516711_SWAN,967030_R3516711_SWAN_0000.nii.gz,967030_R3516711_SWAN.nii.gz,5,173,0.468800008296966,0.468800276517868,1.00002920627594,88.0867080688476,81,19.2668647766113,66.6,73.0,99.0,129.4,64,149,180.0,44.9037780761718,99.0,2.20471426328677,139.363632202148,148.0,88,161.720001220703,177.0,100,164.041671752929,178.0,432,168.364959716796,183.5,274,171.085006713867,181.0,600,171.257141113281,181.5,560,178.185653686523,186.0,948,179.444854736328,189.0,816,177.042572021484,181.0,1292,178.546279907226,183.0,1102,21.4999999999999,0.25
986132_R3491085_SWAN,986132_R3491085_SWAN_0000.nii.gz,986132_R3491085_SWAN.nii.gz,1,197,0.468799799680709,0.468799829483032,1.3999764919281,24.4162445068359,13,24.3435516357421,2.0,3.0,48.0,71.3999999999999,2,87,149.0,21.113618850708,136.0,6.44134011140584,110.288459777832,109.5,104,139.427413940429,144.0,124,147.946105957031,150.0,334,148.535903930664,150.0,390,147.755325317382,150.0,376,146.373718261718,148.0,586,144.47801208496,147.0,682,143.656951904296,147.0,720,143.003036499023,148.0,988,140.86831665039,148.0,1048,25.5,0.25
986132_R3491085_SWAN,986132_R3491085_SWAN_0000.nii.gz,986132_R3491085_SWAN.nii.gz,2,69,0.468799799680709,0.468799829483032,1.3999764919281,45.4347839355468,45,16.2770195007324,17.4,36.0,59.0,69.6,14,79,116.0,35.402976989746,71.0,2.00548106506873,82.5999984741211,84.5,50,103.032257080078,108.0,62,113.132980346679,117.0,188,114.644065856933,120.5,236,116.409484863281,119.5,232,112.193237304687,110.0,414,112.718063354492,109.5,454,113.556228637695,110.5,498,114.466575622558,115.0,748,118.820610046386,121.5,786,23.3999999999999,0.25
986132_R3491085_SWAN,986132_R3491085_SWAN_0000.nii.gz,986132_R3491085_SWAN.nii.gz,3,177,0.468799799680709,0.468799829483032,1.3999764919281,27.5706214904785,15,23.6274490356445,8.0,10.0,39.0,78.3999999999999,8,94,168.0,18.6537208557128,153.0,8.20211694939898,125.317070007324,121.5,82,158.106384277343,162.0,94,164.68943786621,168.0,322,162.938278198242,168.0,324,162.427154541015,169.0,302,163.496688842773,168.0,604,161.887924194335,166.0,580,161.054046630859,166.0,592,160.51953125,165.0,1024,159.425689697265,163.0,942,29.0999999999999,0.25
986132_R3491085_SWAN,986132_R3491085_SWAN_0000.nii.gz,986132_R3491085_SWAN.nii.gz,4,139,0.468799799680709,0.468799829483032,1.3999764919281,104.057556152343,101,18.6766395568847,75.0,90.0,117.0,135.0,73,148,186.0,21.2993984222412,85.0,3.99072303897754,149.319442749023,149.5,72,169.976196289062,172.0,84,181.922225952148,184.0,270,184.643890380859,189.0,278,183.25,186.5,276,182.488845825195,186.0,538,179.12075805664,182.0,530,174.357147216796,178.5,546,170.977020263671,177.0,914,169.121841430664,176.0,870,26.0999999999999,0.25
986132_R3491085_SWAN,986132_R3491085_SWAN_0000.nii.gz,986132_R3491085_SWAN.nii.gz,5,49,0.468799799680709,0.468799829483032,1.3999764919281,117.836730957031,114,20.4623546600341,88.4,101.0,136.0,147.6,84,156,206.0,26.8671588897705,92.0,3.42425488223201,161.638885498046,157.0,36,180.354171752929,179.5,48,194.417648315429,195.0,170,206.120834350585,209.0,240,206.720336914062,211.5,236,203.031433105468,209.0,350,199.353652954101,205.0,492,196.442459106445,206.0,504,192.35302734375,202.5,660,189.086608886718,200.0,762,34.2999999999999,0.75
